Datum;Uhrzeit (Plan);Zug;Zugnummer;von;nach;Verspätung (Min.);Ausfall;Bahnhof;Begründung der DB
08.10.2026;00:00;Bus EV;92947;Olpe;Finnentrop;0;nein;Finnentrop;
08.10.2026;00:00;Bus RE1;7651;Duisburg Hbf;Essen Hbf Kruppstraße/Am Thyssenhaus;;nein;Duisburg Hbf;
08.10.2026;00:00;Bus RE4;4404;Mönchengladbach Hbf;Aachen Hbf;;nein;Lindern;
08.10.2026;00:00;Bus S28;2228;Mettmann Stadtwald;Düsseldorf Hbf;0;nein;Düsseldorf-Gerresheim;
08.10.2026;00:00;Bus S28;2237;Düsseldorf Hbf;Mettmann Stadtwald;0;nein;Düsseldorf-Gerresheim;
08.10.2026;00:00;ERB RB67;79320;Münster(Westf)Hbf;Beelen;0;nein;Beelen;
08.10.2026;00:00;NX RB48;17380;Köln Hbf;Wuppertal-Oberbarmen;6;nein;Köln-Mülheim;
08.10.2026;00:00;RB24;10453;Köln Messe/Deutz;Euskirchen;4;nein;Hürth-Kalscheuren;Verspätung eines vorausfahrenden Zuges
08.10.2026;00:00;RB53;14967;Schwerte(Ruhr);Iserlohn;1;nein;Kalthof (Kr Iserlohn);Verspätung eines vorausfahrenden Zuges
08.10.2026;00:00;RE2;10238;Münster(Westf)Hbf;Essen Hbf;0;nein;Recklinghausen Süd;Verspätung eines vorausfahrenden Zuges
08.10.2026;00:00;RE2;10239;Essen Hbf;Münster(Westf)Hbf;2;nein;Herne-Wanne-Eickel Hbf;
08.10.2026;00:00;RRB S7;90157;Wuppertal Hbf;Solingen Hbf;33;nein;Solingen Grünewald;Defekt an einem Signal
08.10.2026;00:00;S1;56389;Essen Hbf;Dortmund Hbf;1;nein;Essen-Steele;
08.10.2026;00:00;S1;56390;Dortmund Hbf;Essen Hbf;2;nein;Dortmund Universität;
08.10.2026;00:00;S11;33155;Bergisch Gladbach;Neuss Hbf;5;nein;Köln-Chorweiler Nord;Defekt an der Strecke
08.10.2026;00:00;S19;32053;Köln Frankfurter Straße;Düren;3;nein;Horrem;
08.10.2026;00:00;S2;30281;Dortmund Hbf;Essen Hbf;2;nein;Essen-Kray Nord;
08.10.2026;00:00;S23;32412;Bonn Hbf;Euskirchen;1;nein;Meckenheim Industriepark;
08.10.2026;00:00;S4;31409;Unna;Dortmund-Lütgendortmund;1;nein;Dortmund-Germania;
08.10.2026;00:00;S6;31647;Kettwig;Essen Hbf;2;nein;Essen-Werden;
08.10.2026;00:00;S8;31841;Düsseldorf Hbf;Hagen Hbf;1;nein;Wuppertal-Steinbeck;
08.10.2026;00:00;VIA RB39;56636;Grevenbroich;Düsseldorf Hbf;4;nein;Düsseldorf-Bilk;
08.10.2026;00:00;VIA RB91;31370;Hagen Hbf;Lennestadt-Altenhundem;0;ja;Plettenberg;
08.10.2026;00:01;Bus EV;92949;Olpe;Finnentrop;0;nein;Olpe;
08.10.2026;00:01;Bus RB50;5041;Münster(Westf)Hbf;Dortmund Hbf;;nein;Dortmund Hbf;
08.10.2026;00:01;Bus RB50;5046;Dortmund Hbf;Münster (Westf) Hbf;0;nein;Münster (Westf) Hbf;
08.10.2026;00:01;Bus RE14;67590;Essen Hbf;Dorsten;0;nein;Bottrop Hbf;
08.10.2026;00:01;RB20;27535;Aachen Hbf;Aachen-Rothe Erde;0;nein;Aachen Hbf;
08.10.2026;00:01;RB20;30040;Eschweiler-Weisweiler;Aachen Hbf;1;nein;Aachen Hbf;
08.10.2026;00:01;RB52;14688;Hagen Hbf;Dortmund Hbf;8;nein;Herdecke;Verspätung eines vorausfahrenden Zuges
08.10.2026;00:01;RB52;14689;Dortmund Hbf;Hagen Hbf;9;nein;Herdecke;Technische Störung am Zug
08.10.2026;00:01;RE34;26093;Lennestadt-Altenhundem;Hagen Hbf;;ja;Lennestadt-Grevenbrück;Bauarbeiten, Vorfahrt eines anderen Zuges
08.10.2026;00:01;RE9;10935;Au(Sieg);Siegen Hbf;0;nein;Siegen Hbf;
08.10.2026;00:01;RRB RE10;82308;Krefeld Hbf;Kleve;0;nein;Geldern;
08.10.2026;00:01;S1;56387;Essen Hbf;Dortmund Hbf;0;nein;Dortmund-Dorstfeld Süd;
08.10.2026;00:01;S9;30976;Haltern am See;Wuppertal Hbf;51;nein;Wuppertal-Sonnborn;Unbefugte Personen auf der Strecke, Verspätung aus vorheriger Fahrt
08.10.2026;00:02;Bus RE1;930;Duisburg Hbf;Dortmund Hbf;;nein;Mülheim (Ruhr) Hbf;
08.10.2026;00:02;Bus RE10;60310;Düsseldorf Hbf;Krefeld Hbf;7;nein;Meerbusch-Osterath;
08.10.2026;00:02;ERB RB59;90352;Unna;Dortmund Hbf;2;nein;Dortmund Hbf;Verspätung aus vorheriger Fahrt
08.10.2026;00:02;ICE 512;512;München Hbf;Münster (Westf) Hbf;25;nein;Münster (Westf) Hbf;Defekt an einem Signal
08.10.2026;00:02;NX RB48;17381;Wuppertal-Oberbarmen;Köln Hbf;0;nein;Köln Messe/Deutz;
08.10.2026;00:02;NX RE6;89741;Köln/Bonn Flughafen;Dortmund Hbf;24;nein;Dortmund Hbf;Verspätete Bereitstellung, Verspätung aus vorheriger Fahrt
08.10.2026;00:02;RE9;91522;Köln Messe/Deutz;Aachen Hbf;1;nein;Horrem;
08.10.2026;00:02;S1;31192;Düsseldorf Hbf;Solingen Hbf;1;nein;Düsseldorf-Eller Mitte;
08.10.2026;00:02;S11;33153;Bergisch Gladbach;Neuss Hbf;3;nein;Neuss Hbf;
08.10.2026;00:02;S4;31411;Unna;Dortmund-Lütgendortmund;1;nein;Dortmund-Brackel;
08.10.2026;00:02;S8;29096;Neuss Hbf;Mönchengladbach Hbf;1;nein;Mönchengladbach-Lürrip;
08.10.2026;00:02;S8;63355;Mönchengladbach Hbf;Neuss Hbf;2;nein;Kleinenbroich;
08.10.2026;00:03;Bus RB66;6672;Münster (Westf) Hbf;Osnabrück Hbf;;nein;Münster (Westf) Hbf;
08.10.2026;00:03;Bus RE4;4400;Rheydt Hbf;Aachen Hbf;;nein;Rheydt Hbf;
08.10.2026;00:03;ERB RB89;90041;Münster(Westf)Hbf;Paderborn Hbf;0;nein;Paderborn Hbf;Verspätung eines vorausfahrenden Zuges, Vorfahrt eines anderen Zuges
08.10.2026;00:03;IC 2347;2347;Stuttgart Hbf;Dortmund Hbf;42;nein;Hagen Hbf;Technische Störung am Zug, Defekt an der Strecke, Verspätung eines vorausfahrenden Zuges
08.10.2026;00:03;NX RE4;26440;Dortmund Hbf;Düsseldorf Hbf;1;nein;Wuppertal-Vohwinkel;
08.10.2026;00:03;RB54;14875;Fröndenberg;Menden(Sauerland);0;nein;Fröndenberg;
08.10.2026;00:03;RE8;10841;Rommerskirchen;Köln Messe/Deutz;1;nein;Köln Hbf;
08.10.2026;00:03;S6;31648;Essen Hbf;Kettwig;1;nein;Kettwig;
08.10.2026;00:03;VIA RB46;31487;Gelsenkirchen Hbf;Bochum Hbf;1;nein;Bochum-Hamme;
08.10.2026;00:03;VIA RE16;31395;Iserlohn;Hagen Hbf;2;nein;Iserlohn-Letmathe;
08.10.2026;00:03;WFB RE60;95791;Rheine;Minden (Westf);1;nein;Porta Westfalica;
08.10.2026;00:04;Bus RB50;5045;Münster(Westf)Hbf;Dortmund Hbf;;nein;Münster-Amelsbüren;
08.10.2026;00:04;Bus RB65;6578;Münster(Westf)Hbf;Rheine;0;nein;Rheine-Mesum;
08.10.2026;00:04;Bus RE1;928;Duisburg Hbf;Dortmund Hbf;;nein;Wattenscheid;
08.10.2026;00:04;NX RE1;26836;Hamm(Westf)Hbf;Aachen Hbf;38;nein;Aachen-Rothe Erde;
08.10.2026;00:04;RB24;10450;Kall;Köln Messe/Deutz;5;nein;Köln Süd;
08.10.2026;00:04;RTB RB21;90764;Linnich Bhf;Düren;0;nein;Düren;
08.10.2026;00:04;S11;33154;Neuss Hbf;Bergisch Gladbach;2;nein;Duckterath;
08.10.2026;00:04;S19;32055;Köln Frankfurter Straße;Sindorf;5;nein;Köln Trimbornstr;
08.10.2026;00:04;S5;31582;Dortmund Hbf;Hagen Hbf;1;nein;Hagen Hbf;
08.10.2026;00:05;Bus RB50;5050;Dortmund Hbf;Münster(Westf)Hbf;;nein;Dortmund-Derne;
08.10.2026;00:05;Bus RE7;7304;Neuss Hbf;Krefeld Hbf;;nein;Meerbusch-Osterath;
08.10.2026;00:05;HLB RE99;15122;Frankfurt(Main)Hbf;Siegen Hbf;13;nein;Siegen Hbf;
08.10.2026;00:05;NWB RB74;75087;Bielefeld Hbf;Paderborn Hbf;3;nein;Schloß Holte;
08.10.2026;00:05;RB38;10288;Köln Messe/Deutz;Bedburg (Erft);11;nein;Glesch;Verspätung eines vorausfahrenden Zuges
08.10.2026;00:05;S1;56388;Dortmund Hbf;Essen Hbf;3;nein;Essen Hbf;
08.10.2026;00:05;S23;32413;Euskirchen;Bonn Hbf;2;nein;Alfter-Witterschlick;
08.10.2026;00:05;VIA RB46;31486;Bochum Hbf;Gelsenkirchen Hbf;1;nein;Herne-Wanne-Eickel Hbf;
08.10.2026;00:06;Bus RB31;62040;Moers;Xanten;0;nein;Millingen;
08.10.2026;00:06;Bus RB59;5816;Soest;Dortmund Hbf;;nein;Soest;
08.10.2026;00:06;Bus RE14;67588;Essen Hbf;Borken (Westf);0;teilweise;Deuten;
08.10.2026;00:06;RE9;10957;Aachen Hbf;Köln Messe/Deutz;6;nein;Köln-Ehrenfeld;Verspätung eines vorausfahrenden Zuges
08.10.2026;00:07;Bus RB65;6841;Rheine;Münster (Westf) Hbf;;nein;Münster-Sprakel;
08.10.2026;00:07;Bus S28;4237;Kaarster See;Neuss Hbf;0;nein;Neuss Hbf;
08.10.2026;00:07;NX RB48;17379;Solingen Hbf;Bonn-Mehlem;31;teilweise;Bonn Hbf;Verspätung aus vorheriger Fahrt
08.10.2026;00:07;NX RE6;89739;Köln/Bonn Flughafen;Bielefeld Hbf;63;nein;Bielefeld Hbf;Defekt an einem Signal, Vorfahrt eines anderen Zuges, Verspätung aus vorheriger Fahrt
08.10.2026;00:07;NX RE6;89745;Köln/Bonn Flughafen;Dortmund Hbf;32;nein;Köln Hbf;Defekt an der Strecke, Verspätung aus vorheriger Fahrt
08.10.2026;00:07;R S28;91778;Mettmann Stadtwald;Wuppertal Hbf;2;nein;Wuppertal-Vohwinkel;
08.10.2026;00:07;RB53;14968;Iserlohn;Schwerte(Ruhr);3;nein;Schwerte-Ergste;
08.10.2026;00:08;NX RE6;89742;Minden(Westf);Düsseldorf Hbf;9;nein;Dortmund Hbf;
08.10.2026;00:08;RB24;10452;Kall;Euskirchen;6;nein;Scheven;Verspätung eines vorausfahrenden Zuges
08.10.2026;00:08;RB32;31280;Oberhausen Hbf;Dortmund Hbf;4;nein;Herne;
08.10.2026;00:08;VIA RE19;20043;Arnhem Centraal;Duisburg Hbf;5;nein;Oberhausen Hbf;Vorfahrt eines anderen Zuges
08.10.2026;00:09;Bus RB50;5048;Dortmund Hbf;Münster(Westf)Hbf;;nein;Ascheberg (Westf);
08.10.2026;00:09;Bus RE14;68591;Borken(Westf);Essen West;;nein;Bottrop Hbf;
08.10.2026;00:09;ERB RB89;90043;Münster(Westf)Hbf;Paderborn Hbf;8;nein;Hamm (Westf) Hbf;Defekt an der Strecke, Verspätung eines vorausfahrenden Zuges
08.10.2026;00:09;WFB RE60;95788;Braunschweig Hbf;Osnabrück Hbf;43;nein;Löhne (Westf);Defekt an einem Signal, Verspätung eines vorausfahrenden Zuges, Verspätung aus vorheriger Fahrt
08.10.2026;00:10;Bus RB50;5043;Münster(Westf)Hbf;Dortmund Hbf;;nein;Lünen Hbf;
08.10.2026;00:10;Bus RE1;8064;Essen Hbf Kruppstraße/Am Thyssenhaus;Duisburg Hbf;;nein;Mülheim (Ruhr) Hbf;
08.10.2026;00:10;ICE 510;510;München Hbf;Köln Hbf;64;nein;Köln Hbf;Defekt an der Oberleitung, Defekt an einem Signal, Vorfahrt eines anderen Zuges
08.10.2026;00:10;RB32;31281;Dortmund Hbf;Oberhausen Hbf;1;nein;Essen-Bergeborbeck;
08.10.2026;00:10;S5;31583;Hagen Hbf;Dortmund Hbf;1;nein;Witten-Annen Nord;
08.10.2026;00:10;S6;56000;Köln-Dellbrück;Köln-Nippes;1;nein;Köln-Holweide;
08.10.2026;00:11;NX RE6;89738;Minden(Westf);Köln/Bonn Flughafen;19;nein;Köln/Bonn Flughafen;
08.10.2026;00:11;RB33;10396;Lindern;Heinsberg(Rheinl);1;nein;Lindern;
08.10.2026;00:11;VIA RB39;56639;Düsseldorf Hbf;Grevenbroich;6;nein;Holzheim (b Neuss);Verspätung aus vorheriger Fahrt
08.10.2026;00:12;Bus RE1;901;Dortmund Hbf;Duisburg Hbf;;nein;Dortmund Hbf;
08.10.2026;00:12;NWB RB74;75086;Paderborn Hbf;Bielefeld Hbf;2;nein;Bielefeld-Brackwede;Warten auf einen entgegenkommenden Zug
08.10.2026;00:12;TRI RE100;28086;Essen Hbf;Düsseldorf Hbf;1;nein;Essen Hbf;
08.10.2026;00:13;Bus RB59;5814;Soest;Unna;1;nein;Hemmerde;
08.10.2026;00:13;Bus RB65;6580;Münster(Westf)Hbf;Rheine;;nein;Münster (Westf) Hbf;
08.10.2026;00:13;Bus RE1;925;Dortmund Hbf;Duisburg Hbf;;nein;Duisburg Hbf;
08.10.2026;00:13;RE42;10180;Münster(Westf)Hbf;Essen Hbf;8;nein;Münster-Albachten;Verspätung eines vorausfahrenden Zuges
08.10.2026;00:14;ERB RB59;90355;Dortmund Hbf;Unna;1;nein;Dortmund Signal Iduna Park;
08.10.2026;00:14;ICE 22;22;Nürnberg Hbf;Dortmund Hbf;66;nein;Köln Hbf;Verspätetes Personal aus vorheriger Fahrt
08.10.2026;00:15;Bus RE1;900;Duisburg Hbf;Dortmund Hbf;;nein;Duisburg Hbf;
08.10.2026;00:15;Bus RE7;7305;Krefeld Hbf;Neuss Hbf;;nein;Neuss Hbf;
08.10.2026;00:15;ERB RE78;52292;Minden(Westf);Bielefeld Hbf;1;nein;Porta Westfalica;
08.10.2026;00:15;IC 60403;60403;Amsterdam Centraal;Zürich HB;51;nein;Bonn Hbf;Vorfahrt eines anderen Zuges
08.10.2026;00:15;NJ 403;403;Amsterdam Centraal;Zürich HB;51;nein;Bonn Hbf;
08.10.2026;00:15;RB27;10645;Grevenbroich;Köln Messe/Deutz;30;nein;Stommeln;
08.10.2026;00:15;RB43;14789;Dortmund Hbf;Herne-Wanne-Eickel Hbf;3;nein;Herne-Wanne-Eickel Hbf;
08.10.2026;00:15;WFB RE15;90301;Emden Hbf;Münster(Westf)Hbf;17;nein;Münster-Sprakel;Verspätung eines vorausfahrenden Zuges
08.10.2026;00:16;Bus S28;2243;Düsseldorf Hbf;Mettmann Stadtwald;2;nein;Düsseldorf Hbf;
08.10.2026;00:16;HLB RB90;61635;Siegen Hbf;Au (Sieg);-1;nein;Au (Sieg);
08.10.2026;00:16;RB40;30750;Hagen Hbf;Witten Hbf;0;nein;Hagen Hbf;
08.10.2026;00:16;RB64;20236;Münster(Westf)Hbf;Enschede;2;nein;Gronau (Westf);Verspätung eines vorausfahrenden Zuges
08.10.2026;00:16;VIA RE19;20042;Düsseldorf Hbf;Emmerich;11;nein;Wesel;Vorfahrt eines anderen Zuges
08.10.2026;00:17;Bus RE1;926;Duisburg Hbf;Dortmund Hbf;;nein;Dortmund Hbf;
08.10.2026;00:17;ICE 842;842;Berlin Hbf;Köln Hbf;0;nein;Düsseldorf Hbf;Verfügbarkeit der Gleise derzeit eingeschränkt
08.10.2026;00:17;RRB RB31;26042;Duisburg Hbf;Moers;2;nein;Rheinhausen;
08.10.2026;00:17;S8;31840;Hagen Hbf;Düsseldorf Hbf;2;nein;Hochdahl;
08.10.2026;00:18;RE9;10937;Au (Sieg);Siegen Hbf;5;nein;Au (Sieg);Verspätung eines vorausfahrenden Zuges
08.10.2026;00:18;S11;33157;Bergisch Gladbach;Neuss Hbf;5;nein;Köln-Nippes;
08.10.2026;00:18;S8;31842;Hagen Hbf;Düsseldorf Hbf;4;nein;Hagen-Wehringhausen;
08.10.2026;00:19;S1;30101;Solingen Hbf;Düsseldorf Hbf;1;nein;Hilden Süd;
08.10.2026;00:19;S19;32050;Sindorf;Köln Frankfurter Straße;4;nein;Köln Frankfurter Straße;
08.10.2026;00:19;TR RB26;25444;Mainz Hbf;Köln/Bonn Flughafen;19;nein;Köln/Bonn Flughafen;
08.10.2026;00:20;Bus RB31;63041;Xanten;Duisburg Hbf;0;nein;Moers;
08.10.2026;00:20;RB38;10287;Bedburg(Erft);Köln Messe/Deutz;12;nein;Köln-Ehrenfeld;Verspätung eines vorausfahrenden Zuges
08.10.2026;00:20;RB64;20238;Münster(Westf)Hbf;Gronau(Westf);13;nein;Münster-Häger;Bauarbeiten
08.10.2026;00:20;RRB S7;90154;Solingen Hbf;Remscheid-Lennep;2;nein;Remscheid-Lennep;
08.10.2026;00:20;S4;31412;Dortmund-Lütgendortmund;Unna;1;nein;Unna West;
08.10.2026;00:20;TR RB26;25447;Köln/Bonn Flughafen;Koblenz Hbf;51;nein;Roisdorf;Bauarbeiten, Verspätung eines vorausfahrenden Zuges
08.10.2026;00:21;Bus S28;4242;Neuss Hbf;Kaarster See;0;nein;Neuss Hbf;
08.10.2026;00:21;NX RE1;26838;Hamm(Westf)Hbf;Aachen Hbf;12;nein;Köln-Ehrenfeld;
08.10.2026;00:22;S6;56001;Köln-Nippes;Köln-Dellbrück;2;nein;Köln-Dellbrück;
08.10.2026;00:23;SBH S1;34144;Hannover Hbf;Minden (Westf);0;nein;Minden (Westf);Vorfahrt eines anderen Zuges
08.10.2026;00:24;Bus RB59;5995;Unna;Soest;0;nein;Westönnen;
08.10.2026;00:24;Bus RE10;60311;Krefeld Hbf;Düsseldorf Hbf;0;nein;Düsseldorf Hbf;
08.10.2026;00:24;ICE 619;619;Hamburg-Altona;München Hbf;60;nein;Siegburg/Bonn;Verspätetes Personal aus vorheriger Fahrt
08.10.2026;00:25;Bus RE1;927;Dortmund Hbf;Duisburg Hbf;;nein;Mülheim (Ruhr) Hbf;
08.10.2026;00:25;Bus RE1;929;Dortmund Hbf;Duisburg Hbf;;nein;Wattenscheid;
08.10.2026;00:25;RRB RB36;82369;Duisburg-Ruhrort;Oberhausen Hbf;3;nein;Duisburg-Obermeiderich;
08.10.2026;00:26;ERB RB89;90042;Paderborn Hbf;Münster(Westf)Hbf;11;nein;Rinkerode;Defekt an der Strecke, Verspätung eines vorausfahrenden Zuges
08.10.2026;00:26;NX RE6;89740;Minden(Westf);Düsseldorf Hbf;-1;nein;Düsseldorf Hbf;Defekt an der Strecke
08.10.2026;00:27;S1;31194;Düsseldorf Hbf;Solingen Hbf;5;nein;Düsseldorf Volksgarten;
08.10.2026;00:28;S4;30400;Dortmund-Lütgendortmund;Dortmund-Dorstfeld;1;nein;Dortmund-Somborn;
08.10.2026;00:29;ICE 100;100;Interlaken Ost;Dortmund Hbf;0;nein;Gelsenkirchen Hbf;Verspätung im Ausland, Vorfahrt eines anderen Zuges, Verspätetes Personal aus vorheriger Fahrt
08.10.2026;00:30;Bus S28;2234;Mettmann Stadtwald;Düsseldorf Hbf;0;nein;Düsseldorf-Gerresheim;
08.10.2026;00:30;RB25;10590;Köln Hansaring;Gummersbach;2;nein;Dieringhausen;
08.10.2026;00:30;RRB S7;90159;Wuppertal Hbf;Remscheid Hbf;8;nein;Wuppertal-Ronsdorf;Defekt an einem Signal
08.10.2026;00:30;S1;56301;Essen Hbf;Dortmund Hbf;2;nein;Essen-Steele;
08.10.2026;00:30;S6;31649;Kettwig;Essen Hbf;1;nein;Essen-Werden;
08.10.2026;00:31;ICE 522;522;München Hbf;Köln Hbf;37;nein;Köln Hbf;Defekt an einem Signal, Verspätung eines vorausfahrenden Zuges, Vorfahrt eines anderen Zuges
08.10.2026;00:31;S2;30282;Essen Hbf;Dortmund Hbf;2;nein;Dortmund-Westerfilde;
08.10.2026;00:33;RRB RE10;82313;Kleve;Krefeld Hbf;1;nein;Nieukerk;
08.10.2026;00:34;RB25;10594;Köln Hansaring;Gummersbach;3;nein;Köln Frankfurter Straße;
08.10.2026;00:34;S11;33156;Neuss Hbf;Bergisch Gladbach;2;nein;Duckterath;
08.10.2026;00:35;RB40;30751;Witten Hbf;Hagen Hbf;1;nein;Witten Hbf;
08.10.2026;00:35;S5;31500;Dortmund Hbf;Hagen Hbf;2;nein;Dortmund-Barop;
08.10.2026;00:37;Bus RB31;62042;Moers;Xanten;2;nein;Moers;
08.10.2026;00:37;Bus S28;4243;Kaarster See;Neuss Hbf;0;nein;Neuss Hbf;
08.10.2026;00:37;ERB RB69;90087;Hamm(Westf)Hbf;Bielefeld Hbf;3;nein;Gütersloh Hbf;Verspätung eines vorausfahrenden Zuges
08.10.2026;00:37;ERB RB89;90045;Münster(Westf)Hbf;Hamm(Westf)Hbf;13;nein;Hamm (Westf) Hbf;Defekt an der Strecke, Verspätung eines vorausfahrenden Zuges, Vorfahrt eines anderen Zuges
08.10.2026;00:37;NX RB48;17385;Wuppertal-Oberbarmen;Köln Hbf;2;nein;Solingen Hbf;
08.10.2026;00:37;NX RE1;26843;Aachen Hbf;Hamm(Westf)Hbf;5;nein;Köln-Ehrenfeld;
08.10.2026;00:37;RB32;31240;Oberhausen Hbf;Dortmund Hbf;5;nein;Essen-Dellwig;
08.10.2026;00:38;ICE 209;209;Hamburg-Altona;Köln Hbf;0;nein;Düsseldorf Hbf;
08.10.2026;00:38;NX RE1;26840;Hamm(Westf)Hbf;Düsseldorf Hbf;9;nein;Düsseldorf Hbf;
08.10.2026;00:38;RE57;10785;Dortmund Hbf;Bestwig;6;nein;Meschede;Verspätung eines vorausfahrenden Zuges
08.10.2026;00:39;ERB RB69;89996;Bielefeld Hbf;Hamm(Westf)Hbf;22;nein;Ahlen (Westf);Defekt an der Strecke, Verspätung eines vorausfahrenden Zuges
08.10.2026;00:39;S23;32414;Bonn Hbf;Euskirchen;1;nein;Rheinbach;
08.10.2026;00:39;VIA RB39;56638;Grevenbroich;Düsseldorf Hbf;1;nein;Kapellen-Wevelinghoven;
08.10.2026;00:40;S6;56002;Köln-Dellbrück;Köln-Nippes;1;nein;Köln-Holweide;
08.10.2026;00:41;NX RE1;26839;Aachen Hbf;Hamm(Westf)Hbf;33;nein;Hamm (Westf) Hbf;
08.10.2026;00:41;RB27;52858;Koblenz Hbf;Köln Messe/Deutz;37;nein;Bornheim-Sechtem;Bauarbeiten
08.10.2026;00:42;Bus RE1;903;Dortmund Hbf;Duisburg Hbf;;nein;Dortmund Hbf;
08.10.2026;00:42;S8;31843;Düsseldorf Hbf;Hagen Hbf;16;nein;Hochdahl;Warten auf Anschlussreisende
08.10.2026;00:43;NX RB48;17386;Bonn-Mehlem;Köln Hbf;5;teilweise;Bonn-Mehlem;
08.10.2026;00:43;NX RE6;89743;Köln/Bonn Flughafen;Dortmund Hbf;8;nein;Herne-Wanne-Eickel Hbf;
08.10.2026;00:43;R S28;77128;Wuppertal Hbf;Mettmann Stadtwald;1;nein;Wuppertal Hbf;
08.10.2026;00:43;S23;32416;Bonn Hbf;Euskirchen;2;nein;Bonn-Endenich Nord;
08.10.2026;00:44;RB64;20237;Enschede;Gronau (Westf);0;nein;Gronau (Westf);
08.10.2026;00:44;S11;33159;Bergisch Gladbach;Dormagen;2;nein;Köln Hbf;
08.10.2026;00:45;Bus RE1;902;Duisburg Hbf;Dortmund Hbf;;nein;Duisburg Hbf;
08.10.2026;00:45;Bus RE7;7300;Neuss Hbf;Krefeld Hbf;;nein;Neuss Hbf;
08.10.2026;00:46;Bus S28;2247;Düsseldorf Hbf;Mettmann Stadtwald;0;nein;Düsseldorf Hbf;
08.10.2026;00:46;RB38;10289;Bedburg (Erft);Köln Messe/Deutz;1;nein;Glesch;
08.10.2026;00:47;S19;91552;Hennef(Sieg);Au (Sieg);2;nein;Schladern (Sieg);
08.10.2026;00:49;ERB RB59;90354;Unna;Dortmund Hbf;1;nein;Holzwickede;
08.10.2026;00:49;S19;32052;Düren;Köln Frankfurter Straße;3;nein;Köln Frankfurter Straße;
08.10.2026;00:49;S9;30981;Wuppertal Hbf;Bottrop Hbf;5;nein;Essen-Borbeck;
08.10.2026;00:50;RB32;31239;Dortmund Hbf;Oberhausen Hbf;4;nein;Herne;
08.10.2026;00:50;VIA RE19;20000;Duisburg Hbf;Emmerich;4;nein;Oberhausen Hbf;
08.10.2026;00:51;Bus S28;4246;Neuss Hbf;Kaarster See;0;nein;Neuss Hbf;
08.10.2026;00:51;RB24;10455;Köln Messe/Deutz;Euskirchen;1;nein;Köln West;
08.10.2026;00:51;VIA RB46;31398;Bochum Hbf;Gelsenkirchen Hbf;2;nein;Bochum West;
08.10.2026;00:51;WFB RE70;95790;Braunschweig Hbf;Minden (Westf);1;nein;Minden (Westf);
08.10.2026;00:52;S6;56003;Köln-Nippes;Köln-Dellbrück;2;nein;Köln-Dellbrück;
08.10.2026;00:54;RB27;10638;Köln Messe/Deutz;Grevenbroich;10;nein;Grevenbroich;Verspätung eines vorausfahrenden Zuges
08.10.2026;00:54;RE2;10241;Essen Hbf;Münster(Westf)Hbf;3;nein;Gelsenkirchen Hbf;Verspätung eines vorausfahrenden Zuges
08.10.2026;00:55;Bus RB59;5997;Unna;Soest;11;nein;Lünern;
08.10.2026;00:55;NX RB48;17384;Köln Hbf;Wuppertal-Oberbarmen;2;nein;Köln Messe/Deutz;
08.10.2026;00:56;RB33;10351;Heinsberg(Rheinl);Aachen Hbf;2;nein;Lindern;
08.10.2026;00:56;S8;29098;Neuss Hbf;Mönchengladbach Hbf;3;nein;Kleinenbroich;
08.10.2026;00:57;S2;30201;Dortmund Hbf;Essen Hbf;6;nein;Gelsenkirchen-Rotthausen;
08.10.2026;00:58;S2;30200;Essen Hbf;Dortmund Hbf;1;nein;Essen-Kray Nord;
08.10.2026;00:58;S9;30900;Bottrop Hbf;Wuppertal Hbf;25;nein;Wuppertal-Vohwinkel;Verspätung aus vorheriger Fahrt
08.10.2026;00:59;VIA RE16;31374;Hagen Hbf;Iserlohn;3;nein;Iserlohn-Letmathe;
08.10.2026;01:00;NX RB48;17383;Köln Hbf;Bonn-Mehlem;22;nein;Roisdorf;
08.10.2026;01:00;S1;56303;Essen Hbf;Dortmund Hbf;3;nein;Essen-Steele;
08.10.2026;01:00;S6;31651;Kettwig;Essen Hbf;1;nein;Essen-Werden;
08.10.2026;01:01;RRB RE10;82310;Krefeld Hbf;Kleve;3;nein;Geldern;
08.10.2026;01:02;Bus RB66;6677;Osnabrück Hbf;Münster(Westf)Hbf;;nein;Lengerich (Westf);
08.10.2026;01:02;Bus RE10;61310;Düsseldorf Hbf;Kleve;1;nein;Krefeld Hbf;
08.10.2026;01:02;S8;28271;Mönchengladbach Hbf;Neuss Hbf;1;nein;Kleinenbroich;
08.10.2026;01:03;Bus RE4;4402;Erkelenz;Rheydt Hbf;;nein;Rheydt Hbf;
08.10.2026;01:03;ICE 1541;1541;Köln Hbf;Berlin Südkreuz;26;nein;Hamm (Westf) Hbf;Verspätung aus vorheriger Fahrt, Verspätetes Personal aus vorheriger Fahrt
08.10.2026;01:03;S6;31650;Essen Hbf;Kettwig;2;nein;Kettwig;
08.10.2026;01:03;S9;30988;Bottrop Hbf;Essen Hbf;3;nein;Bottrop Hbf;
08.10.2026;01:04;S11;33158;Neuss Hbf;Bergisch Gladbach;2;nein;Duckterath;
08.10.2026;01:06;S19;32056;Düren;Köln Frankfurter Straße;1;nein;Merzenich;
08.10.2026;01:07;NX RE6;89744;Dortmund Hbf;Düsseldorf Hbf;11;nein;Dortmund Hbf;Verspätung aus vorheriger Fahrt
08.10.2026;01:10;HLB RE99;15154;Gießen;Siegen Hbf;2;nein;Wilnsdorf-Rudersdorf;Außerplanmäßige Geschwindigkeitsbeschränkung
08.10.2026;01:10;S6;56004;Köln-Dellbrück;Köln-Nippes;1;nein;Köln-Holweide;
08.10.2026;01:12;Bus RE1;905;Dortmund Hbf;Duisburg Hbf;;nein;Dortmund Hbf;
08.10.2026;01:13;Bus RE10;60313;Krefeld Hbf;Düsseldorf Hbf;2;nein;Krefeld-Oppum;
08.10.2026;01:13;S5;31501;Hagen Hbf;Dortmund Hbf;3;nein;Dortmund-Kruckel;
08.10.2026;01:14;NX RE1;26841;Aachen Hbf;Dortmund Hbf;4;nein;Dortmund Hbf;
08.10.2026;01:15;Bus RE1;904;Duisburg Hbf;Dortmund Hbf;;nein;Duisburg Hbf;
08.10.2026;01:16;Bus RE10;60312;Düsseldorf Hbf;Krefeld Hbf;0;nein;Düsseldorf Hbf;
08.10.2026;01:18;ERB RB89;90044;Paderborn Hbf;Münster(Westf)Hbf;12;nein;Mersch (Westf);Warten auf Anschlussreisende, Verspätung eines vorausfahrenden Zuges
08.10.2026;01:19;S1;30103;Solingen Hbf;Düsseldorf Hbf;2;nein;Hilden Süd;
08.10.2026;01:19;S19;32054;Sindorf;Köln Frankfurter Straße;1;nein;Köln Frankfurter Straße;
08.10.2026;01:20;RRB S7;90156;Solingen Hbf;Remscheid-Lennep;3;nein;Remscheid-Lennep;
08.10.2026;01:20;S19;91558;Hennef(Sieg);Au (Sieg);2;nein;Hennef (Sieg);
08.10.2026;01:21;NX RE6;89747;Köln/Bonn Flughafen;Düsseldorf Hbf;2;nein;Dormagen;
08.10.2026;01:23;SBH S1;34146;Hannover Hbf;Minden (Westf);1;nein;Minden (Westf);
08.10.2026;01:25;S11;33165;Bergisch Gladbach;Köln Hbf;1;nein;Duckterath;
08.10.2026;01:28;S11;33161;Bergisch Gladbach;Dormagen;5;nein;Köln-Chorweiler;
08.10.2026;01:28;S2;30203;Dortmund Hbf;Essen Hbf;1;nein;Dortmund-Westerfilde;
08.10.2026;01:30;S1;56305;Essen Hbf;Dortmund Hbf;1;nein;Essen-Steele;
08.10.2026;01:30;S8;31845;Düsseldorf Hbf;Wuppertal-Oberbarmen;2;nein;Düsseldorf Hbf;
08.10.2026;01:30;TR RB26;25401;Köln/Bonn Flughafen;Remagen;94;nein;Bonn UN Campus;Bauarbeiten, Defekt an der Strecke
08.10.2026;01:32;S19;32059;Köln Frankfurter Straße;Sindorf;4;nein;Sindorf;
08.10.2026;01:34;S11;33160;Neuss Hbf;Bergisch Gladbach;3;nein;Duckterath;
08.10.2026;01:35;S1;56300;Dortmund Hbf;Essen Hbf;3;nein;Essen Hbf;
08.10.2026;01:37;RB32;31282;Oberhausen Hbf;Gelsenkirchen Hbf;1;nein;Essen-Dellwig;
08.10.2026;01:42;Bus RE1;907;Dortmund Hbf;Duisburg Hbf;;nein;Dortmund Hbf;
08.10.2026;01:42;S19;32057;Köln Frankfurter Straße;Aachen Hbf;5;nein;Aachen Hbf;
08.10.2026;01:44;S1;31198;Düsseldorf Hbf;Solingen Hbf;3;nein;Solingen Vogelpark;
08.10.2026;01:45;Bus RE1;906;Duisburg Hbf;Dortmund Hbf;;nein;Duisburg Hbf;
08.10.2026;01:46;S11;33162;Dormagen;Köln Hbf;1;nein;Dormagen Chempark;
08.10.2026;01:48;Bus RE10;61312;Düsseldorf Hbf;Krefeld Hbf;0;nein;Düsseldorf Hbf;
08.10.2026;01:49;S8;28270;Neuss Hbf;Mönchengladbach Hbf;0;nein;Neuss Hbf;
08.10.2026;01:50;VIA RE19;20002;Duisburg Hbf;Wesel;4;nein;Oberhausen Hbf;
08.10.2026;01:52;S6;56005;Köln-Nippes;Köln-Dellbrück;2;nein;Köln-Dellbrück;
08.10.2026;01:55;S11;33167;Bergisch Gladbach;Köln Hbf;1;nein;Duckterath;
08.10.2026;01:55;S19;32058;Sindorf;Köln Frankfurter Straße;3;nein;Köln-Weiden West;
08.10.2026;01:56;RB30;52856;Remagen;Köln Messe/Deutz;66;nein;Köln West;Bauarbeiten, Defekt an der Strecke
08.10.2026;01:58;S1;56302;Dortmund Hbf;Essen Hbf;2;nein;Dortmund-Dorstfeld Süd;
08.10.2026;02:00;S6;31655;Kettwig;Essen Hbf;2;nein;Essen-Werden;
08.10.2026;02:01;RB32;31283;Gelsenkirchen Hbf;Oberhausen Hbf;3;nein;Gelsenkirchen Hbf;
08.10.2026;02:03;RE42;10183;Essen Hbf;Haltern am See;1;nein;Recklinghausen Süd;
08.10.2026;02:10;S2;30202;Essen Hbf;Dortmund Hbf;2;nein;Herne-Wanne-Eickel Hbf;
08.10.2026;02:12;Bus RE1;909;Dortmund Hbf;Duisburg Hbf;;nein;Dortmund Hbf;
08.10.2026;02:15;Bus RE1;908;Duisburg Hbf;Dortmund Hbf;;nein;Duisburg Hbf;
08.10.2026;02:18;S8;31846;Hagen Hbf;Düsseldorf Hbf;1;nein;Hagen-Wehringhausen;
08.10.2026;02:21;S2;30205;Dortmund Hbf;Essen Hbf;2;nein;Dortmund-Dorstfeld;
08.10.2026;02:24;S6;56006;Köln-Dellbrück;Köln-Nippes;2;nein;Köln Hbf;
08.10.2026;02:26;S1;56307;Essen Hbf;Dortmund Hbf;1;nein;Essen Hbf;
08.10.2026;02:31;Bus RB26;2698;Köln Hbf (Breslauer Platz);Colmantstr./Hauptbahnhof, Bonn;;nein;Hürth-Kalscheuren;
08.10.2026;02:32;S19;32063;Köln Frankfurter Straße;Sindorf;2;nein;Sindorf;
08.10.2026;02:33;NX RE4;26401;Aachen Hbf;Düsseldorf Flughafen Terminal;;ja;Aachen Hbf;Kurzfristiger Personalausfall
08.10.2026;02:33;RB30;52857;Köln Messe/Deutz;Remagen;89;nein;Bonn-Bad Godesberg;Bauarbeiten
08.10.2026;02:33;RB32;31284;Oberhausen Hbf;Gelsenkirchen Hbf;0;nein;Oberhausen Hbf;
08.10.2026;02:33;TR RB26;25402;Remagen;Köln/Bonn Flughafen;43;teilweise;Bonn Hbf;Defekt an der Strecke, Defektes Stellwerk
08.10.2026;02:34;NX RE1;26844;Dortmund Hbf;Köln/Bonn Flughafen;29;nein;Köln/Bonn Flughafen;Bauarbeiten
08.10.2026;02:40;S19;32061;Köln Frankfurter Straße;Aachen Hbf;5;nein;Aachen-Rothe Erde;
08.10.2026;02:42;Bus RE1;911;Dortmund Hbf;Duisburg Hbf;;nein;Dortmund Hbf;
08.10.2026;02:45;Bus RE1;910;Duisburg Hbf;Dortmund Hbf;;nein;Duisburg Hbf;
08.10.2026;02:48;S19;32065;Köln Frankfurter Straße;Düren;2;nein;Köln-Müngersdorf Technologiepark;
08.10.2026;02:49;S19;32060;Düren;Köln Frankfurter Straße;2;nein;Köln Frankfurter Straße;
08.10.2026;02:55;ICE 921;921;Hamburg-Altona;Frankfurt(Main)Hbf;163;nein;Düsseldorf Hbf;Bauarbeiten, Technische Störung am Zug
08.10.2026;02:55;S19;32062;Sindorf;Köln Frankfurter Straße;1;nein;Köln-Weiden West;
08.10.2026;02:58;S2;30284;Essen Hbf;Dortmund Hbf;1;nein;Essen-Kray Nord;
08.10.2026;03:05;RE2;10244;Münster(Westf)Hbf;Essen Hbf;4;nein;Herne-Wanne-Eickel Hbf;Verspätung eines vorausfahrenden Zuges
08.10.2026;03:10;RB32;31285;Gelsenkirchen Hbf;Oberhausen Hbf;1;nein;Essen-Bergeborbeck;
08.10.2026;03:12;Bus RE1;913;Dortmund Hbf;Duisburg Hbf;;nein;Dortmund Hbf;
08.10.2026;03:15;Bus RE1;912;Duisburg Hbf;Dortmund Hbf;;nein;Duisburg Hbf;
08.10.2026;03:15;NX RE1;26845;Düsseldorf Hbf;Dortmund Hbf;5;nein;Dortmund Hbf;
08.10.2026;03:15;NX RE6;89746;Düsseldorf Hbf;Köln/Bonn Flughafen;2;nein;Düsseldorf-Bilk;
08.10.2026;03:18;S19;32067;Köln Frankfurter Straße;Horrem;1;nein;Köln-Müngersdorf Technologiepark;
08.10.2026;03:19;S1;30107;Solingen Hbf;Düsseldorf Hbf;2;nein;Hilden Süd;
08.10.2026;03:24;NX RE1;26848;Dortmund Hbf;Köln Hbf;5;nein;Duisburg Hbf;
08.10.2026;03:28;S2;30285;Dortmund Hbf;Essen Hbf;2;nein;Dortmund-Westerfilde;
08.10.2026;03:31;S19;32064;Aachen Hbf;Köln Frankfurter Straße;3;nein;Köln-Müngersdorf Technologiepark;
08.10.2026;03:32;ICE 827;827;Köln Hbf;München Hbf;2;nein;Köln/Bonn Flughafen;
08.10.2026;03:36;S1;56306;Essen Hbf;Essen West;;ja;Essen Hbf;Defekt an der Strecke
08.10.2026;03:37;RB32;31286;Oberhausen Hbf;Gelsenkirchen Hbf;2;nein;Essen-Dellwig;
08.10.2026;03:38;S19;31002;Aachen Hbf;Köln Frankfurter Straße;2;nein;Aachen-Rothe Erde;
08.10.2026;03:38;TR RB26;33611;Köln/Bonn Flughafen;Mainz Hbf;0;ja;Köln/Bonn Flughafen;Defektes Stellwerk
08.10.2026;03:42;Bus RE1;915;Dortmund Hbf;Duisburg Hbf;;nein;Dortmund Hbf;
08.10.2026;03:45;Bus RE1;914;Duisburg Hbf;Dortmund Hbf;;nein;Duisburg Hbf;
08.10.2026;03:47;Bus RB26;2699;Colmantstr./Hauptbahnhof, Bonn;Köln Hbf (Breslauer Platz);;nein;Roisdorf;
08.10.2026;03:47;VIA RB91;21400;Finnentrop;Lennestadt-Altenhundem;;ja;Finnentrop;Bauarbeiten
08.10.2026;03:48;S19;32069;Köln Frankfurter Straße;Düren;4;nein;Köln-Müngersdorf Technologiepark;
08.10.2026;03:51;NX RE4;26403;Aachen Hbf;Dortmund Hbf;7;nein;Aachen Schanz;
08.10.2026;03:52;S1;56311;Essen West;Essen Hbf;;ja;Essen West;Defekt an der Strecke
08.10.2026;03:54;RE34;26080;Hagen Hbf;Lennestadt-Altenhundem;;ja;Hagen Hbf;Bauarbeiten
08.10.2026;03:54;S19;32066;Köln-Ehrenfeld;Köln Frankfurter Straße;2;teilweise;Köln-Ehrenfeld;Verspätung eines vorausfahrenden Zuges
08.10.2026;03:59;S19;31000;Horrem;Köln Frankfurter Straße;2;teilweise;Horrem;Verspätung eines vorausfahrenden Zuges
08.10.2026;04:00;Bus EV;92910;Finnentrop;Olpe;0;nein;Finnentrop;
08.10.2026;04:03;WFB RE60;95771;Minden (Westf);Braunschweig Hbf;0;nein;Minden (Westf);
08.10.2026;04:05;Bus RB50;5039;Münster(Westf)Hbf;Lünen Hbf;;nein;Münster (Westf) Hbf;
08.10.2026;04:06;S1;56308;Essen Hbf;Essen West;;ja;Essen Hbf;Defekt an der Strecke
08.10.2026;04:08;HLB RE34;28551;Siegen Hbf;Kirchhundem-Welschen Ennest;0;nein;Siegen Hbf;
08.10.2026;04:08;VIA RE19;20003;Wesel;Duisburg Hbf;3;nein;Oberhausen Hbf;
08.10.2026;04:09;Bus RB31;62001;Xanten;Moers;0;nein;Xanten;
08.10.2026;04:11;S23;32301;Euskirchen;Bonn Hbf;1;nein;Euskirchen-Kuchenheim;
08.10.2026;04:11;S3;30386;Essen Hbf;Hattingen(Ruhr) Mitte;2;nein;Essen-Steele;Defekt an der Strecke
08.10.2026;04:12;Bus RE1;917;Dortmund Hbf;Duisburg Hbf;;nein;Dortmund Hbf;
08.10.2026;04:12;S8;30803;Wuppertal-Oberbarmen;Hagen Hbf;1;nein;Wuppertal-Oberbarmen;
08.10.2026;04:15;Bus RE1;916;Duisburg Hbf;Dortmund Hbf;;nein;Duisburg Hbf;
08.10.2026;04:15;ICE 920;920;Frankfurt(Main)Hbf;Hamburg-Altona;92;nein;Münster (Westf) Hbf;Warten auf Anschlussreisende, Vorfahrt eines anderen Zuges, Verspätetes Personal aus vorheriger Fahrt
08.10.2026;04:15;RB32;31287;Gelsenkirchen Hbf;Oberhausen Hbf;1;nein;Essen-Dellwig;
08.10.2026;04:17;S9;30901;Essen Hbf;Bottrop Hbf;3;nein;Essen-Borbeck Süd;
08.10.2026;04:19;S1;30111;Solingen Hbf;Düsseldorf Hbf;2;nein;Hilden Süd;
08.10.2026;04:22;S1;56313;Essen West;Dortmund Hbf;5;teilweise;Essen West;
08.10.2026;04:23;NX RB48;17302;Köln Hbf;Opladen;1;nein;Köln Messe/Deutz;
08.10.2026;04:24;NX RE6;89700;Düsseldorf Hbf;Köln/Bonn Flughafen;3;nein;Neuss Hbf;
08.10.2026;04:24;S12;32200;Köln-Ehrenfeld;Au(Sieg);26;teilweise;Köln-Ehrenfeld;Technischer Defekt an einem anderen Zug
08.10.2026;04:24;S12;32201;Au (Sieg);Köln-Ehrenfeld;2;nein;Rosbach (Sieg);
08.10.2026;04:27;Bus RE14;67495;Dorsten;Bottrop Hbf;3;nein;Dorsten;
08.10.2026;04:29;S19;32073;Köln Frankfurter Straße;Horrem;5;nein;Horrem;
08.10.2026;04:30;S6;56011;Köln Hbf;Köln-Dellbrück;2;nein;Köln-Holweide;
08.10.2026;04:32;HLB RE34;28550;Kirchhundem-Welschen Ennest;Siegen Hbf;0;nein;Kirchhundem-Welschen Ennest;
08.10.2026;04:32;S8;28279;Mönchengladbach Hbf;Neuss Hbf;1;nein;Kleinenbroich;
08.10.2026;04:33;S11;32100;Köln-Worringen;Bergisch Gladbach;2;nein;Köln-Buchforst;
08.10.2026;04:33;S23;32300;Euskirchen;Bad Münstereifel;1;nein;Euskirchen;
08.10.2026;04:33;WFB RE70;95847;Bielefeld Hbf;Braunschweig Hbf;2;nein;Herford;
08.10.2026;04:34;RB24;10400;Euskirchen;Köln Messe/Deutz;1;nein;Großbüllesheim;
08.10.2026;04:34;RE42;10100;Münster(Westf)Hbf;Essen Hbf;7;nein;Sythen;Verspätung eines vorausfahrenden Zuges
08.10.2026;04:34;RRB RB36;26078;Oberhausen Hbf;Duisburg-Ruhrort;6;nein;Duisburg-Obermeiderich;Vorfahrt eines anderen Zuges
08.10.2026;04:35;Bus RB50;5044;Dortmund Hbf;Werne a d Lippe;;nein;Dortmund Hbf;
08.10.2026;04:35;VIA RB91;21401;Lennestadt-Altenhundem;Iserlohn-Letmathe;;ja;Lennestadt-Altenhundem;Bauarbeiten
08.10.2026;04:36;RRB RE10;82241;Krefeld Hbf;Düsseldorf Hbf;5;nein;Meerbusch-Osterath;
08.10.2026;04:36;S1;56310;Dortmund Hbf;Essen West;2;teilweise;Essen Hbf;Defekt an der Strecke
08.10.2026;04:38;R S28;77136;Mettmann Stadtwald;Düsseldorf Hbf;1;nein;Düsseldorf-Gerresheim;
08.10.2026;04:38;RRB RE10;82240;Düsseldorf Hbf;Kleve;1;nein;Düsseldorf Hbf;
08.10.2026;04:39;RB20;30551;Aachen Hbf;Stolberg-Altstadt;1;nein;Eilendorf;
08.10.2026;04:39;RE22;10001;Euskirchen;Kall;1;nein;Mechernich;
08.10.2026;04:41;S23;32303;Euskirchen;Bonn Hbf;1;nein;Euskirchen-Kuchenheim;
08.10.2026;04:41;S3;30302;Essen Hbf;Hattingen(Ruhr) Mitte;12;nein;Essen-Steele;Defekt an der Strecke, Verspätete Bereitstellung
08.10.2026;04:41;S5;31508;Dortmund Hbf;Hagen Hbf;2;nein;Witten-Annen Nord;
08.10.2026;04:42;HLB RB96;61801;Betzdorf(Sieg);Neunkirchen(Kr Siegen);0;nein;Struthütten;
08.10.2026;04:42;ICE 521;521;Köln Hbf;München Hbf;1;nein;Siegburg/Bonn;
08.10.2026;04:42;S4;30402;Dortmund-Dorstfeld;Unna;14;nein;Dortmund-Dorstfeld;Verspätetes Personal aus vorheriger Fahrt
08.10.2026;04:42;VIA RB91;31345;Siegen Hbf;Welschen Ennest;1;nein;Siegen-Weidenau;
08.10.2026;04:43;RE22;10005;Köln Messe/Deutz;Kall;5;nein;Erftstadt;
08.10.2026;04:43;S2;30204;Essen Hbf;Dortmund Hbf;14;nein;Dortmund Hbf;Verspätete Bereitstellung
08.10.2026;04:44;RB20;30501;Aachen Hbf;Eschweiler-Weisweiler;3;nein;Stolberg (Rheinl) Hbf;
08.10.2026;04:45;Bus RE1;918;Duisburg Hbf;Dortmund Hbf;;nein;Duisburg Hbf;
08.10.2026;04:45;NWB RB74;75001;Bielefeld Hbf;Paderborn Hbf;17;nein;Bielefeld-Windelsbleiche;Defekt an einem Signal
08.10.2026;04:45;NX RE1;26802;Hamm(Westf)Hbf;Aachen Hbf;7;nein;Dortmund Hbf;
08.10.2026;04:45;RE47;89304;Düsseldorf Hbf;Remscheid-Lennep;3;nein;Düsseldorf-Eller Mitte;Verspätung eines vorausfahrenden Zuges
08.10.2026;04:46;RB77;14551;Löhne(Westf);Hildesheim Hbf;1;nein;Löhne (Westf);
08.10.2026;04:46;RRB RB36;26077;Duisburg-Ruhrort;Oberhausen Hbf;6;nein;Duisburg-Ruhrort;Vorfahrt eines anderen Zuges
08.10.2026;04:46;WFB RE70;95840;Minden(Westf);Bielefeld Hbf;0;nein;Minden (Westf);
08.10.2026;04:47;HLB RB90;61638;Au (Sieg);Siegen Hbf;9;nein;Siegen Hbf;
08.10.2026;04:47;S9;30903;Essen Hbf;Haltern am See;3;nein;Essen-Borbeck Süd;
08.10.2026;04:49;RRB S7;29101;Remscheid-Lennep;Solingen Hbf;1;nein;Remscheid-Güldenwerth;
08.10.2026;04:49;S1;30106;Düsseldorf Hbf;Solingen Hbf;2;nein;Düsseldorf-Oberbilk;
08.10.2026;04:50;RTB RB21;90699;Düren;Linnich Bhf;0;nein;Düren;
08.10.2026;04:50;S11;32102;Köln Hbf;Bergisch Gladbach;19;teilweise;Köln Messe/Deutz;Verspätung aus vorheriger Fahrt
08.10.2026;04:50;S6;56012;Köln-Dellbrück;Köln-Nippes;3;nein;Köln-Holweide;
08.10.2026;04:50;S6;56013;Köln Hbf;Köln-Dellbrück;2;nein;Köln-Holweide;
08.10.2026;04:51;ICE 1028;1028;Köln Hbf;Hamburg-Altona;21;nein;Hagen Hbf;Vorfahrt eines anderen Zuges
08.10.2026;04:52;S1;30109;Essen West;Dortmund Hbf;3;teilweise;Essen West;Defekt an der Strecke
08.10.2026;04:52;S8;30807;Düsseldorf Hbf;Wuppertal-Oberbarmen;1;nein;Düsseldorf-Flingern;
08.10.2026;04:53;HLB RB96;61800;Neunkirchen(Kr Siegen);Betzdorf(Sieg);0;nein;Neunkirchen (Kr Siegen);
08.10.2026;04:53;RB51;14601;Lünen Hbf;Dortmund Hbf;1;nein;Lünen Preußen;
08.10.2026;04:53;S12;32202;Köln-Ehrenfeld;Hennef(Sieg);3;nein;Köln Messe/Deutz;
08.10.2026;04:53;VIA RB46;31421;Gelsenkirchen Hbf;Bochum Hbf;18;nein;Herne-Wanne-Eickel Hbf;Bauarbeiten, Vorfahrt eines anderen Zuges
08.10.2026;04:54;RB25;10504;Köln Hansaring;Overath;10;nein;Köln Frankfurter Straße;Verspätung eines vorausfahrenden Zuges
08.10.2026;04:54;S6;56015;Köln-Worringen;Köln-Dellbrück;5;nein;Köln Hansaring;
08.10.2026;04:54;S8;30813;Mönchengladbach Hbf;Hagen Hbf;2;ja;Mönchengladbach Hbf;
08.10.2026;04:54;VIA RB39;56601;Düsseldorf Hbf;Bedburg(Erft);3;nein;Düsseldorf Hbf;Vorfahrt eines anderen Zuges
08.10.2026;04:55;ERB RB89;90005;Hamm(Westf)Hbf;Paderborn Hbf;3;nein;Welver;
08.10.2026;04:55;ERB RB89;90054;Paderborn Hbf;Münster(Westf)Hbf;2;nein;Scharmede;
08.10.2026;04:55;EUR 9414;9414;Dortmund Hbf;Paris Nord;8;nein;Dortmund Hbf;
08.10.2026;04:55;S5;31509;Hagen Hbf;Dortmund Hbf;8;nein;Hagen-Vorhalle;
08.10.2026;04:56;NX RB48;17305;Opladen;Köln Hbf;3;nein;Köln-Mülheim;
08.10.2026;04:56;S11;32109;Köln Messe/Deutz;Düsseldorf Flughafen Terminal;6;nein;Köln Hansaring;
08.10.2026;04:56;S3;30305;Hattingen(Ruhr) Mitte;Essen West;3;teilweise;Essen Hbf;Defekt an der Strecke
08.10.2026;04:56;TR RB26;25406;Remagen;Köln Messe/Deutz;55;nein;Köln West;Bauarbeiten, Defekt an einem Signal, Defekt an der Strecke
08.10.2026;04:57;Bus RE14;67497;Dorsten;Bottrop Hbf;0;nein;Dorsten;
08.10.2026;04:57;S11;32103;Dormagen;Düsseldorf Flughafen Terminal;5;nein;Neuss Süd;
08.10.2026;04:57;S2;30207;Dortmund Hbf;Essen Hbf;12;nein;Gelsenkirchen-Rotthausen;Verspätung eines vorausfahrenden Zuges
08.10.2026;04:58;HLB RE99;15125;Siegen Hbf;Frankfurt(Main)Hbf;1;nein;Siegen Hbf;
08.10.2026;04:59;RB38;10250;Köln Messe/Deutz;Bedburg(Erft);3;nein;Zieverich;
08.10.2026;04:59;S19;31005;Köln Frankfurter Straße;Düren;1;nein;Köln Frankfurter Straße;
08.10.2026;04:59;S8;28272;Neuss Hbf;Mönchengladbach Hbf;3;nein;Korschenbroich;
08.10.2026;05:00;Bus EV;92912;Finnentrop;Olpe;0;nein;Finnentrop;
08.10.2026;05:00;S5;31510;Dortmund Hbf;Witten Hbf;1;nein;Dortmund Hbf;
08.10.2026;05:01;Bus EV;92911;Olpe;Finnentrop;0;nein;Olpe;
08.10.2026;05:01;NX RE11;26701;Dortmund Hbf;Kassel-Wilhelmshöhe;14;nein;Hamm (Westf) Hbf;Verspätete Bereitstellung, Verspätung aus vorheriger Fahrt
08.10.2026;05:01;RRB S7;29100;Remscheid Hbf;Wuppertal Hbf;1;nein;Remscheid-Lennep;
08.10.2026;05:03;Bus RE14;67499;Coesfeld (Westf);Dorsten;3;nein;Wulfen (Westf);
08.10.2026;05:03;S3;30304;Essen West;Hattingen(Ruhr) Mitte;4;teilweise;Essen West;Defekt an der Strecke
08.10.2026;05:03;S6;30612;Essen Hbf;Kettwig;2;nein;Kettwig;
08.10.2026;05:04;RB32;31242;Oberhausen Hbf;Dortmund Hbf;3;nein;Herne-Wanne-Eickel Hbf;
08.10.2026;05:04;RRB RB36;26678;Oberhausen Hbf;Duisburg-Ruhrort;7;nein;Duisburg-Obermeiderich;Vorfahrt eines anderen Zuges
08.10.2026;05:04;RTB RB21;90726;Linnich Bhf;Düren;0;nein;Düren;
08.10.2026;05:05;Bus RE1;7673;Duisburg Hbf;Essen Hbf Kruppstraße/Am Thyssenhaus;;nein;Duisburg Hbf;
08.10.2026;05:05;RB20;30002;Aachen-Rothe Erde;Stolberg(Rheinl)Hbf Gl.44;1;nein;Aachen Schanz;
08.10.2026;05:05;RRB S7;29103;Wuppertal Hbf;Solingen Hbf;1;nein;Remscheid Hbf;
08.10.2026;05:05;S11;32101;Düsseldorf Hbf;Düsseldorf Flughafen Terminal;1;nein;Düsseldorf Wehrhahn;
08.10.2026;05:05;S19;31010;Düren;Troisdorf;2;nein;Köln-Weiden West;
08.10.2026;05:06;ERB RB59;90316;Soest;Dortmund Hbf;1;nein;Soest;
08.10.2026;05:06;S1;56312;Dortmund Hbf;Essen West;4;teilweise;Essen Hbf;Defekt an der Strecke
08.10.2026;05:06;S4;30401;Unna;Dortmund-Lütgendortmund;2;nein;Dortmund-Körne;
08.10.2026;05:06;S6;30610;Essen Hbf;Düsseldorf Hbf;5;nein;Düsseldorf Zoo;
08.10.2026;05:06;VIA RB35;52270;Duisburg Hbf;Gelsenkirchen Hbf;2;nein;Essen-Dellwig;
08.10.2026;05:07;Bus RE14;67501;Borken (Westf);Bottrop Hbf;1;teilweise;Deuten;
08.10.2026;05:07;R S28;77133;Mettmann Stadtwald;Wuppertal Hbf;12;nein;Wuppertal-Vohwinkel;
08.10.2026;05:08;Bus RB54;54001;Ardey Bahnhof, Fröndenberg;Bahnhof, Unna;;nein;Fröndenberg-Frömern;
08.10.2026;05:08;Bus RE14;67505;Coesfeld (Westf);Dorsten;0;nein;Coesfeld (Westf);
08.10.2026;05:08;ERB RB59;90317;Dortmund Hbf;Soest;1;nein;Dortmund Signal Iduna Park;
08.10.2026;05:08;HLB RE34;28553;Siegen Hbf;Kirchhundem-Welschen Ennest;0;nein;Siegen Hbf;
08.10.2026;05:08;NWB RE18;75303;Osnabrück Hbf;Wilhelmshaven;2;nein;Halen;
08.10.2026;05:08;RB25;10500;Dieringhausen;Lüdenscheid;2;nein;Halver-Oberbrügge;
08.10.2026;05:08;RB52;14651;Dortmund Hbf;Hagen Hbf;6;nein;Hagen Hbf;
08.10.2026;05:08;RRB RE10;82245;Kleve;Düsseldorf Hbf;1;nein;Goch;
08.10.2026;05:08;S12;32206;Köln-Ehrenfeld;Hennef (Sieg);26;teilweise;Köln Hansaring;Verspätung eines vorausfahrenden Zuges
08.10.2026;05:08;VIA RB91;21412;Kirchhundem-Welschen Ennest;Siegen Hbf;0;nein;Kirchhundem-Welschen Ennest;
08.10.2026;05:09;S23;32307;Bad Münstereifel;Bonn Hbf;4;nein;Bad Münstereifel-Iversheim;
08.10.2026;05:10;NWB RB84;74955;Holzminden;Paderborn Hbf;0;ja;Höxter-Lüchtringen;Kurzfristiger Personalausfall
08.10.2026;05:10;RB33;10309;Mönchengladbach Hbf;Aachen Hbf;38;teilweise;Herzogenrath;Defekt an der Strecke
08.10.2026;05:10;S6;30609;Düsseldorf Hbf;Essen Hbf;5;nein;Düsseldorf Hbf;
08.10.2026;05:11;RB33;10358;Aachen Hbf;Heinsberg(Rheinl);10;nein;Lindern;Defekt an der Strecke
08.10.2026;05:11;S8;30812;Wuppertal-Oberbarmen;Mönchengladbach Hbf;14;nein;Wuppertal-Barmen;
08.10.2026;05:11;SBH S5;34528;Paderborn Hbf;Hannover Flughafen;0;nein;Paderborn Hbf;
08.10.2026;05:11;VIA RB35;52241;Duisburg Hbf;Mönchengladbach Hbf;3;nein;Rheinhausen Ost;
08.10.2026;05:12;Bus RE14;67503;Borken (Westf);Bottrop Hbf;4;nein;Borken (Westf);
08.10.2026;05:12;ERB RB61;20351;Osnabrück Hbf;Bielefeld Hbf;2;nein;Bünde (Westf);
08.10.2026;05:12;NX RB48;17309;Wuppertal-Oberbarmen;Köln Hbf;7;nein;Wuppertal-Oberbarmen;
08.10.2026;05:12;RB54;14801;Fröndenberg;Neuenrade;3;nein;Balve Sanssouci;
08.10.2026;05:12;RE41;16213;Bochum Hbf;Haltern am See;40;teilweise;Bochum Hbf;Verspätete Bereitstellung
08.10.2026;05:12;S19;32075;Köln Frankfurter Straße;Düren;4;nein;Merzenich;
08.10.2026;05:12;S2;30206;Essen Hbf;Dortmund Hbf;3;nein;Herne-Wanne-Eickel Hbf;
08.10.2026;05:12;S8;30811;Düsseldorf Hbf;Wuppertal-Oberbarmen;4;nein;Düsseldorf-Flingern;
08.10.2026;05:13;NWB RB75;75100;Osnabrück Hbf;Bielefeld Hbf;3;nein;Borgholzhausen;
08.10.2026;05:13;RRB RE44;26641;Duisburg Hbf;Bottrop Hbf;1;nein;Oberhausen Hbf;
08.10.2026;05:13;S11;32115;Bergisch Gladbach;Düsseldorf Flughafen Terminal;16;teilweise;Bergisch Gladbach;Verspätung aus vorheriger Fahrt
08.10.2026;05:14;RB20;30503;Aachen Hbf;Langerwehe;3;nein;Stolberg (Rheinl) Hbf;
08.10.2026;05:14;RB20;32801;Aachen Hbf;Düren;3;nein;Stolberg (Rheinl) Hbf;
08.10.2026;05:14;RB32;31241;Dortmund Hbf;Oberhausen Hbf;3;nein;Essen-Dellwig;
08.10.2026;05:14;S6;56019;Köln-Nippes;Köln-Dellbrück;2;nein;Köln Hansaring;
08.10.2026;05:14;TRI RE100;63620;Essen Hbf;Düsseldorf Hbf;6;nein;Düsseldorf Hbf;
08.10.2026;05:14;VIA RB91;21403;Lennestadt-Altenhundem;Iserlohn-Letmathe;;ja;Lennestadt-Altenhundem;Bauarbeiten
08.10.2026;05:15;Bus RE1;7675;Duisburg Hbf;Essen Hbf Kruppstraße/Am Thyssenhaus;;nein;Duisburg Hbf;
08.10.2026;05:15;Bus RE13;1497;Venlo;Mönchengladbach Hbf;;nein;Kaldenkirchen;
08.10.2026;05:15;NX RE6;89703;Dortmund Hbf;Minden(Westf);4;nein;Hamm (Westf) Hbf;
08.10.2026;05:15;RB27;10607;Grevenbroich;Köln Messe/Deutz;8;nein;Stommeln;Verspätung eines vorausfahrenden Zuges
08.10.2026;05:15;RB43;14750;Herne-Wanne-Eickel Hbf;Dortmund Hbf;13;nein;Dortmund-Huckarde Nord;Defekt an einem Signal
08.10.2026;05:16;R S28;77137;Düsseldorf Hbf;Wuppertal Hbf;1;nein;Düsseldorf Hbf;
08.10.2026;05:16;RB33;10306;Viersen;Duisburg Hbf;1;nein;Rheinhausen Ost;
08.10.2026;05:16;RB38;10069;Bedburg (Erft);Horrem;3;nein;Glesch;
08.10.2026;05:16;RE22;10057;Köln Messe/Deutz;Kall;5;nein;Köln West;Verspätung eines vorausfahrenden Zuges
08.10.2026;05:16;RRB RB36;26079;Duisburg-Ruhrort;Oberhausen Hbf;4;nein;Duisburg-Ruhrort;Vorfahrt eines anderen Zuges
08.10.2026;05:16;S4;30404;Dortmund-Lütgendortmund;Unna;2;nein;Dortmund Möllerbrücke;
08.10.2026;05:16;S6;30605;Kettwig;Essen Hbf;2;nein;Kettwig;
08.10.2026;05:17;ERB RB61;20352;Bielefeld Hbf;Hengelo;1;nein;Brake (b Bielefeld);Längere Haltezeit am Bahnhof
08.10.2026;05:17;ERB RB72;90648;Detmold;Herford;5;nein;Bad Salzuflen;Defekt an einem Signal
08.10.2026;05:17;R S28;77139;Kaarster See;Wuppertal Hbf;1;nein;Neuss Hbf;
08.10.2026;05:17;RB20;30553;Aachen Hbf;Stolberg-Altstadt;2;nein;Stolberg (Rheinl) Hbf;
08.10.2026;05:17;RB51;14600;Dortmund Hbf;Lünen Hbf;4;nein;Dortmund-Kirchderne;
08.10.2026;05:17;WFB RE15;90266;Münster(Westf)Hbf;Emden Hbf;2;nein;Reckenfeld;
08.10.2026;05:18;ERB RB66;90580;Münster(Westf)Hbf;Osnabrück Hbf;3;nein;Kattenvenne;
08.10.2026;05:18;RRB S7;29107;Remscheid-Lennep;Solingen Hbf;7;nein;Remscheid-Lennep;Warten auf einen entgegenkommenden Zug
08.10.2026;05:19;ERB RB65;52301;Rheine;Münster(Westf)Hbf;3;nein;Münster Zentrum Nord;
08.10.2026;05:19;RB RE22;10002;Gerolstein;Kall;1;nein;Dahlem (Eifel);Bauarbeiten
08.10.2026;05:19;RB51;14605;Coesfeld(Westf);Dortmund Hbf;2;nein;Dülmen;
08.10.2026;05:19;RB63;14701;Coesfeld(Westf);Münster(Westf)Hbf;3;nein;Billerbeck;
08.10.2026;05:19;RB64;14981;Gronau (Westf);Münster(Westf)Hbf;3;nein;Nordwalde;
08.10.2026;05:19;VIA RB46;31420;Bochum Hbf;Gelsenkirchen Hbf;11;nein;Bochum Hbf;Verspätung aus vorheriger Fahrt
08.10.2026;05:20;RB27;52859;Köln Messe/Deutz;Koblenz Hbf;16;nein;Roisdorf;Verspätung eines vorausfahrenden Zuges
08.10.2026;05:20;RB53;14902;Iserlohn;Dortmund Hbf;60;teilweise;Iserlohn;Technische Störung am Zug
08.10.2026;05:20;RTB RB21;90796;Düren;Untermaubach-Schlagstein;0;nein;Düren;
08.10.2026;05:20;S8;30815;Mönchengladbach Hbf;Wuppertal-Oberbarmen;2;nein;Korschenbroich;
08.10.2026;05:20;VIA RE16;31301;Iserlohn;Hagen Hbf;2;nein;Iserlohn;
08.10.2026;05:21;RB38;10068;Horrem;Bedburg (Erft);1;nein;Quadrath-Ichendorf;
08.10.2026;05:21;RB40;30756;Hagen Hbf;Essen Hbf;2;nein;Hagen-Vorhalle;
08.10.2026;05:21;RE2;10200;Münster(Westf)Hbf;Essen Hbf;7;nein;Essen Hbf;Verspätung eines vorausfahrenden Zuges
08.10.2026;05:21;VIA RB34;90496;Dalheim;Mönchengladbach Hbf;2;nein;Rheydt Hbf;
08.10.2026;05:22;ERB RB67;79281;Beelen;Münster(Westf)Hbf;1;nein;Warendorf;
08.10.2026;05:22;NWB RE18;75346;Oldenburg(Oldb)Hbf;Osnabrück Hbf;5;nein;Halen;Unwetterauswirkungen
08.10.2026;05:22;RB25;10505;Marienheide;Köln Hansaring;1;nein;Gummersbach;
08.10.2026;05:22;RE41;16212;Haltern am See;Bochum Hbf;2;nein;Marl-Sinsen;
08.10.2026;05:22;RE9;10901;Köln Hbf;Siegen Hbf;1;ja;Köln Hbf;Defekte Tür
08.10.2026;05:22;S1;56315;Essen West;Dortmund Hbf;4;teilweise;Essen West;Defekt an der Strecke
08.10.2026;05:22;S4;30403;Unna;Dortmund-Lütgendortmund;1;nein;Massen;
08.10.2026;05:22;S8;30804;Düsseldorf Hbf;Mönchengladbach Hbf;3;nein;Mönchengladbach-Lürrip;
08.10.2026;05:23;ERB RB69;89963;Hamm(Westf)Hbf;Bielefeld Hbf;18;nein;Isselhorst-Avenwedde;Verspätung eines vorausfahrenden Zuges, Verspätete Bereitstellung
08.10.2026;05:23;R S28;77138;Mettmann Stadtwald;Kaarster See;8;nein;Neuss Hbf;
08.10.2026;05:23;RB52;14650;Hagen Hbf;Dortmund Hbf;7;nein;Dortmund Hbf;Verspätung eines vorausfahrenden Zuges
08.10.2026;05:23;RE62;11500;Löhne(Westf);Rheine;1;nein;Kirchlengern;
08.10.2026;05:23;S19;31001;Köln Frankfurter Straße;Düren;5;nein;Sindorf;
08.10.2026;05:23;VIA RE19;77004;Wesel;Bocholt;2;nein;Wesel-Blumenkamp;
08.10.2026;05:24;Bus RB52;52016;Hauptbahnhof, Hagen (Westf);Brügge Bahnhof, Lüdenscheid;;nein;Dahlerbrück;
08.10.2026;05:24;NX RB48;17307;Wuppertal-Oberbarmen;Köln Hbf;7;nein;Köln-Mülheim;
08.10.2026;05:24;S1;30108;Düsseldorf Hbf;Solingen Hbf;2;nein;Solingen Vogelpark;
08.10.2026;05:24;S11;32106;Köln Hbf;Bergisch Gladbach;10;nein;Duckterath;
08.10.2026;05:25;Bus RE1;7677;Duisburg Hbf;Essen Hbf Kruppstraße/Am Thyssenhaus;;nein;Duisburg Hbf;
08.10.2026;05:25;ICE 911;911;Köln Hbf;München Hbf;4;nein;Köln Hbf;Verspätete Bereitstellung
08.10.2026;05:25;RB20;32800;Düren;Eschweiler-Weisweiler;2;nein;Langerwehe;
08.10.2026;05:25;RTB RB28;90897;Zülpich;Euskirchen;2;nein;Euskirchen;
08.10.2026;05:25;VIA RE19;20005;Emmerich;Düsseldorf Hbf;43;nein;Düsseldorf Flughafen;Technische Störung am Zug
08.10.2026;05:26;ERB RB61;20350;Osnabrück Hbf;Hengelo;1;nein;Ibbenbüren-Laggenbeck;
08.10.2026;05:26;S11;32111;Bergisch Gladbach;Düsseldorf Flughafen Terminal;29;teilweise;Köln Volkhovener Weg;Defekt an einem Signal, Umleitung
08.10.2026;05:26;S3;30307;Hattingen(Ruhr) Mitte;Essen West;8;teilweise;Essen Hbf;Defekt an der Strecke, Verspätung aus vorheriger Fahrt
08.10.2026;05:26;S4;30406;Dortmund-Lütgendortmund;Unna;1;nein;Dortmund-Lütgendortmund;
08.10.2026;05:27;S19;31006;Horrem;Hennef(Sieg);10;nein;Troisdorf;Verspätung eines vorausfahrenden Zuges
08.10.2026;05:28;ERB RB61;20353;Rheine;Bielefeld Hbf;2;nein;Ibbenbüren;Verspätung eines vorausfahrenden Zuges
08.10.2026;05:28;NWB RB75;75101;Bielefeld Hbf;Osnabrück Hbf;3;nein;Halle (Westf.) OWL-Arena;
08.10.2026;05:28;NX RB48;17306;Köln Hbf;Wuppertal-Oberbarmen;8;nein;Köln Messe/Deutz;Technischer Defekt an einem anderen Zug
08.10.2026;05:28;RE42;10101;Essen Hbf;Münster(Westf)Hbf;18;nein;Dülmen;Verspätung eines vorausfahrenden Zuges, Technischer Defekt an einem anderen Zug
08.10.2026;05:28;S12;32208;Köln Hansaring;Au(Sieg);4;ja;Köln Hansaring;Technische Störung am Zug
08.10.2026;05:28;S9;30904;Haltern am See;Wuppertal Hbf;3;nein;Essen-Überruhr;
08.10.2026;05:29;ERB RE3;89866;Dortmund Hbf;Essen Hbf;5;nein;Essen Hbf;Verspätung eines vorausfahrenden Zuges
08.10.2026;05:29;HLB RB95;28680;Dillenburg;Siegen Hbf;2;nein;Siegen Hbf;
08.10.2026;05:29;HLB RB96;61803;Betzdorf(Sieg);Dillenburg;4;nein;Altenseelbach;
08.10.2026;05:29;RB54;14803;Fröndenberg;Menden(Sauerland);1;nein;Bösperde;
08.10.2026;05:29;RE17;10700;Bestwig;Hagen Hbf;14;nein;Schwerte (Ruhr);Verspätung eines vorausfahrenden Zuges
08.10.2026;05:29;S1;30110;Düsseldorf Hbf;Solingen Hbf;5;nein;Düsseldorf-Oberbilk;
08.10.2026;05:29;S23;32305;Euskirchen;Bonn Hbf;2;nein;Meckenheim Industriepark;
08.10.2026;05:29;WFB RE15;90265;Meppen;Münster(Westf)Hbf;2;nein;Rheine;Verspätung eines vorausfahrenden Zuges
08.10.2026;05:30;ERB RB72;90645;Herford;Paderborn Hbf;5;nein;Herford;Verspätung aus vorheriger Fahrt
08.10.2026;05:30;ICE 1540;1540;Berlin Südkreuz;Köln Hbf;21;nein;Duisburg Hbf;Polizeieinsatz
08.10.2026;05:30;ICE 523;523;Dortmund Hbf;München Hbf;25;nein;Köln/Bonn Flughafen;Umleitung
08.10.2026;05:30;RRB RE14;89495;Bottrop Hbf;Essen Hbf;9;nein;Essen Hbf;Vorfahrt eines anderen Zuges
08.10.2026;05:31;Bus RE1;7672;Essen Hbf Kruppstraße/Am Thyssenhaus;Duisburg Hbf;;nein;Mülheim (Ruhr) Hbf;
08.10.2026;05:31;ERB RB65;52303;Rheine;Münster(Westf)Hbf;2;nein;Reckenfeld;
08.10.2026;05:31;NX RE5;28500;Duisburg Hbf;Wesel;8;nein;Oberhausen-Sterkrade;
08.10.2026;05:31;RB20;30555;Aachen Hbf;Stolberg-Altstadt;0;nein;Aachen Hbf;
08.10.2026;05:32;ERB RB89;90007;Münster(Westf)Hbf;Paderborn Hbf;7;nein;Hamm-Bockum-Hövel;Verspätung eines vorausfahrenden Zuges, Vorfahrt eines anderen Zuges
08.10.2026;05:32;HLB RE34;28552;Kirchhundem-Welschen Ennest;Siegen Hbf;0;nein;Kirchhundem-Welschen Ennest;
08.10.2026;05:32;NWB RB85;74901;Höxter-Ottbergen;Göttingen;1;nein;Beverungen-Wehrden;
08.10.2026;05:33;ERB RE13;20060;Mönchengladbach Hbf;Venlo;1;nein;Viersen;
08.10.2026;05:33;HLB RB90;61861;Erndtebrück;Betzdorf(Sieg);2;nein;Kredenbach;Verspätung eines vorausfahrenden Zuges
08.10.2026;05:33;NWB RB58;75245;Osnabrück Hbf;Bremen Hbf;4;nein;Halen;Vorfahrt eines anderen Zuges
08.10.2026;05:33;RE17;10743;Meschede;Brilon Wald;5;nein;Bestwig;Verspätung eines vorausfahrenden Zuges
08.10.2026;05:33;S3;30306;Essen West;Hattingen(Ruhr) Mitte;15;teilweise;Essen West;Defekt an der Strecke
08.10.2026;05:33;S8;30808;Wuppertal-Oberbarmen;Mönchengladbach Hbf;8;nein;Büttgen;
08.10.2026;05:33;VIA RB46;31489;Gelsenkirchen Hbf;Bochum Hbf;5;nein;Bochum-Hamme;
08.10.2026;05:34;ERB RE78;52273;Bielefeld Hbf;Nienburg(Weser);2;nein;Herford;Verspätung eines vorausfahrenden Zuges
08.10.2026;05:34;RB25;10501;Dieringhausen;Köln Hansaring;12;nein;Köln Messe/Deutz;Verspätung eines vorausfahrenden Zuges
08.10.2026;05:34;RB51;14603;Lünen Hbf;Dortmund Hbf;3;nein;Lünen Preußen;
08.10.2026;05:34;RB94;23150;Bad Laasphe;Erndtebrück;0;nein;Erndtebrück;
08.10.2026;05:34;RRB RB36;26680;Oberhausen Hbf;Duisburg-Ruhrort;3;nein;Duisburg-Obermeiderich;Vorfahrt eines anderen Zuges
08.10.2026;05:34;S1;30117;Düsseldorf Hbf;Duisburg Hbf;14;nein;Duisburg-Rahm;Verspätung eines vorausfahrenden Zuges
08.10.2026;05:34;S6;56014;Köln-Dellbrück;Köln-Worringen;3;nein;Köln-Longerich;
08.10.2026;05:35;Bus RE1;7679;Duisburg Hbf;Essen Hbf Kruppstraße/Am Thyssenhaus;;nein;Duisburg Hbf;
08.10.2026;05:35;RB43;14751;Herne-Wanne-Eickel Hbf;Dorsten;4;nein;Gelsenkirchen-Buer Süd;
08.10.2026;05:35;RTB RB21;90767;Heimbach (Eifel);Düren;0;nein;Düren;
08.10.2026;05:35;SBH S1;34111;Minden (Westf);Hannover Hbf;1;nein;Minden (Westf);Vorfahrt eines anderen Zuges
08.10.2026;05:36;ERB RB71;89633;Rahden;Bielefeld Hbf;8;nein;Bieren-Rödinghausen;Bauarbeiten, Defekt an einem Signal, Vorfahrt eines anderen Zuges
08.10.2026;05:36;RB53;14900;Schwerte(Ruhr);Dortmund Hbf;5;nein;Dortmund Hbf;
08.10.2026;05:36;S1;56314;Dortmund Hbf;Essen West;2;teilweise;Essen Hbf;Defekt an der Strecke
08.10.2026;05:36;S6;30618;Essen Hbf;Düsseldorf Hbf;1;nein;Essen-Hügel;
08.10.2026;05:37;ERB RB66;90581;Osnabrück Hbf;Münster(Westf)Hbf;2;nein;Kattenvenne;
08.10.2026;05:37;R S28;77143;Kaarster See;Mettmann Stadtwald;4;nein;Neuss Hbf;
08.10.2026;05:37;RB32;31244;Oberhausen Hbf;Dortmund Hbf;7;nein;Essen-Dellwig;
08.10.2026;05:37;RB33;10310;Aachen Hbf;Duisburg Hbf;63;teilweise;Aachen Hbf;Defekt an der Strecke, Verspätung aus vorheriger Fahrt
08.10.2026;05:37;RB33;10360;Aachen Hbf;Heinsberg(Rheinl);9;ja;Aachen Hbf;Defekt an der Strecke
08.10.2026;05:37;RB64;20200;Münster(Westf)Hbf;Enschede;2;nein;Steinfurt-Grottenkamp;
08.10.2026;05:37;S19;31007;Troisdorf;Düren;3;nein;Köln Messe/Deutz;
08.10.2026;05:38;Bus RB31;62003;Xanten;Moers;0;nein;Alpen;
08.10.2026;05:38;RB33;10308;Aachen Hbf;Duisburg Hbf;110;teilweise;Mönchengladbach Hbf;Bauarbeiten, Defekt an der Strecke
08.10.2026;05:38;RB43;14753;Dortmund Hbf;Dorsten;3;nein;Dortmund-Huckarde Nord;Defekt an einem Signal
08.10.2026;05:38;RB54;14800;Menden(Sauerland);Fröndenberg;1;nein;Menden (Sauerland);
08.10.2026;05:38;RRB S7;29102;Remscheid Hbf;Wuppertal Hbf;16;nein;Wuppertal-Oberbarmen;Warten auf einen entgegenkommenden Zug
08.10.2026;05:38;RRB S7;29109;Remscheid-Lennep;Solingen Hbf;2;teilweise;Remscheid-Lennep;Warten auf einen entgegenkommenden Zug
08.10.2026;05:38;RRB S7;29111;Wuppertal Hbf;Solingen Hbf;1;nein;Wuppertal-Barmen;
08.10.2026;05:39;Bus RE14;67598;Bottrop Hbf;Dorsten;0;nein;Bottrop Hbf;
08.10.2026;05:39;RB51;20250;Gronau (Westf);Enschede;1;nein;Gronau (Westf);
08.10.2026;05:39;RE22;10055;Euskirchen;Kall;2;nein;Mechernich;
08.10.2026;05:39;RRB RB31;26001;Moers;Duisburg Hbf;4;nein;Rheinhausen;
08.10.2026;05:39;S23;32302;Euskirchen;Bad Münstereifel;1;nein;Euskirchen-Stotzheim;
08.10.2026;05:40;ICE 525;525;Dortmund Hbf;München Hbf;6;nein;Gelsenkirchen Hbf;
08.10.2026;05:40;RB40;30757;Essen Hbf;Hagen Hbf;4;nein;Hagen-Vorhalle;
08.10.2026;05:41;Bus RE1;7674;Essen Hbf Kruppstraße/Am Thyssenhaus;Duisburg Hbf;;nein;Mülheim (Ruhr) Hbf;
08.10.2026;05:41;HLB RB93;61900;Erndtebrück;Aue-Wingeshausen;1;nein;Erndtebrück;
08.10.2026;05:41;NWB RB84;74956;Paderborn Hbf;Kreiensen;2;nein;Bad Driburg (Westf);
08.10.2026;05:41;NX RE1;26801;Köln/Bonn Flughafen;Hamm(Westf)Hbf;8;nein;Hamm (Westf) Hbf;
08.10.2026;05:41;RB RE22;10005;Kall;Trier Hbf;5;nein;Dahlem (Eifel);
08.10.2026;05:41;RE17;10701;Messinghausen;Warburg(Westf);2;nein;Beringhausen;
08.10.2026;05:41;RE8;10803;Mönchengladbach Hbf;Köln Messe/Deutz;32;nein;Stommeln;Defekt an einem Bahnübergang, Verspätung eines vorausfahrenden Zuges
08.10.2026;05:41;S5;31512;Dortmund Hbf;Hagen Hbf;5;nein;Witten-Annen Nord;
08.10.2026;05:41;S8;30805;Düsseldorf Hbf;Hagen Hbf;4;nein;Hagen-Wehringhausen;
08.10.2026;05:41;VIA RB39;56645;Neuss Hbf;Grevenbroich;1;nein;Holzheim (b Neuss);
08.10.2026;05:42;RB54;14802;Balve;Fröndenberg;2;nein;Balve Sanssouci;
08.10.2026;05:42;RE8;10800;Pulheim;Mönchengladbach Hbf;32;teilweise;Rheydt-Odenkirchen;Defekt an einem Bahnübergang
08.10.2026;05:42;S11;32110;Düsseldorf Hbf;Bergisch Gladbach;5;teilweise;Köln-Dellbrück;Technische Störung am Zug
08.10.2026;05:42;VIA RB34;90497;Mönchengladbach Hbf;Dalheim;1;nein;Mönchengladbach-Rheindahlen;
08.10.2026;05:43;R S28;77140;Mettmann Stadtwald;Kaarster See;28;nein;Neuss Hbf;
08.10.2026;05:43;R S28;77148;Wuppertal Hbf;Kaarster See;4;nein;Wuppertal Hbf;Verspätung aus vorheriger Fahrt
08.10.2026;05:43;RRB RE14;89494;Essen Hbf;Bottrop Hbf;3;nein;Bottrop Hbf;
08.10.2026;05:43;S2;31201;Dortmund Hbf;Dortmund-Mengede;1;nein;Dortmund-Westerfilde;
08.10.2026;05:43;S23;32306;Bonn Hbf;Bad Münstereifel;1;nein;Bonn-Endenich Nord;
08.10.2026;05:43;S5;31511;Witten Hbf;Dortmund Hbf;2;nein;Dortmund-Kruckel;
08.10.2026;05:44;HLB RB90;61669;Au (Sieg);Altenkirchen(Westerwald);2;nein;Geilhausen;
08.10.2026;05:44;RB20;30505;Aachen Hbf;Langerwehe;3;nein;Stolberg (Rheinl) Hbf;Verspätung eines vorausfahrenden Zuges
08.10.2026;05:44;RE22;10000;Euskirchen;Köln Messe/Deutz;7;nein;Köln Messe/Deutz;
08.10.2026;05:44;S23;32304;Bonn Hbf;Euskirchen;2;nein;Swisttal-Odendorf;
08.10.2026;05:44;S6;56016;Köln-Dellbrück;Köln-Worringen;3;nein;Köln Hbf;
08.10.2026;05:44;S6;56023;Köln-Worringen;Köln-Dellbrück;3;nein;Köln-Longerich;
08.10.2026;05:44;WFB RE60;95773;Osnabrück Hbf;Braunschweig Hbf;1;nein;Kirchlengern;
08.10.2026;05:45;Bus RE1;7681;Duisburg Hbf;Essen Hbf Kruppstraße/Am Thyssenhaus;;nein;Duisburg Hbf;
08.10.2026;05:45;ERB RB50;89919;Münster(Westf)Hbf;Dortmund Hbf;12;nein;Davensberg;Verspätung eines vorausfahrenden Zuges, Vorfahrt eines anderen Zuges, Verspätung aus vorheriger Fahrt
08.10.2026;05:45;NX RE11;26700;Dortmund Hbf;Essen Hbf;2;nein;Essen Hbf;
08.10.2026;05:45;RB52;14653;Dortmund Hbf;Hagen Hbf;2;nein;Dortmund Tierpark;
08.10.2026;05:45;RB63;14880;Münster(Westf)Hbf;Coesfeld(Westf);1;nein;Münster-Mecklenbeck;
08.10.2026;05:45;RE47;89306;Düsseldorf Hbf;Remscheid-Lennep;4;nein;Düsseldorf-Eller Mitte;Verspätung eines vorausfahrenden Zuges
08.10.2026;05:45;S1;30112;Duisburg Hbf;Solingen Hbf;2;nein;Düsseldorf Hbf;
08.10.2026;05:45;S19;31014;Düren;Troisdorf;4;nein;Köln-Weiden West;
08.10.2026;05:46;RB38;10252;Köln Messe/Deutz;Bedburg(Erft);5;nein;Horrem;Verspätung eines vorausfahrenden Zuges
08.10.2026;05:46;S19;31018;Düren;Troisdorf;4;nein;Merzenich;
08.10.2026;05:46;VIA RB46;31423;Gelsenkirchen Hbf;Bochum Hbf;12;nein;Gelsenkirchen Hbf;Bauarbeiten
08.10.2026;05:47;ERB RB89;90004;Hamm(Westf)Hbf;Münster(Westf)Hbf;17;nein;Münster (Westf) Hbf;Defekt an der Strecke, Verspätung eines vorausfahrenden Zuges
08.10.2026;05:47;RE9;10900;Köln Messe/Deutz;Aachen Hbf;10;nein;Köln Hbf;
08.10.2026;05:47;VIA RB91;31347;Siegen Hbf;Welschen Ennest;2;nein;Siegen-Geisweid;
08.10.2026;05:48;RB52;33801;Lüdenscheid-Brügge(Westf);Lüdenscheid;0;nein;Lüdenscheid Brügge (Westf);
08.10.2026;05:48;RB64;14983;Gronau(Westf);Münster(Westf)Hbf;2;nein;Steinfurt-Borghorst;
08.10.2026;05:48;S6;30614;Essen Hbf;Düsseldorf Hbf;2;nein;Düsseldorf Wehrhahn;
08.10.2026;05:49;Bus RB54;54002;Bahnhof, Unna;Ardey Bahnhof, Fröndenberg;;nein;Fröndenberg-Frömern;
08.10.2026;05:49;RB20;30500;Eschweiler-Weisweiler;Alsdorf-Annapark;9;nein;Herzogenrath;Verspätung eines vorausfahrenden Zuges
08.10.2026;05:49;RB20;30550;Stolberg-Altstadt;Alsdorf-Annapark;9;nein;Herzogenrath;Verspätung eines vorausfahrenden Zuges
08.10.2026;05:49;RRB RB31;26048;Duisburg Hbf;Moers;3;nein;Rheinhausen;
08.10.2026;05:49;RTB RB21;90701;Düren;Linnich Bhf;0;nein;Düren;
08.10.2026;05:50;NX RE4;26402;Düsseldorf Hbf;Aachen Hbf;48;teilweise;Mönchengladbach Hbf;Bauarbeiten, Vorfahrt eines anderen Zuges
08.10.2026;05:50;RRB RB36;26679;Duisburg-Ruhrort;Oberhausen Hbf;1;nein;Duisburg-Meiderich Süd;Vorfahrt eines anderen Zuges
08.10.2026;05:50;RRB RE10;82243;Kleve;Düsseldorf Hbf;5;nein;Düsseldorf-Bilk;
08.10.2026;05:50;RTB RB21;90768;Düren;Heimbach (Eifel);1;nein;Düren;
08.10.2026;05:50;S12;32210;Köln-Ehrenfeld;Hennef(Sieg);4;nein;Köln Hbf;
08.10.2026;05:50;S6;56020;Köln-Dellbrück;Köln-Worringen;1;nein;Köln-Holweide;
08.10.2026;05:50;S6;56021;Köln-Nippes;Köln-Dellbrück;4;nein;Köln-Holweide;
08.10.2026;05:50;VIA RB35;52243;Gelsenkirchen Hbf;Oberhausen Hbf;14;nein;Essen-Dellwig;Bauarbeiten
08.10.2026;05:51;Bus RE1;7676;Essen Hbf Kruppstraße/Am Thyssenhaus;Duisburg Hbf;;nein;Mülheim (Ruhr) Hbf;
08.10.2026;05:51;RE47;89305;Remscheid-Lennep;Düsseldorf Hbf;4;nein;Solingen Grünewald;Verspätung eines vorausfahrenden Zuges
08.10.2026;05:51;RE49;56770;Wesel;Oberhausen Hbf;6;nein;Oberhausen Hbf;
08.10.2026;05:51;RE62;11501;Rheine;Löhne(Westf);3;nein;Ibbenbüren;
08.10.2026;05:51;S5;31513;Hagen Hbf;Dortmund Hbf;1;nein;Hagen Hbf;
08.10.2026;05:51;VIA RB46;31422;Bochum Hbf;Gelsenkirchen Hbf;1;nein;Bochum West;
08.10.2026;05:51;WFB RE70;95795;Minden (Westf);Hannover Hbf;1;nein;Minden (Westf);
08.10.2026;05:52;ERB RE3;89868;Hamm(Westf)Hbf;Essen Hbf;3;nein;Dortmund-Scharnhorst;Verspätung eines vorausfahrenden Zuges
08.10.2026;05:52;S1;56317;Essen West;Dortmund Hbf;3;teilweise;Essen West;Defekt an der Strecke
08.10.2026;05:52;S11;32105;Köln Messe/Deutz;Düsseldorf Flughafen Terminal;3;nein;Düsseldorf-Unterrath;
08.10.2026;05:52;S12;32203;Troisdorf;Horrem;3;nein;Köln Hansaring;
08.10.2026;05:52;VIA RE16;29965;Iserlohn;Hagen Hbf;2;nein;Letmathe-Dechenhöhle;
08.10.2026;05:52;WFB RE60;95770;Braunschweig Hbf;Rheine;3;nein;Minden (Westf);Verzögerungen im Betriebsablauf
08.10.2026;05:53;HLB RB96;61802;Burbach (Kr Siegen);Betzdorf(Sieg);0;nein;Burbach (Kr Siegen);
08.10.2026;05:53;RB25;10502;Dieringhausen;Lüdenscheid;2;nein;Meinerzhagen;
08.10.2026;05:53;RRB RE10;82242;Düsseldorf Hbf;Kleve;5;nein;Meerbusch-Osterath;
08.10.2026;05:53;S11;32121;Bergisch Gladbach;Düsseldorf Flughafen Terminal;12;teilweise;Bergisch Gladbach;Defekt an einem Signal, Technische Störung am Zug
08.10.2026;05:53;S8;30810;Wuppertal-Oberbarmen;Mönchengladbach Hbf;3;nein;Büttgen;
08.10.2026;05:54;RB24;10401;Köln Messe/Deutz;Kall;2;nein;Köln Süd;
08.10.2026;05:54;S1;30121;Solingen Hbf;Duisburg Hbf;6;nein;Duisburg-Rahm;
08.10.2026;05:54;TR RB26;25408;Koblenz Hbf;Köln Messe/Deutz;38;nein;Köln Süd;Defekt an einem Signal, Verspätung eines vorausfahrenden Zuges
08.10.2026;05:55;Bus RE1;7683;Duisburg Hbf;Essen Hbf Kruppstraße/Am Thyssenhaus;;nein;Duisburg Hbf;
08.10.2026;05:55;Bus RE13;1501;Venlo;Mönchengladbach Hbf;;nein;Mönchengladbach Hbf;
08.10.2026;05:55;ERB RB65;52300;Münster(Westf)Hbf;Rheine;2;nein;Emsdetten;
08.10.2026;05:55;HLB RB90;61698;Altenkirchen(Westerwald);Betzdorf(Sieg);1;nein;Geilhausen;
08.10.2026;05:55;NX RB48;17308;Köln Hbf;Wuppertal-Oberbarmen;2;nein;Köln Messe/Deutz;
08.10.2026;05:55;S8;30819;Mönchengladbach Hbf;Wuppertal-Oberbarmen;2;nein;Neuss Am Kaiser;
08.10.2026;05:55;VIA RE19;20006;Duisburg Hbf;Arnhem Centraal;5;nein;Oberhausen-Sterkrade;Vorfahrt eines anderen Zuges
08.10.2026;05:56;Bus EV;93900;Aue-Wingeshausen;Bad Berleburg;0;nein;Aue-Wingeshausen;
08.10.2026;05:56;HLB RB90;61860;Au (Sieg);Hilchenbach;3;nein;Dahlbruch;
08.10.2026;05:56;NX RE5;28501;Köln Messe/Deutz;Koblenz Hbf;21;nein;Bonn Hbf;Bauarbeiten
08.10.2026;05:56;RB33;10361;Heinsberg(Rheinl);Aachen Hbf;17;ja;Lindern;Defekt an der Strecke
08.10.2026;05:56;S3;30309;Hattingen(Ruhr) Mitte;Essen West;10;teilweise;Essen Hbf;Defekt an der Strecke
08.10.2026;05:56;S4;30410;Dortmund-Lütgendortmund;Unna;10;teilweise;Dortmund-Lütgendortmund;Verspätung eines vorausfahrenden Zuges, Verspätete Bereitstellung
08.10.2026;05:56;S6;30620;Essen Hbf;Düsseldorf Hbf;1;nein;Essen-Hügel;
08.10.2026;05:56;S9;30905;Essen Hbf;Recklinghausen Hbf;18;nein;Recklinghausen Hbf;
08.10.2026;05:57;R S28;77147;Kaarster See;Wuppertal Hbf;7;nein;Neuss Hbf;
08.10.2026;05:57;RTB RB28;90847;Düren;Euskirchen;1;nein;Euskirchen;
08.10.2026;05:57;S2;30209;Dortmund Hbf;Essen Hbf;4;nein;Gelsenkirchen-Rotthausen;
08.10.2026;05:58;ERB RB73;90222;Lemgo-Lüttfeld;Bielefeld Hbf;2;nein;Hörstmar (Lippe);Defekt an der Strecke
08.10.2026;05:58;RB24;10404;Kall;Köln Messe/Deutz;2;nein;Mechernich;
08.10.2026;05:58;RB51;20254;Dortmund Hbf;Enschede;4;nein;Dortmund-Kirchderne;Verspätung aus vorheriger Fahrt
08.10.2026;05:58;RE2;10201;Münster(Westf)Hbf;Osnabrück Hbf;10;nein;Lengerich (Westf);Vorfahrt eines anderen Zuges
08.10.2026;05:58;RRB S7;29104;Solingen Hbf;Wuppertal Hbf;5;nein;Wuppertal-Oberbarmen;
08.10.2026;05:59;ERB RB69;89964;Bielefeld Hbf;Hamm(Westf)Hbf;13;nein;Ahlen (Westf);Defekt an der Strecke, Außerplanmäßige Geschwindigkeitsbeschränkung
08.10.2026;05:59;RB77;14553;Herford;Hildesheim Hbf;2;nein;Vlotho;Verspätung eines vorausfahrenden Zuges
08.10.2026;06:00;Bus EV;92914;Finnentrop;Olpe;0;nein;Finnentrop;
08.10.2026;06:00;Bus RE1;7685;Duisburg Hbf;Essen Hbf Kruppstraße/Am Thyssenhaus;;nein;Duisburg Hbf;
08.10.2026;06:00;RB25;10510;Köln Hansaring;Lüdenscheid;7;nein;Overath;Verspätung eines vorausfahrenden Zuges
08.10.2026;06:00;RB53;14901;Dortmund Hbf;Iserlohn;6;teilweise;Kalthof (Kr Iserlohn);Verspätung eines vorausfahrenden Zuges, Technischer Defekt an einem anderen Zug
08.10.2026;06:00;VIA RB39;56600;Grevenbroich;Düsseldorf Hbf;6;nein;Düsseldorf-Bilk;Vorfahrt eines anderen Zuges
08.10.2026;06:00;VIA RB91;31334;Hagen Hbf;Lennestadt-Altenhundem;2;teilweise;Iserlohn-Letmathe;
08.10.2026;06:00;VIA RE19;20009;Arnhem Centraal;Düsseldorf Hbf;8;nein;Emmerich-Elten;Vorfahrt eines anderen Zuges
08.10.2026;06:01;Bus EV;92913;Olpe;Finnentrop;0;nein;Olpe;
08.10.2026;06:01;Bus RE1;7678;Essen Hbf Kruppstraße/Am Thyssenhaus;Duisburg Hbf;;nein;Mülheim (Ruhr) Hbf;
08.10.2026;06:01;ERB RB50;89918;Dortmund Hbf;Münster(Westf)Hbf;8;nein;Capelle (Westf);Verspätung eines vorausfahrenden Zuges, Verspätung aus vorheriger Fahrt
08.10.2026;06:01;ICE 711;711;Köln Hbf;Stuttgart Hbf;0;nein;Köln Hbf;
08.10.2026;06:01;RE42;10107;Mönchengladbach Hbf;Münster(Westf)Hbf;5;nein;Duisburg Hbf;Außerplanmäßige Geschwindigkeitsbeschränkung
08.10.2026;06:01;RRB RE14;89497;Bottrop Hbf;Essen Hbf;8;nein;Essen Hbf;
08.10.2026;06:01;RRB S7;29106;Solingen Hbf;Wuppertal Hbf;1;nein;Remscheid-Lennep;
08.10.2026;06:01;S1;30116;Duisburg Hbf;Solingen Hbf;3;nein;Düsseldorf Wehrhahn;
08.10.2026;06:02;RE42;10103;Essen Hbf;Münster(Westf)Hbf;2;nein;Buldern;
08.10.2026;06:03;ICE 511;511;Köln Hbf;München Hbf;8;nein;Siegburg/Bonn;
08.10.2026;06:03;R S28;77142;Mettmann Stadtwald;Kaarster See;13;nein;Neuss Hbf;
08.10.2026;06:03;RTB RB21;90728;Linnich Bhf;Düren;6;nein;Düren;
08.10.2026;06:03;S2;31203;Dortmund Hbf;Dortmund-Mengede;1;nein;Dortmund Hbf;
08.10.2026;06:03;S3;30308;Essen West;Hattingen(Ruhr) Mitte;16;teilweise;Essen West;Defekt an der Strecke
08.10.2026;06:03;S6;30611;Düsseldorf Hbf;Essen Hbf;7;nein;Essen-Hügel;Verspätung eines vorausfahrenden Zuges
08.10.2026;06:04;HLB RE99;15103;Siegen Hbf;Frankfurt(Main)Hbf;6;nein;Wilnsdorf-Rudersdorf;
08.10.2026;06:04;RRB RB36;26682;Oberhausen Hbf;Duisburg-Ruhrort;2;nein;Duisburg-Obermeiderich;
08.10.2026;06:04;S11;32112;Düsseldorf Hbf;Bergisch Gladbach;7;nein;Duckterath;
08.10.2026;06:05;Bus RE1;7687;Duisburg Hbf;Essen Hbf Kruppstraße/Am Thyssenhaus;;nein;Duisburg Hbf;
08.10.2026;06:05;RB77;14550;Hameln;Herford;2;nein;Bad Oeynhausen Süd;Verspätung eines vorausfahrenden Zuges
08.10.2026;06:05;RTB RB21;90797;Untermaubach-Schlagstein;Düren;0;nein;Düren;
08.10.2026;06:05;S2;30210;Essen Hbf;Dortmund Hbf;8;nein;Gelsenkirchen Hbf;
08.10.2026;06:05;S5;31514;Dortmund Hbf;Witten Hbf;1;nein;Dortmund-Barop;
08.10.2026;06:06;Bus EV;90001;Au (Sieg);Altenkirchen(Westerwald);0;nein;Au (Sieg);
08.10.2026;06:06;NWB RB75;75105;Bielefeld Hbf;Osnabrück Hbf;2;nein;Quelle-Kupferheide;
08.10.2026;06:06;RB51;20252;Coesfeld(Westf);Enschede;1;nein;Rosendahl-Holtwick;
08.10.2026;06:06;S1;56316;Dortmund Hbf;Essen West;6;teilweise;Essen Hbf;Defekt an der Strecke
08.10.2026;06:06;VIA RB35;52272;Oberhausen Hbf;Gelsenkirchen Hbf;16;nein;Essen-Dellwig;Bauarbeiten
08.10.2026;06:07;Bus RE14;67507;Borken (Westf);Bottrop Hbf;0;teilweise;Deuten;
08.10.2026;06:07;ERB RB67;79280;Warendorf;Bielefeld Hbf;22;nein;Gütersloh Hbf;Defekt an der Strecke, Vorfahrt eines anderen Zuges
08.10.2026;06:07;NWB RB74;75000;Paderborn Hbf;Bielefeld Hbf;17;nein;Bielefeld Hbf;Vorfahrt eines anderen Zuges
08.10.2026;06:07;NX RE1;26800;Hamm(Westf)Hbf;Aachen Hbf;7;nein;Aachen Hbf;
08.10.2026;06:07;RE57;10776;Bestwig;Dortmund Hbf;14;nein;Dortmund-Hörde;Verspätung eines vorausfahrenden Zuges
08.10.2026;06:07;RE8;10805;Mönchengladbach Hbf;Köln Messe/Deutz;24;teilweise;Mönchengladbach Hbf;Defekt an einem Bahnübergang, Verspätung eines vorausfahrenden Zuges
08.10.2026;06:07;S4;30407;Unna-Königsborn;Dortmund-Lütgendortmund;1;nein;Massen;
08.10.2026;06:07;VIA RE16;29960;Iserlohn-Letmathe;Iserlohn;1;nein;Letmathe-Dechenhöhle;
08.10.2026;06:08;Bus RB54;54003;Ardey Bahnhof, Fröndenberg;Bahnhof, Unna;;nein;Fröndenberg-Frömern;
08.10.2026;06:08;ERB RB59;90319;Dortmund Hbf;Soest;1;nein;Dortmund Signal Iduna Park;
08.10.2026;06:08;HLB RE34;28555;Siegen Hbf;Kirchhundem-Welschen Ennest;0;nein;Siegen Hbf;
08.10.2026;06:08;ICE 208;208;Köln Hbf;Hamburg-Altona;4;nein;Gelsenkirchen Hbf;
08.10.2026;06:08;RB24;10406;Gerolstein;Köln Messe/Deutz;7;nein;Scheven;Verspätung eines vorausfahrenden Zuges
08.10.2026;06:08;RB27;10600;Köln Messe/Deutz;Mönchengladbach Hbf;17;nein;Rheydt-Odenkirchen;Verspätung eines vorausfahrenden Zuges
08.10.2026;06:08;RB38;10251;Bedburg (Erft);Köln Messe/Deutz;4;nein;Horrem;
08.10.2026;06:08;RB54;14805;Fröndenberg;Neuenrade;1;nein;Fröndenberg;
08.10.2026;06:08;RRB RE44;26640;Bottrop Hbf;Moers;7;nein;Moers;
08.10.2026;06:09;Bus RB31;62007;Xanten;Moers;0;nein;Xanten;
08.10.2026;06:09;ERB RE13;20064;Hagen Hbf;Venlo;9;nein;Ennepetal (Gevelsberg);Verspätete Bereitstellung
08.10.2026;06:09;RB20;30005;Stolberg(Rheinl)Hbf Gl.44;Eschweiler-Weisweiler;5;nein;Eilendorf;Verspätung eines vorausfahrenden Zuges
08.10.2026;06:09;RB20;30055;Stolberg(Rheinl)Hbf Gl.44;Stolberg-Altstadt;5;nein;Eilendorf;
08.10.2026;06:09;VIA RB39;56644;Grevenbroich;Neuss Hbf;3;nein;Kapellen-Wevelinghoven;
08.10.2026;06:10;Bus RE1;7689;Duisburg Hbf;Essen Hbf Kruppstraße/Am Thyssenhaus;;nein;Duisburg Hbf;
08.10.2026;06:10;ERB RB65;52305;Rheine;Münster(Westf)Hbf;3;nein;Greven;
08.10.2026;06:10;ERB RB66;90582;Münster(Westf)Hbf;Osnabrück Hbf;8;nein;Westbevern;Verspätung eines vorausfahrenden Zuges
08.10.2026;06:10;NWB RB75;75104;Osnabrück Hbf;Bielefeld Hbf;1;nein;Westbarthausen;
08.10.2026;06:10;RB33;10311;Mönchengladbach Hbf;Aachen Hbf;65;teilweise;Herzogenrath;Defekt an der Strecke
08.10.2026;06:10;RE17;10777;Hagen Hbf;Winterberg(Westf);30;teilweise;Bestwig;Defekt an einem Signal, Verspätung eines vorausfahrenden Zuges
08.10.2026;06:10;RTB RB28;90846;Euskirchen;Düren;2;nein;Düren;
08.10.2026;06:11;Bus RE1;7680;Essen Hbf Kruppstraße/Am Thyssenhaus;Duisburg Hbf;;nein;Mülheim (Ruhr) Hbf;
08.10.2026;06:11;NX RE6;89702;Düsseldorf Hbf;Köln/Bonn Flughafen;20;nein;Köln/Bonn Flughafen;
08.10.2026;06:11;RB64;14985;Gronau (Westf);Münster(Westf)Hbf;3;nein;Steinfurt-Grottenkamp;
08.10.2026;06:11;RE22;10059;Köln Messe/Deutz;Kall;7;nein;Köln Hbf;Verspätung eines vorausfahrenden Zuges
08.10.2026;06:12;Bus EV;93865;Bad Berleburg;Aue-Wingeshausen;0;nein;Bad Berleburg;
08.10.2026;06:12;NX RE4;26451;Aachen Hbf;Düsseldorf Hbf;42;teilweise;Übach-Palenberg;Bauarbeiten
08.10.2026;06:12;RE41;16215;Bochum Hbf;Haltern am See;8;nein;Bochum Hbf;Verspätung eines vorausfahrenden Zuges
08.10.2026;06:12;RRB RE10;82251;Kleve;Krefeld Hbf;5;nein;Kleve;
08.10.2026;06:13;Bus RB31;62005;Xanten;Moers;3;nein;Millingen;
08.10.2026;06:13;NX RB48;77114;Köln Hbf;Bonn-Mehlem;23;nein;Bonn-Bad Godesberg;Vorfahrt eines anderen Zuges
08.10.2026;06:13;NX RE11;26705;Essen Hbf;Kassel-Wilhelmshöhe;1;nein;Essen Hbf;
08.10.2026;06:13;RRB RE14;89498;Essen Hbf;Bottrop Hbf;7;nein;Bottrop Hbf;
08.10.2026;06:13;S1;30128;Dortmund Hbf;Essen Hbf;4;nein;Dortmund-Dorstfeld Süd;
08.10.2026;06:13;S23;32308;Bonn Hbf;Euskirchen;2;nein;Bonn-Endenich Nord;Verspätung eines vorausfahrenden Zuges
08.10.2026;06:13;S9;30902;Bottrop Hbf;Hagen Hbf;16;nein;Hagen-Wehringhausen;
08.10.2026;06:14;ERB RE13;20063;Hagen Hbf;Hamm(Westf)Hbf;6;nein;Holzwickede;Verspätung eines vorausfahrenden Zuges
08.10.2026;06:14;ICE 23;23;Dortmund Hbf;Nürnberg Hbf;27;nein;Bonn Hbf;Bauarbeiten
08.10.2026;06:14;RB32;31245;Dortmund Hbf;Oberhausen Hbf;7;nein;Essen-Dellwig;
08.10.2026;06:14;RE34;26081;Lennestadt-Altenhundem;Hagen Hbf;;ja;Lennestadt-Altenhundem;Bauarbeiten
08.10.2026;06:14;RE42;10104;Münster(Westf)Hbf;Essen Hbf;13;nein;Essen Hbf;Verspätung eines vorausfahrenden Zuges
08.10.2026;06:14;S1;30125;Solingen Hbf;Duisburg Hbf;5;nein;Duisburg-Rahm;
08.10.2026;06:14;S4;30405;Unna;Dortmund-Lütgendortmund;2;nein;Dortmund Möllerbrücke;
08.10.2026;06:14;TRI RE100;28071;Düsseldorf Hbf;Essen Hbf;8;nein;Essen Hbf;
08.10.2026;06:15;Bus RE1;7691;Duisburg Hbf;Essen Hbf Kruppstraße/Am Thyssenhaus;;nein;Duisburg Hbf;
08.10.2026;06:15;NWB RB74;75003;Bielefeld Hbf;Paderborn Hbf;19;nein;Paderborn Schloß Neuhaus;Vorfahrt eines anderen Zuges
08.10.2026;06:15;RB24;10402;Kall;Köln Messe/Deutz;3;nein;Köln Hbf;
08.10.2026;06:15;RB25;10507;Marienheide;Rösrath;4;nein;Engelskirchen;Verspätung eines vorausfahrenden Zuges
08.10.2026;06:15;RB40;30759;Essen Hbf;Hagen Hbf;1;nein;Wattenscheid;
08.10.2026;06:15;RB43;14752;Dorsten;Dortmund Hbf;5;nein;Dortmund-Huckarde Nord;Verspätung eines vorausfahrenden Zuges
08.10.2026;06:15;SBH S5;34532;Paderborn Hbf;Hannover Flughafen;0;nein;Paderborn Hbf;
08.10.2026;06:15;TRI RB37;89401;Krefeld Hbf;Neuss Hbf;1;nein;Meerbusch-Osterath;
08.10.2026;06:16;ERB RB59;90318;Soest;Dortmund Hbf;2;nein;Werl;
08.10.2026;06:16;S6;30622;Essen Hbf;Düsseldorf Hbf;6;nein;Essen-Hügel;Verspätung eines vorausfahrenden Zuges
08.10.2026;06:16;VIA RB39;56603;Düsseldorf Hbf;Bedburg(Erft);4;nein;Kapellen-Wevelinghoven;
08.10.2026;06:16;VIA RB46;31425;Gelsenkirchen Hbf;Bochum Hbf;1;nein;Gelsenkirchen Hbf;
08.10.2026;06:16;VIA RB91;21414;Kirchhundem-Welschen Ennest;Siegen Hbf;2;nein;Kreuztal-Eichen;
08.10.2026;06:17;ERB RB72;90650;Paderborn Hbf;Herford;5;nein;Bad Salzuflen;Verspätung eines vorausfahrenden Zuges
08.10.2026;06:17;RTB RB21;90731;Düren;Linnich Bhf;0;nein;Düren;
08.10.2026;06:17;WFB RE15;90268;Münster(Westf)Hbf;Emden Hbf;5;nein;Reckenfeld;Verspätete Bereitstellung
08.10.2026;06:18;RB52;14652;Hagen Hbf;Dortmund Hbf;2;nein;Dortmund Signal Iduna Park;
08.10.2026;06:18;S4;30408;Dortmund-Lütgendortmund;Unna-Königsborn;2;nein;Dortmund-Wickede West;
08.10.2026;06:18;S9;30907;Wuppertal Hbf;Haltern am See;12;nein;Marl Mitte;
08.10.2026;06:19;RB RE22;10004;Gerolstein;Kall;4;nein;Dahlem (Eifel);Bauarbeiten
08.10.2026;06:19;RB20;30004;Eschweiler-Weisweiler;Stolberg(Rheinl)Hbf Gl.44;4;nein;Herzogenrath;Verspätung eines vorausfahrenden Zuges
08.10.2026;06:19;RB20;30054;Stolberg-Altstadt;Stolberg(Rheinl)Hbf Gl.44;4;nein;Herzogenrath;Verspätung eines vorausfahrenden Zuges
08.10.2026;06:19;RB38;10071;Bedburg (Erft);Horrem;3;nein;Paffendorf;
08.10.2026;06:19;RB54;14804;Neuenrade;Fröndenberg;3;nein;Balve Sanssouci;
08.10.2026;06:19;RE17;10702;Bestwig;Hagen Hbf;15;nein;Fröndenberg;Verspätung eines vorausfahrenden Zuges
08.10.2026;06:19;RRB RE44;26643;Moers;Bottrop Hbf;15;nein;Oberhausen-Osterfeld Süd;Verzögerungen im Betriebsablauf
08.10.2026;06:19;S1;30133;Solingen Hbf;Duisburg Hbf;1;nein;Hilden Süd;
08.10.2026;06:19;S23;32313;Bad Münstereifel;Bonn Hbf;2;nein;Euskirchen-Stotzheim;Verspätung eines vorausfahrenden Zuges
08.10.2026;06:19;S6;30617;Düsseldorf Hbf;Essen Hbf;1;nein;Düsseldorf-Rath Mitte;
08.10.2026;06:20;Bus RE1;7693;Duisburg Hbf;Essen Hbf Kruppstraße/Am Thyssenhaus;;nein;Duisburg Hbf;
08.10.2026;06:20;HLB RB93;61864;Siegen Hbf;Aue-Wingeshausen;10;nein;Dahlbruch;Vorfahrt eines anderen Zuges
08.10.2026;06:20;NX RE7;17401;Hagen Hbf;Krefeld Hbf;22;nein;Krefeld-Oppum;Verspätung eines vorausfahrenden Zuges, Verspätete Bereitstellung
08.10.2026;06:20;RB53;14906;Iserlohn;Dortmund Hbf;10;teilweise;Iserlohn;Technischer Defekt an einem anderen Zug
08.10.2026;06:20;RB63;14702;Münster(Westf)Hbf;Coesfeld(Westf);4;nein;Münster-Roxel;Warten auf einen entgegenkommenden Zug
08.10.2026;06:20;RRB RB36;26681;Duisburg-Ruhrort;Oberhausen Hbf;1;nein;Duisburg-Meiderich Süd;
08.10.2026;06:20;RTB RB21;90798;Düren;Untermaubach-Schlagstein;0;nein;Düren;
08.10.2026;06:21;Bus RE1;7682;Essen Hbf Kruppstraße/Am Thyssenhaus;Duisburg Hbf;;nein;Mülheim (Ruhr) Hbf;
08.10.2026;06:21;ERB RB59;90364;Soest;Dortmund Hbf;6;nein;Dortmund Signal Iduna Park;Verspätung eines vorausfahrenden Zuges
08.10.2026;06:21;ERB RB67;79283;Beelen;Münster(Westf)Hbf;1;nein;Telgte;
08.10.2026;06:21;ERB RE3;89865;Essen Hbf;Hamm(Westf)Hbf;3;nein;Bönen-Nordbögge;
08.10.2026;06:21;NX RE4;26404;Düsseldorf Hbf;Aachen Hbf;;ja;Düsseldorf Hbf;
08.10.2026;06:21;RE2;10202;Münster(Westf)Hbf;Essen Hbf;14;nein;Essen Hbf;Verspätung eines vorausfahrenden Zuges
08.10.2026;06:21;S12;32207;Hennef (Sieg);Horrem;3;nein;Lövenich;
08.10.2026;06:21;S19;31012;Düren;Blankenberg(Sieg);15;nein;Blankenberg (Sieg);
08.10.2026;06:21;VIA RB34;90498;Dalheim;Mönchengladbach Hbf;3;nein;Rheydt Hbf;
08.10.2026;06:21;VIA RB46;31424;Bochum Hbf;Gelsenkirchen Hbf;5;nein;Bochum West;Vorfahrt eines anderen Zuges
08.10.2026;06:22;NWB RB58;75240;Vechta;Osnabrück Hbf;5;nein;Halen;Vorfahrt eines anderen Zuges
08.10.2026;06:22;RB RE22;10057;Kall;Trier Hbf;3;nein;Urft;Verspätung eines vorausfahrenden Zuges
08.10.2026;06:22;RB63;14881;Coesfeld(Westf);Münster(Westf)Hbf;4;nein;Münster (Westf) Hbf;Verspätung eines vorausfahrenden Zuges
08.10.2026;06:22;S1;56319;Essen West;Dortmund Hbf;5;teilweise;Essen West;Defekt an der Strecke
08.10.2026;06:22;S12;32214;Horrem;Hennef(Sieg);12;nein;Köln Steinstraße;Verspätung eines vorausfahrenden Zuges
08.10.2026;06:22;S41;5005;Hergenrath;Aachen Hbf;0;nein;Aachen Hbf;
08.10.2026;06:22;S8;30816;Wuppertal-Oberbarmen;Mönchengladbach Hbf;4;nein;Neuss Rheinparkcenter;
08.10.2026;06:23;Bus RE14;67509;Borken (Westf);Bottrop Hbf;11;nein;Marbeck-Heiden;
08.10.2026;06:23;R S28;77146;Mettmann Stadtwald;Kaarster See;7;nein;Neuss Hbf;Verspätung eines vorausfahrenden Zuges
08.10.2026;06:23;RB52;33802;Lüdenscheid;Rummenohl;3;nein;Dahlerbrück;
08.10.2026;06:23;SBH S1;34108;Hannover Hbf;Minden (Westf);3;nein;Minden (Westf);Vorfahrt eines anderen Zuges
08.10.2026;06:23;VIA RE19;77006;Wesel;Bocholt;6;nein;Wesel-Blumenkamp;Vorfahrt eines anderen Zuges
08.10.2026;06:24;ICE 101;101;Dortmund Hbf;Brig;14;nein;Düsseldorf Hbf;Verspätung eines vorausfahrenden Zuges
08.10.2026;06:24;NX RE1;26804;Hamm(Westf)Hbf;Aachen Hbf;18;nein;Duisburg Hbf;Vorfahrt eines anderen Zuges
08.10.2026;06:24;NX RE4;26407;Aachen Hbf;Dortmund Hbf;93;teilweise;Aachen Schanz;Bauarbeiten
08.10.2026;06:24;RE42;10108;Münster(Westf)Hbf;Essen Hbf;23;nein;Buldern;Verspätung aus vorheriger Fahrt
08.10.2026;06:24;S11;32114;Düsseldorf Hbf;Bergisch Gladbach;15;nein;Duckterath;
08.10.2026;06:24;S8;30821;Mönchengladbach Hbf;Hagen Hbf;7;nein;Düsseldorf-Bilk;
08.10.2026;06:25;Bus RE1;7695;Duisburg Hbf;Essen Hbf Kruppstraße/Am Thyssenhaus;;nein;Duisburg Hbf;
08.10.2026;06:25;ERB RE13;20062;Düsseldorf Hbf;Venlo;6;nein;Mönchengladbach Hbf;Verspätung eines vorausfahrenden Zuges, Vorfahrt eines anderen Zuges
08.10.2026;06:25;ERB RE13;20066;Hamm(Westf)Hbf;Venlo;6;teilweise;Hamm (Westf) Hbf;Verspätung eines vorausfahrenden Zuges, Vorfahrt eines anderen Zuges
08.10.2026;06:25;NWB RB74;75007;Bielefeld Hbf;Paderborn Hbf;17;nein;Schloß Holte;Defekt an einer Weiche
08.10.2026;06:25;NX RE5;28502;Köln Hbf;Wesel;13;nein;Oberhausen Hbf;Vorfahrt eines anderen Zuges
08.10.2026;06:25;RB20;32802;Düren;Eschweiler-Weisweiler;1;nein;Langerwehe;
08.10.2026;06:25;RRB S7;29115;Wuppertal Hbf;Solingen Hbf;19;teilweise;Remscheid Hbf;Warten auf einen entgegenkommenden Zug
08.10.2026;06:25;VIA RE19;20007;Emmerich;Düsseldorf Hbf;19;nein;Düsseldorf Flughafen;Vorfahrt eines anderen Zuges
08.10.2026;06:25;VIA RE19;77007;Bocholt;Düsseldorf Hbf;19;nein;Düsseldorf Flughafen;Vorfahrt eines anderen Zuges
08.10.2026;06:26;Bus RE1;7684;Essen Hbf Kruppstraße/Am Thyssenhaus;Duisburg Hbf;;nein;Mülheim (Ruhr) Hbf;
08.10.2026;06:26;ERB RE78;52274;Minden(Westf);Bielefeld Hbf;2;nein;Herford;
08.10.2026;06:26;RE57;10779;Brilon Wald;Brilon Stadt;1;nein;Brilon Wald;
08.10.2026;06:26;RRB RE10;82247;Kleve;Düsseldorf Hbf;5;nein;Krefeld Hbf;Verspätung eines vorausfahrenden Zuges
08.10.2026;06:26;S23;32311;Euskirchen;Bonn Hbf;1;nein;Euskirchen-Kuchenheim;
08.10.2026;06:26;S3;30311;Hattingen(Ruhr) Mitte;Essen West;17;teilweise;Essen Hbf;Defekt an der Strecke
08.10.2026;06:26;S4;30414;Dortmund-Lütgendortmund;Unna;10;teilweise;Dortmund-Lütgendortmund;Verspätung eines vorausfahrenden Zuges, Verspätete Bereitstellung
08.10.2026;06:27;NX RE1;26850;Aachen Hbf;Geilenkirchen;7;nein;Übach-Palenberg;
08.10.2026;06:27;RB51;14602;Dortmund Hbf;Lünen Hbf;4;nein;Lünen Hbf;Verspätung eines vorausfahrenden Zuges
08.10.2026;06:27;RB53;14904;Schwerte(Ruhr);Dortmund Hbf;15;nein;Dortmund-Hörde;Verspätung eines vorausfahrenden Zuges
08.10.2026;06:27;RRB RB31;26000;Duisburg Hbf;Moers;4;nein;Moers;
08.10.2026;06:28;HLB RB90;61601;Siegen Hbf;Limburg(Lahn);5;nein;Siegen Hbf;
08.10.2026;06:28;S2;31200;Dortmund-Mengede;Dortmund Hbf;2;nein;Dortmund Hbf;
08.10.2026;06:29;RB25;10513;Lüdenscheid;Köln Hansaring;4;nein;Dieringhausen;Verspätung eines vorausfahrenden Zuges
08.10.2026;06:29;RB25;10516;Köln Hansaring;Lüdenscheid;3;nein;Köln Trimbornstr;
08.10.2026;06:29;RB64;20202;Münster(Westf)Hbf;Enschede;2;nein;Nordwalde;
08.10.2026;06:29;S23;32309;Euskirchen;Bonn Hbf;3;nein;Meckenheim Industriepark;
08.10.2026;06:29;S6;30613;Düsseldorf Hbf;Essen Hbf;5;nein;Essen Süd;
08.10.2026;06:29;S9;30909;Hagen Hbf;Recklinghausen Hbf;46;teilweise;Bottrop Hbf;Defekt an der Strecke, Verspätete Bereitstellung
08.10.2026;06:29;VIA RB35;32900;Mönchengladbach Hbf;Duisburg-Hochfeld Süd;7;nein;Krefeld Hbf;Vorfahrt eines anderen Zuges
08.10.2026;06:29;WFB RE15;90267;Emden Hbf;Münster(Westf)Hbf;9;nein;Rheine;Verzögerungen im Betriebsablauf
08.10.2026;06:30;Bus RE1;7697;Duisburg Hbf;Essen Hbf Kruppstraße/Am Thyssenhaus;;nein;Duisburg Hbf;
08.10.2026;06:30;RB53;14903;Dortmund Hbf;Iserlohn;10;teilweise;Kalthof (Kr Iserlohn);Technischer Defekt an einem anderen Zug
08.10.2026;06:30;RE17;10703;Hagen Hbf;Warburg(Westf);41;nein;Messinghausen;Defekt an einem Signal, Verspätung eines vorausfahrenden Zuges
08.10.2026;06:30;RE18;18909;Eygelshoven Markt;Aachen Hbf;1;nein;Herzogenrath;
08.10.2026;06:30;RE18;18910;Aachen Hbf;Eygelshoven Markt;7;nein;Herzogenrath;Verspätung eines vorausfahrenden Zuges
08.10.2026;06:30;RE49;30291;Oberhausen Hbf;Wesel;10;nein;Friedrichsfeld (Niederrhein);
08.10.2026;06:30;RRB RE14;89501;Bottrop Hbf;Essen Hbf;11;nein;Essen Hbf;Defekt an der Strecke, Verspätung aus vorheriger Fahrt
08.10.2026;06:31;Bus EV;23962;Finnentrop;Olpe;0;nein;Finnentrop;
08.10.2026;06:31;Bus EV;92962;Finnentrop;Olpe;0;nein;Finnentrop;
08.10.2026;06:31;Bus RE1;7686;Essen Hbf Kruppstraße/Am Thyssenhaus;Duisburg Hbf;;nein;Mülheim (Ruhr) Hbf;
08.10.2026;06:31;ERB RB65;52307;Rheine;Münster(Westf)Hbf;5;nein;Reckenfeld;Verspätung eines vorausfahrenden Zuges
08.10.2026;06:31;ERB RB89;90009;Münster(Westf)Hbf;Paderborn Hbf;28;nein;Hamm-Bockum-Hövel;Verspätung aus vorheriger Fahrt
08.10.2026;06:31;RE42;58301;Essen Hbf;Münster(Westf)Hbf;17;nein;Buldern;Verspätung eines vorausfahrenden Zuges
08.10.2026;06:31;RRB RB31;26049;Moers;Duisburg Hbf;3;nein;Duisburg Hbf;
08.10.2026;06:31;RTB RB21;90700;Linnich Bhf;Düren;4;nein;Düren;
08.10.2026;06:31;VIA RE16;31300;Hagen Hbf;Iserlohn;9;nein;Iserlohn-Letmathe;Vorfahrt eines anderen Zuges
08.10.2026;06:32;HLB RB90;61640;Westerburg;Siegen Hbf;4;nein;Siegen Hbf;Verspätung eines vorausfahrenden Zuges
08.10.2026;06:32;HLB RE34;28554;Kirchhundem-Welschen Ennest;Siegen Hbf;0;nein;Kirchhundem-Welschen Ennest;
08.10.2026;06:32;RB38;10070;Horrem;Bedburg (Erft);3;nein;Paffendorf;
08.10.2026;06:32;RE22;10002;Kall;Köln Messe/Deutz;3;nein;Köln Süd;Bauarbeiten
08.10.2026;06:32;S19;31013;Troisdorf;Düren;9;nein;Merzenich;
08.10.2026;06:32;S6;56027;Köln-Worringen;Köln-Dellbrück;4;nein;Köln-Dellbrück;
08.10.2026;06:32;VIA RB39;56674;Grevenbroich;Neuss Hbf;7;nein;Neuss Hbf;
08.10.2026;06:32;VIA RE19;77009;Bocholt;Düsseldorf Hbf;7;nein;Wesel-Blumenkamp;Bereitstellung weiterer Wagen
08.10.2026;06:33;ERB RB65;52302;Münster(Westf)Hbf;Rheine;10;nein;Emsdetten;Verspätung eines vorausfahrenden Zuges, Vorfahrt eines anderen Zuges
08.10.2026;06:33;NWB RB58;75247;Osnabrück Hbf;Bremen Hbf;3;nein;Halen;
08.10.2026;06:33;RE41;16214;Haltern am See;Bochum Hbf;4;nein;Recklinghausen Süd;
08.10.2026;06:33;RE42;10102;Haltern am See;Mönchengladbach Hbf;18;nein;Viersen;Verspätung eines vorausfahrenden Zuges, Technischer Defekt an einem anderen Zug
08.10.2026;06:33;S2;31205;Dortmund Hbf;Dortmund-Mengede;1;nein;Dortmund Hbf;
08.10.2026;06:33;S3;30310;Essen West;Hattingen(Ruhr) Mitte;18;teilweise;Essen West;Defekt an der Strecke
08.10.2026;06:33;TR RB26;25411;Köln Messe/Deutz;Mainz Hbf;43;nein;Bonn-Bad Godesberg;Verspätung aus vorheriger Fahrt
08.10.2026;06:34;ERB RB71;89634;Bielefeld Hbf;Rahden;14;nein;Lübbecke (Westf);Bauarbeiten, Verspätung eines vorausfahrenden Zuges
08.10.2026;06:34;RB20;32803;Eschweiler-Weisweiler;Düren;4;nein;Langerwehe;Verspätung eines vorausfahrenden Zuges
08.10.2026;06:34;RB51;14607;Lünen Hbf;Dortmund Hbf;6;nein;Lünen Preußen;Verspätung aus vorheriger Fahrt
08.10.2026;06:34;RB52;33803;Rummenohl;Lüdenscheid;5;nein;Dahlerbrück;Längere Haltezeit am Bahnhof
08.10.2026;06:34;RRB RB36;26684;Oberhausen Hbf;Duisburg-Ruhrort;3;nein;Duisburg-Obermeiderich;
08.10.2026;06:35;Bus RE1;7699;Duisburg Hbf;Essen Hbf Kruppstraße/Am Thyssenhaus;;nein;Duisburg Hbf;
08.10.2026;06:35;HLB RB95;28681;Siegen Hbf;Dillenburg;3;nein;Wilnsdorf-Rudersdorf;
08.10.2026;06:35;RB33;10315;Duisburg Hbf;Aachen Hbf;48;ja;Duisburg Hbf;Defekt an der Strecke
08.10.2026;06:35;RTB RB21;90769;Heimbach (Eifel);Düren;0;nein;Düren;
08.10.2026;06:35;SBH S1;34113;Minden (Westf);Hannover Hbf;0;nein;Minden (Westf);
08.10.2026;06:35;VIA RB34;90499;Mönchengladbach Hbf;Dalheim;4;nein;Rheydt Hbf;Vorfahrt eines anderen Zuges
08.10.2026;06:36;Bus RE1;7688;Essen Hbf Kruppstraße/Am Thyssenhaus;Duisburg Hbf;;nein;Mülheim (Ruhr) Hbf;
08.10.2026;06:36;ERB RB89;90006;Paderborn Hbf;Münster(Westf)Hbf;7;nein;Rinkerode;
08.10.2026;06:36;ERB RE3;89870;Hamm(Westf)Hbf;Essen Hbf;2;nein;Bönen-Nordbögge;
08.10.2026;06:36;RE49;30290;Essen Hbf;Wuppertal Hbf;6;nein;Velbert-Neviges;
08.10.2026;06:36;S1;56318;Dortmund Hbf;Essen West;4;teilweise;Essen Hbf;Defekt an der Strecke
08.10.2026;06:36;S4;30409;Unna;Dortmund-Lütgendortmund;4;nein;Dortmund-Körne;
08.10.2026;06:36;S6;56022;Köln-Dellbrück;Köln-Worringen;3;nein;Köln Volkhovener Weg;
08.10.2026;06:36;S68;31864;Wuppertal-Vohwinkel;Düsseldorf Hbf;3;nein;Düsseldorf-Flingern;
08.10.2026;06:37;ERB RB66;90583;Osnabrück Hbf;Münster(Westf)Hbf;3;nein;Kattenvenne;
08.10.2026;06:37;NWB RB74;75004;Paderborn Hbf;Bielefeld Hbf;19;nein;Bielefeld Hbf;Vorfahrt eines anderen Zuges
08.10.2026;06:37;NX RE6;89704;Dortmund Hbf;Köln/Bonn Flughafen;21;nein;Dormagen;Vorfahrt eines anderen Zuges
08.10.2026;06:37;R S28;77153;Kaarster See;Mettmann Stadtwald;10;nein;Neuss Hbf;
08.10.2026;06:37;RB33;10312;Aachen Hbf;Duisburg Hbf;20;ja;Aachen Hbf;Defekt an der Strecke
08.10.2026;06:37;RB33;10362;Aachen Hbf;Heinsberg(Rheinl);1;ja;Aachen Hbf;Defekt an der Strecke
08.10.2026;06:37;S41;5027;Aachen Hbf;Hergenrath;1;nein;Aachen Hbf;
08.10.2026;06:38;ERB RB59;90365;Dortmund Hbf;Soest;5;nein;Dortmund Signal Iduna Park;Verspätung eines vorausfahrenden Zuges, Verspätung aus vorheriger Fahrt
08.10.2026;06:38;RB27;10609;Mönchengladbach Hbf;Köln Messe/Deutz;40;nein;Köln Hbf;Defekt an der Strecke, Defekt an einem Bahnübergang
08.10.2026;06:38;RRB S7;29119;Wuppertal Hbf;Solingen Hbf;1;nein;Wuppertal-Barmen;
08.10.2026;06:38;S1;30118;Duisburg Hbf;Solingen Hbf;21;teilweise;Hilden;Verspätete Bereitstellung, Verspätung aus vorheriger Fahrt
08.10.2026;06:39;NX RE1;26803;Köln Hbf;Hamm(Westf)Hbf;11;nein;Hamm (Westf) Hbf;Vorfahrt eines anderen Zuges
08.10.2026;06:39;RB94;23155;Erndtebrück;Marburg(Lahn);0;nein;Erndtebrück;
08.10.2026;06:39;S1;30137;Solingen Hbf;Duisburg Hbf;1;nein;Hilden Süd;
08.10.2026;06:39;S6;30619;Düsseldorf Hbf;Essen Hbf;1;nein;Düsseldorf-Rath Mitte;
08.10.2026;06:39;VIA RB39;56602;Bedburg (Erft);Düsseldorf Hbf;4;nein;Kapellen-Wevelinghoven;
08.10.2026;06:40;Bus RE1;7701;Duisburg Hbf;Essen Hbf Kruppstraße/Am Thyssenhaus;;nein;Duisburg Hbf;
08.10.2026;06:40;ERB RB50;89920;Dortmund Hbf;Münster(Westf)Hbf;7;nein;Dortmund-Kirchderne;Verspätung eines vorausfahrenden Zuges, Verspätung aus vorheriger Fahrt
08.10.2026;06:40;ERB RB73;90221;Bielefeld Hbf;Lemgo-Lüttfeld;2;nein;Hörstmar (Lippe);
08.10.2026;06:40;HLB RB93;61863;Erndtebrück;Siegen Hbf;13;nein;Siegen Hbf;Verspätung eines vorausfahrenden Zuges
08.10.2026;06:40;ICE 527;527;Dortmund Hbf;München Hbf;3;nein;Gelsenkirchen Hbf;
08.10.2026;06:40;NX RE7;17400;Hagen Hbf;Rheine;10;nein;Reckenfeld;Defekt an der Strecke
08.10.2026;06:41;Bus RE1;7690;Essen Hbf Kruppstraße/Am Thyssenhaus;Duisburg Hbf;;nein;Mülheim (Ruhr) Hbf;
08.10.2026;06:41;ERB RB69;89965;Hamm(Westf)Hbf;Herford;3;nein;Bielefeld Hbf;Technische Störung am Zug, Verspätung eines vorausfahrenden Zuges
08.10.2026;06:41;S12;32209;Au (Sieg);Horrem;6;nein;Lövenich;
08.10.2026;06:41;VIA RB35;52245;Gelsenkirchen Hbf;Oberhausen Hbf;17;nein;Essen-Zollverein Nord;Vorfahrt eines anderen Zuges
08.10.2026;06:42;Bus RE14;67498;Bottrop Hbf;Borken(Westf);4;nein;Gladbeck West;
08.10.2026;06:42;HLB RB95;28682;Dillenburg;Siegen Hbf;4;nein;Siegen Hbf;Außerplanmäßige Geschwindigkeitsbeschränkung
08.10.2026;06:42;S11;32118;Düsseldorf Hbf;Bergisch Gladbach;11;teilweise;Köln-Dellbrück;Defekt an einem Signal
08.10.2026;06:42;S4;30411;Unna-Königsborn;Dortmund-Lütgendortmund;3;nein;Dortmund-Wickede West;
08.10.2026;06:43;Bus RE14;67496;Dorsten;Coesfeld(Westf);0;nein;Dorsten;
08.10.2026;06:43;HLB RB90;61666;Altenkirchen(Westerwald);Kreuztal;3;nein;Au (Sieg);
08.10.2026;06:43;IC 60402;60402;Zürich HB;Amsterdam Centraal;74;nein;Oberhausen Hbf;Warten auf Anschlussreisende, Bauarbeiten, Verspätung eines vorausfahrenden Zuges
08.10.2026;06:43;ICE 1511;1511;Köln Hbf;Frankfurt(Main)Hbf;1;nein;Siegburg/Bonn;
08.10.2026;06:43;NJ 402;402;Zürich HB;Amsterdam Centraal;74;nein;Oberhausen Hbf;Warten auf Anschlussreisende, Bauarbeiten, Verspätung eines vorausfahrenden Zuges
08.10.2026;06:43;NX RB48;17314;Bonn-Mehlem;Wuppertal-Oberbarmen;12;nein;Bonn-Mehlem;Verspätung eines vorausfahrenden Zuges
08.10.2026;06:43;RRB RE14;89500;Essen Hbf;Bottrop Hbf;8;nein;Bottrop Hbf;
08.10.2026;06:43;S19;31017;Hennef (Sieg);Düren;13;nein;Sindorf;Verspätung aus vorheriger Fahrt
08.10.2026;06:43;S4;30416;Dortmund-Lütgendortmund;Unna-Königsborn;1;nein;Dortmund-Somborn;
08.10.2026;06:43;S5;31515;Witten Hbf;Dortmund Hbf;2;nein;Dortmund-Kruckel;
08.10.2026;06:44;IC 2443;2443;Koblenz Hbf;Dresden Hbf;70;teilweise;Bonn Hbf;Technische Störung am Zug, Defektes Stellwerk, Verspätetes Personal aus vorheriger Fahrt
08.10.2026;06:44;NWB RB75;75109;Bielefeld Hbf;Halle(Westf);2;nein;Steinhagen Bielefelder Straße;
08.10.2026;06:44;RB20;30507;Alsdorf-Annapark;Langerwehe;13;nein;Stolberg (Rheinl) Hbf;Verspätung eines vorausfahrenden Zuges
08.10.2026;06:44;S1;30129;Solingen Hbf;Duisburg Hbf;3;nein;Duisburg Schlenk;
08.10.2026;06:44;S11;32136;Düsseldorf Flughafen Terminal;Bergisch Gladbach;19;teilweise;Düsseldorf Flughafen Terminal;Defekt an einem Signal
08.10.2026;06:45;Bus EV;32862;Erndtebrück;Bad Berleburg;0;nein;Erndtebrück;
08.10.2026;06:45;Bus RE1;7703;Duisburg Hbf;Essen Hbf Kruppstraße/Am Thyssenhaus;;nein;Duisburg Hbf;
08.10.2026;06:45;NX RE11;26702;Hamm (Westf) Hbf;Essen Hbf;1;nein;Essen Hbf;
08.10.2026;06:46;Bus RE1;7692;Essen Hbf Kruppstraße/Am Thyssenhaus;Duisburg Hbf;;nein;Mülheim (Ruhr) Hbf;
08.10.2026;06:46;RB38;10253;Bedburg (Erft);Köln Messe/Deutz;3;nein;Glesch;
08.10.2026;06:46;RE8;10802;Köln Messe/Deutz;Mönchengladbach Hbf;9;nein;Rheydt Hbf;Verspätung eines vorausfahrenden Zuges
08.10.2026;06:46;RRB RB31;26003;Moers;Duisburg Hbf;3;nein;Duisburg Hbf;
08.10.2026;06:46;RRB RB36;26683;Duisburg-Ruhrort;Oberhausen Hbf;2;nein;Duisburg-Ruhrort;
08.10.2026;06:46;S4;30412;Dortmund-Lütgendortmund;Unna-Königsborn;15;teilweise;Dortmund-Asseln Mitte;Verspätung eines vorausfahrenden Zuges
08.10.2026;06:46;S8;30823;Mönchengladbach Hbf;Wuppertal-Oberbarmen;6;nein;Düsseldorf-Friedrichstadt;
08.10.2026;06:46;SBH S5;34519;Hannover Flughafen;Paderborn Hbf;37;nein;Paderborn Hbf;Vorfahrt eines anderen Zuges, Verfügbarkeit der Gleise derzeit eingeschränkt
08.10.2026;06:46;VIA RB39;56647;Neuss Hbf;Bedburg(Erft);7;nein;Kapellen-Wevelinghoven;
08.10.2026;06:47;ERB RB65;52304;Münster(Westf)Hbf;Rheine;4;nein;Greven;Verspätung eines vorausfahrenden Zuges
08.10.2026;06:47;NWB RB84;74958;Paderborn Hbf;Holzminden;4;teilweise;Höxter-Ottbergen;Kurzfristiger Personalausfall
08.10.2026;06:47;NX RE7;17405;Münster(Westf)Hbf;Krefeld Hbf;8;nein;Ennepetal (Gevelsberg);
08.10.2026;06:47;RB20;30557;Alsdorf-Annapark;Stolberg-Altstadt;15;nein;Stolberg (Rheinl) Hbf;Verspätung eines vorausfahrenden Zuges
08.10.2026;06:47;RE49;30293;Wuppertal Hbf;Essen Hbf;10;nein;Essen Hbf;
08.10.2026;06:47;RRB S7;29108;Solingen Hbf;Wuppertal Hbf;5;nein;Wuppertal Hbf;Verspätung eines vorausfahrenden Zuges
08.10.2026;06:47;RTB RB21;90703;Düren;Linnich Bhf;0;nein;Düren;
08.10.2026;06:48;RB64;14987;Gronau(Westf);Münster(Westf)Hbf;2;nein;Steinfurt-Borghorst;
08.10.2026;06:48;RE2;10203;Essen Hbf;Osnabrück Hbf;8;nein;Ostbevern;Verspätung eines vorausfahrenden Zuges
08.10.2026;06:48;S11;32119;Bergisch Gladbach;Düsseldorf Flughafen Terminal;24;teilweise;Neuss Am Kaiser;Defekt an einem Signal, Verspätung eines vorausfahrenden Zuges
08.10.2026;06:48;S9;30906;Recklinghausen Hbf;Hagen Hbf;12;nein;Wuppertal-Langerfeld;
08.10.2026;06:48;VIA RE16;29967;Iserlohn;Iserlohn-Letmathe;3;nein;Iserlohn;
08.10.2026;06:49;Bus RB54;54004;Bahnhof, Unna;Ardey Bahnhof, Fröndenberg;;nein;Fröndenberg-Frömern;
08.10.2026;06:49;RB20;30502;Langerwehe;Alsdorf-Annapark;5;nein;Herzogenrath;Verspätung eines vorausfahrenden Zuges
08.10.2026;06:49;RB20;30552;Stolberg-Altstadt;Alsdorf-Annapark;5;nein;Herzogenrath;Verspätung eines vorausfahrenden Zuges
08.10.2026;06:49;S1;30123;Essen Hbf;Dortmund Hbf;2;nein;Essen-Eiberg;
08.10.2026;06:50;Bus RE1;7705;Duisburg Hbf;Essen Hbf Kruppstraße/Am Thyssenhaus;;nein;Duisburg Hbf;
08.10.2026;06:50;ICE 2214;2214;Köln Hbf;Westerland(Sylt);40;nein;Münster (Westf) Hbf;Verspätete Bereitstellung
08.10.2026;06:50;NWB RB85;74907;Paderborn Hbf;Göttingen;5;nein;Beverungen-Wehrden;Vorfahrt eines anderen Zuges
08.10.2026;06:50;RB53;14908;Iserlohn;Dortmund Hbf;13;teilweise;Iserlohn;Technischer Defekt an einem anderen Zug
08.10.2026;06:50;RE57;10782;Winterberg(Westf);Bestwig;;ja;Winterberg (Westf);Defekt an einem Signal
08.10.2026;06:50;RTB RB21;90770;Düren;Heimbach (Eifel);0;nein;Düren;
08.10.2026;06:50;TRI RB37;89400;Neuss Hbf;Krefeld Hbf;2;nein;Krefeld-Oppum;
08.10.2026;06:51;Bus RE1;7694;Essen Hbf Kruppstraße/Am Thyssenhaus;Duisburg Hbf;;nein;Mülheim (Ruhr) Hbf;
08.10.2026;06:51;RB24;10408;Kall;Köln Messe/Deutz;3;nein;Kall;
08.10.2026;06:51;RB40;30758;Hagen Hbf;Essen Hbf;2;nein;Essen-Kray Süd;
08.10.2026;06:51;RB54;14807;Fröndenberg;Menden(Sauerland);2;nein;Bösperde;
08.10.2026;06:51;RE47;89307;Remscheid-Lennep;Düsseldorf Hbf;3;nein;Solingen Grünewald;
08.10.2026;06:51;RE49;56772;Wesel;Oberhausen Hbf;13;nein;Oberhausen Hbf;Verspätung eines vorausfahrenden Zuges
08.10.2026;06:51;VIA RB35;32901;Duisburg Hbf;Mönchengladbach Hbf;15;nein;Mönchengladbach Hbf;Vorfahrt eines anderen Zuges
08.10.2026;06:51;VIA RB46;31426;Bochum Hbf;Gelsenkirchen Hbf;2;nein;Bochum West;
08.10.2026;06:51;WFB RE70;95797;Minden (Westf);Hannover Hbf;0;nein;Minden (Westf);
08.10.2026;06:52;RB77;14555;Herford;Hildesheim Hbf;3;nein;Bad Oeynhausen Süd;
08.10.2026;06:52;RRB RB31;26050;Duisburg Hbf;Moers;6;nein;Rumeln;
08.10.2026;06:52;RRB S7;29116;Solingen Hbf;Wuppertal Hbf;14;teilweise;Solingen Hbf;Warten auf einen entgegenkommenden Zug
08.10.2026;06:52;S1;30119;Essen Hbf;Dortmund Hbf;8;nein;Dortmund Hbf;
08.10.2026;06:52;S1;56321;Essen West;Dortmund Hbf;2;teilweise;Essen West;Defekt an der Strecke
08.10.2026;06:52;S6;56029;Köln-Worringen;Köln-Dellbrück;7;nein;Köln-Dellbrück;
08.10.2026;06:52;TRI RE100;28072;Essen Hbf;Düsseldorf Hbf;12;nein;Düsseldorf Hbf;
08.10.2026;06:52;VIA RB91;21415;Siegen Hbf;Welschen Ennest;4;nein;Kreuztal;Vorfahrt eines anderen Zuges
08.10.2026;06:52;WFB RE70;95823;Bielefeld Hbf;Braunschweig Hbf;8;nein;Bad Oeynhausen;Verspätung eines vorausfahrenden Zuges
08.10.2026;06:53;Bus RE14;67511;Coesfeld (Westf);Dorsten;1;nein;Lembeck;
08.10.2026;06:53;ERB RE82;79340;Bielefeld Hbf;Horn-Bad Meinberg;2;nein;Bad Salzuflen;
08.10.2026;06:53;ERB RE82;79341;Horn-Bad Meinberg;Bielefeld Hbf;2;nein;Oerlinghausen;
08.10.2026;06:53;RB51;14611;Gronau(Westf);Dortmund Hbf;3;nein;Lünen Preußen;
08.10.2026;06:53;S1;30141;Solingen Hbf;Duisburg Hbf;18;teilweise;Solingen Hbf;Verspätung aus vorheriger Fahrt
08.10.2026;06:53;S11;32131;Bergisch Gladbach;Düsseldorf Flughafen Terminal;13;teilweise;Bergisch Gladbach;Defekt an einem Signal
08.10.2026;06:53;S11;32132;Düsseldorf Flughafen Terminal;Bergisch Gladbach;13;teilweise;Dormagen;Defekt an einem Signal
08.10.2026;06:53;S8;30818;Hagen Hbf;Mönchengladbach Hbf;5;nein;Büttgen;
08.10.2026;06:54;ERB RB59;90366;Soest;Dortmund Hbf;3;nein;Lünern;
08.10.2026;06:54;ERB RB71;89635;Rahden;Bielefeld Hbf;9;nein;Hiddenhausen-Schweicheln;Bauarbeiten, Verspätung eines vorausfahrenden Zuges, Vorfahrt eines anderen Zuges
08.10.2026;06:54;NX RE4;26455;Aachen Hbf;Düsseldorf Hbf;27;teilweise;Aachen Schanz;
08.10.2026;06:55;Bus RE1;7707;Duisburg Hbf;Essen Hbf Kruppstraße/Am Thyssenhaus;;nein;Duisburg Hbf;
08.10.2026;06:55;HLB RB90;61700;Altenkirchen(Westerwald);Betzdorf(Sieg);1;nein;Geilhausen;
08.10.2026;06:55;HLB RE99;15131;Au (Sieg);Gießen;2;nein;Wilnsdorf-Rudersdorf;
08.10.2026;06:55;NX RB48;17312;Köln Hbf;Wuppertal-Oberbarmen;1;nein;Köln Messe/Deutz;
08.10.2026;06:55;RB25;10519;Lüdenscheid;Köln Hansaring;5;nein;Meinerzhagen;Verspätung eines vorausfahrenden Zuges
08.10.2026;06:55;RE2;10204;Osnabrück Hbf;Essen Hbf;11;nein;Recklinghausen Hbf;Verspätung eines vorausfahrenden Zuges
08.10.2026;06:55;RRB S7;29123;Wuppertal Hbf;Solingen Hbf;3;nein;Wuppertal-Unterbarmen;
08.10.2026;06:55;S19;31021;Troisdorf;Düren;10;nein;Köln Messe/Deutz;Verspätung eines vorausfahrenden Zuges
08.10.2026;06:55;VIA RE19;20008;Düsseldorf Hbf;Arnhem Centraal;11;nein;Oberhausen-Sterkrade;Vorfahrt eines anderen Zuges
08.10.2026;06:55;VIA RE19;77008;Düsseldorf Hbf;Bocholt;11;nein;Oberhausen-Sterkrade;Vorfahrt eines anderen Zuges
08.10.2026;06:56;Bus RB31;62000;Moers;Xanten;3;nein;Rheinberg (Rheinl);
08.10.2026;06:56;Bus RE1;7696;Essen Hbf Kruppstraße/Am Thyssenhaus;Duisburg Hbf;;nein;Mülheim (Ruhr) Hbf;
08.10.2026;06:56;Bus RE14;67494;Bottrop Hbf;Borken(Westf);23;teilweise;Deuten;
08.10.2026;06:56;ICE 618;618;München Hbf;Hamburg-Altona;5;nein;Oberhausen Hbf;Bauarbeiten
08.10.2026;06:56;NX RE5;28503;Wesel;Koblenz Hbf;44;teilweise;Bonn Hbf;Bauarbeiten
08.10.2026;06:56;RB33;10363;Heinsberg(Rheinl);Aachen Hbf;14;ja;Lindern;Defekt an der Strecke
08.10.2026;06:56;RB63;14705;Coesfeld(Westf);Münster(W)Zentrum Nord;4;nein;Münster Zentrum Nord;
08.10.2026;06:56;RRB RE10;82316;Krefeld Hbf;Geldern;2;nein;Kempen (Niederrhein);
08.10.2026;06:56;S23;32315;Euskirchen;Bonn Hbf;2;nein;Euskirchen-Kuchenheim;Verspätung eines vorausfahrenden Zuges
08.10.2026;06:56;S3;30313;Hattingen(Ruhr) Mitte;Essen West;17;teilweise;Essen Hbf;Defekt an der Strecke
08.10.2026;06:56;S4;30418;Dortmund-Lütgendortmund;Unna;1;nein;Dortmund-Lütgendortmund;
08.10.2026;06:56;S6;30628;Essen Hbf;Düsseldorf Hbf;2;nein;Essen-Hügel;
08.10.2026;06:56;S68;31866;Wuppertal-Vohwinkel;Düsseldorf Hbf;5;nein;Düsseldorf-Flingern;
08.10.2026;06:56;TR RB26;25410;Bingen(Rhein) Hbf;Köln Messe/Deutz;58;nein;Köln West;Defekt an einem Signal
08.10.2026;06:57;ERB RE13;20067;Venlo;Hamm(Westf)Hbf;25;nein;Neuss Hbf;Defekt an einem Bahnübergang, Vorfahrt eines anderen Zuges, Verfügbarkeit der Gleise derzeit eingeschränkt
08.10.2026;06:57;HLB RB96;61804;Dillenburg;Betzdorf(Sieg);3;nein;Burbach (Kr Siegen);Verspätung eines vorausfahrenden Zuges
08.10.2026;06:57;RB43;14755;Dortmund Hbf;Dorsten;6;nein;Castrop-Rauxel Süd;Warten auf einen entgegenkommenden Zug
08.10.2026;06:57;RTB RB28;90849;Düren;Euskirchen;4;nein;Euskirchen;
08.10.2026;06:58;Bus RB54;54005;Ardey Bahnhof, Fröndenberg;Bahnhof, Unna;;nein;Fröndenberg-Frömern;
08.10.2026;06:58;RB51;14609;Lünen Hbf;Dortmund Hbf;2;nein;Dortmund Hbf;
08.10.2026;06:58;RRB S7;29110;Solingen Hbf;Wuppertal Hbf;3;nein;Wuppertal-Oberbarmen;
08.10.2026;06:58;RRB S7;29117;Wuppertal Hbf;Solingen Hbf;7;nein;Solingen Mitte;
08.10.2026;06:58;S2;31202;Dortmund-Mengede;Dortmund Hbf;7;nein;Dortmund Hbf;
08.10.2026;06:58;S23;32312;Bonn Hbf;Rheinbach;4;nein;Bonn-Endenich Nord;Verspätung eines vorausfahrenden Zuges
08.10.2026;06:58;S5;31516;Dortmund Hbf;Hagen Hbf;4;nein;Hagen-Vorhalle;
08.10.2026;06:58;S9;30908;Haltern am See;Wuppertal Hbf;22;nein;Wuppertal-Vohwinkel;
08.10.2026;06:59;ERB RB69;89966;Bielefeld Hbf;Hamm(Westf)Hbf;18;nein;Ahlen (Westf);Defekt an der Strecke, Außerplanmäßige Geschwindigkeitsbeschränkung
08.10.2026;06:59;ERB RB89;90002;Hamm(Westf)Hbf;Münster(Westf)Hbf;11;nein;Münster-Hiltrup;Außerplanmäßige Geschwindigkeitsbeschränkung, Verspätete Bereitstellung
08.10.2026;06:59;RB32;31246;Oberhausen Hbf;Dortmund Hbf;8;nein;Gelsenkirchen Hbf;Verspätung eines vorausfahrenden Zuges
08.10.2026;07:00;Bus EV;92916;Finnentrop;Olpe;0;nein;Finnentrop;
08.10.2026;07:00;Bus RE1;7709;Duisburg Hbf;Essen Hbf Kruppstraße/Am Thyssenhaus;;nein;Duisburg Hbf;
08.10.2026;07:00;HLB RB90;61673;Betzdorf(Sieg);Altenkirchen(Westerwald);4;nein;Au (Sieg);Längere Haltezeit am Bahnhof
08.10.2026;07:00;ICE 541;541;Köln Hbf;Berlin Hbf;5;nein;Minden (Westf);
08.10.2026;07:00;RB53;14905;Dortmund Hbf;Iserlohn;12;teilweise;Kalthof (Kr Iserlohn);Technischer Defekt an einem anderen Zug
08.10.2026;07:00;RE18;18911;Eygelshoven Markt;Aachen Hbf;1;nein;Herzogenrath;
08.10.2026;07:00;RE18;18912;Aachen Hbf;Eygelshoven Markt;5;nein;Herzogenrath;
08.10.2026;07:00;RE47;89308;Düsseldorf Hbf;Remscheid-Lennep;10;nein;Solingen Hbf;Verspätung eines vorausfahrenden Zuges
08.10.2026;07:00;VIA RB91;31336;Hagen Hbf;Lennestadt-Altenhundem;2;teilweise;Iserlohn-Letmathe;
08.10.2026;07:01;Bus EV;92915;Olpe;Finnentrop;0;nein;Olpe;
08.10.2026;07:01;Bus RE1;7698;Essen Hbf Kruppstraße/Am Thyssenhaus;Duisburg Hbf;;nein;Mülheim (Ruhr) Hbf;
08.10.2026;07:01;RB64;14980;Münster(Westf)Hbf;Steinfurt-Burgsteinfurt;2;nein;Nordwalde;
08.10.2026;07:01;RRB RE14;89503;Bottrop Hbf;Essen Hbf;19;nein;Essen Hbf;Defekt an der Strecke
08.10.2026;07:01;RTB RB21;90730;Linnich Bhf;Düren;2;nein;Düren;
08.10.2026;07:01;S12;32213;Hennef (Sieg);Horrem;2;nein;Lövenich;
08.10.2026;07:01;S9;30914;Recklinghausen Hbf;Hagen Hbf;10;teilweise;Recklinghausen Hbf;Polizeieinsatz, Verspätete Bereitstellung, Verspätung aus vorheriger Fahrt
08.10.2026;07:02;HLB RB90;61699;Siegen Hbf;Betzdorf(Sieg);9;nein;Eiserfeld (Sieg);Verspätung eines vorausfahrenden Zuges
08.10.2026;07:02;HLB RB90;61704;Betzdorf(Sieg);Siegen Hbf;4;nein;Siegen Hbf;
08.10.2026;07:02;HLB RB93;61907;Hilchenbach;Siegen Hbf;14;nein;Siegen Hbf;Vorfahrt eines anderen Zuges
08.10.2026;07:02;ICE 103;103;Hamburg-Altona;Basel SBB;3;nein;Münster (Westf) Hbf;
08.10.2026;07:02;NX RE4;26405;Aachen Hbf;Dortmund Hbf;180;teilweise;Wuppertal Hbf;Bauarbeiten, Vorfahrt eines anderen Zuges
08.10.2026;07:02;RB38;10254;Köln Messe/Deutz;Bedburg(Erft);3;nein;Paffendorf;
08.10.2026;07:02;RE8;10807;Kaldenkirchen;Köln Messe/Deutz;68;nein;Stommeln;Technische Störung am Zug, Defekt an der Strecke, Verspätung eines vorausfahrenden Zuges
08.10.2026;07:02;S6;56024;Köln-Dellbrück;Köln-Worringen;23;nein;Köln-Blumenberg;
08.10.2026;07:03;ERB RB89;90008;Paderborn Hbf;Münster(Westf)Hbf;6;nein;Welver;Verspätung eines vorausfahrenden Zuges
08.10.2026;07:03;ICE 913;913;Dortmund Hbf;München Hbf;6;nein;Düsseldorf Hbf;
08.10.2026;07:03;R S28;77152;Wuppertal Hbf;Kaarster See;3;nein;Neuss Hbf;
08.10.2026;07:03;RB54;14806;Menden(Sauerland);Fröndenberg;1;nein;Bösperde;
08.10.2026;07:03;S19;52781;Troisdorf;Düren;5;nein;Sindorf;Verspätung eines vorausfahrenden Zuges
08.10.2026;07:03;S3;30312;Essen West;Hattingen(Ruhr) Mitte;12;teilweise;Essen West;Defekt an der Strecke
08.10.2026;07:03;S8;30826;Hagen Hbf;Mönchengladbach Hbf;6;nein;Wuppertal Zoologischer Garten;Verspätung eines vorausfahrenden Zuges
08.10.2026;07:03;VIA RB39;56677;Neuss Hbf;Grevenbroich;1;nein;Kapellen-Wevelinghoven;
08.10.2026;07:03;VIA RB46;31427;Gelsenkirchen Hbf;Bochum Hbf;3;nein;Bochum-Hamme;
08.10.2026;07:04;ERB RB89;90057;Hamm(Westf)Hbf;Paderborn Hbf;6;nein;Scharmede;Verspätung eines vorausfahrenden Zuges
08.10.2026;07:04;NWB RB75;75111;Bielefeld Hbf;Osnabrück Hbf;5;nein;Bielefeld-Brackwede;Bereitstellung weiterer Wagen
08.10.2026;07:04;NX RE4;26453;Aachen Hbf;Düsseldorf Hbf;152;nein;Mönchengladbach Hbf;Bauarbeiten, Defekt an der Strecke
08.10.2026;07:04;RB40;30760;Hagen Hbf;Essen Hbf;8;nein;Wetter (Ruhr);Verspätung eines vorausfahrenden Zuges
08.10.2026;07:04;RRB RB36;26686;Oberhausen Hbf;Duisburg-Ruhrort;3;nein;Duisburg-Obermeiderich;
08.10.2026;07:04;S1;30120;Duisburg Hbf;Solingen Hbf;10;nein;Solingen Vogelpark;Verspätung eines vorausfahrenden Zuges
08.10.2026;07:04;S11;32120;Düsseldorf Flughafen Terminal;Bergisch Gladbach;6;nein;Duckterath;
08.10.2026;07:04;S4;30415;Unna-Königsborn;Dortmund-Lütgendortmund;9;teilweise;Unna-Königsborn;Verspätung eines vorausfahrenden Zuges
08.10.2026;07:05;Bus RE1;7711;Duisburg Hbf;Essen Hbf Kruppstraße/Am Thyssenhaus;;nein;Duisburg Hbf;
08.10.2026;07:05;ERB RB50;89921;Münster(Westf)Hbf;Dortmund Hbf;7;nein;Werne a d Lippe;Verspätung eines vorausfahrenden Zuges, Verspätung aus vorheriger Fahrt
08.10.2026;07:05;NWB RB84;74957;Holzminden;Paderborn Hbf;8;nein;Paderborn Hbf;Vorfahrt eines anderen Zuges
08.10.2026;07:05;NWB RB85;74900;Bodenfelde;Paderborn Hbf;8;nein;Paderborn Hbf;Vorfahrt eines anderen Zuges
08.10.2026;07:05;NX RB48;17313;Wuppertal-Oberbarmen;Köln Hbf;7;nein;Köln Hbf;
08.10.2026;07:05;RTB RB21;90799;Untermaubach-Schlagstein;Düren;1;nein;Düren;
08.10.2026;07:05;S23;32321;Bad Münstereifel;Bonn Hbf;1;nein;Bad Münstereifel;
08.10.2026;07:05;S5;31518;Dortmund Hbf;Witten Hbf;1;nein;Dortmund-Barop;
08.10.2026;07:05;WFB RE15;90304;Rheine;Emden Hbf;0;nein;Rheine;
08.10.2026;07:06;Bus RE1;7700;Essen Hbf Kruppstraße/Am Thyssenhaus;Duisburg Hbf;;nein;Mülheim (Ruhr) Hbf;
08.10.2026;07:06;RB25;10517;Gummersbach;Rösrath;3;nein;Ründeroth;
08.10.2026;07:06;RE17;10781;Hagen Hbf;Brilon Stadt;6;nein;Bestwig;Verspätung eines vorausfahrenden Zuges
08.10.2026;07:06;S1;56320;Dortmund Hbf;Essen West;11;teilweise;Essen Hbf;Defekt an der Strecke
08.10.2026;07:06;S11;32129;Bergisch Gladbach;Düsseldorf Flughafen Terminal;21;teilweise;Köln Volkhovener Weg;Defekt an einem Signal, Verspätung aus vorheriger Fahrt
08.10.2026;07:06;S2;31207;Dortmund Hbf;Dortmund-Mengede;5;nein;Dortmund-Dorstfeld;
08.10.2026;07:06;S8;30827;Mönchengladbach Hbf;Wuppertal-Oberbarmen;6;nein;Düsseldorf-Friedrichstadt;
08.10.2026;07:07;Bus RE14;67513;Borken (Westf);Bottrop Hbf;5;teilweise;Deuten;
08.10.2026;07:07;NWB RB74;75006;Paderborn Hbf;Bielefeld Hbf;18;nein;Bielefeld Hbf;Vorfahrt eines anderen Zuges
08.10.2026;07:07;NX RB48;17311;Wuppertal-Oberbarmen;Bonn-Mehlem;18;teilweise;Bonn Hbf;Bauarbeiten
08.10.2026;07:07;R S28;77149;Kaarster See;Wuppertal Hbf;21;nein;Wuppertal-Vohwinkel;Verspätung aus vorheriger Fahrt
08.10.2026;07:07;S2;30213;Dortmund Hbf;Essen Hbf;9;nein;Essen Hbf;
08.10.2026;07:07;VIA RE16;29962;Iserlohn-Letmathe;Iserlohn;1;nein;Letmathe-Dechenhöhle;
08.10.2026;07:08;Bus RB54;54007;Ardey Bahnhof, Fröndenberg;Bahnhof, Unna;;nein;Fröndenberg-Frömern;
08.10.2026;07:08;HLB RE34;28557;Siegen Hbf;Kirchhundem-Welschen Ennest;0;nein;Siegen Hbf;
08.10.2026;07:08;ICE 312;312;Köln Hbf;Antwerpen Centraal;2;nein;Aachen Hbf;
08.10.2026;07:08;RB25;10512;Overath;Marienheide;4;nein;Dieringhausen;
08.10.2026;07:08;RB51;20251;Enschede;Dortmund Hbf;5;nein;Lette (Kr Coesfeld);Bereitstellung weiterer Wagen
08.10.2026;07:08;RB52;14655;Dortmund Hbf;Hagen Hbf;9;nein;Hagen Hbf;Verspätung eines vorausfahrenden Zuges
08.10.2026;07:08;RB54;14809;Fröndenberg;Menden(Sauerland);0;nein;Fröndenberg;
08.10.2026;07:08;RB63;14882;Münster(Westf)Hbf;Coesfeld(Westf);4;nein;Billerbeck;Warten auf einen entgegenkommenden Zug
08.10.2026;07:08;RB63;14883;Coesfeld(Westf);Münster(Westf)Hbf;5;nein;Münster-Roxel;Warten auf einen entgegenkommenden Zug
08.10.2026;07:08;RE17;10706;Warburg(Westf);Hagen Hbf;8;nein;Brilon Hoppecke;Verspätung eines vorausfahrenden Zuges
08.10.2026;07:08;RRB RE44;26642;Bottrop Hbf;Moers;15;nein;Moers;Verzögerungen im Betriebsablauf
08.10.2026;07:08;S4;30417;Unna;Dortmund-Lütgendortmund;5;nein;Unna;Verspätung aus vorheriger Fahrt
08.10.2026;07:08;S6;30626;Essen Hbf;Düsseldorf Hbf;9;nein;Düsseldorf Wehrhahn;Verspätung aus vorheriger Fahrt
08.10.2026;07:09;HLB RB96;61805;Betzdorf(Sieg);Dillenburg;7;nein;Niederdresselndorf;
08.10.2026;07:09;RE9;10906;Siegen Hbf;Aachen Hbf;2;teilweise;Siegen Hbf;Technischer Defekt an einem anderen Zug, Defekte Tür
08.10.2026;07:10;Bus RE1;7713;Duisburg Hbf;Essen Hbf Kruppstraße/Am Thyssenhaus;;nein;Duisburg Hbf;
08.10.2026;07:10;RB33;10313;Duisburg Hbf;Aachen Hbf;99;teilweise;Herzogenrath;Defekt an der Strecke
08.10.2026;07:10;RTB RB21;90733;Düren;Linnich Bhf;0;nein;Düren;
08.10.2026;07:10;RTB RB28;90848;Euskirchen;Düren;1;nein;Düren;
08.10.2026;07:10;S12;32216;Horrem;Au(Sieg);3;nein;Blankenberg (Sieg);
08.10.2026;07:10;S12;32218;Horrem;Hennef(Sieg);4;nein;Spich;
08.10.2026;07:10;S12;32222;Horrem;Hennef(Sieg);5;nein;Köln Hbf;
08.10.2026;07:10;S6;56031;Köln-Worringen;Köln-Dellbrück;2;nein;Köln-Holweide;
08.10.2026;07:10;WFB RE70;95820;Braunschweig Hbf;Bielefeld Hbf;6;nein;Löhne (Westf);Verspätung eines vorausfahrenden Zuges
08.10.2026;07:11;Bus RE1;7702;Essen Hbf Kruppstraße/Am Thyssenhaus;Duisburg Hbf;;nein;Mülheim (Ruhr) Hbf;
08.10.2026;07:11;ERB RB67;79285;Beelen;Münster(Westf)Hbf;24;nein;Münster (Westf) Hbf;Vorfahrt eines anderen Zuges, Verspätete Bereitstellung, Verspätung aus vorheriger Fahrt
08.10.2026;07:11;NX RE11;26703;Hamm (Westf) Hbf;Kassel-Wilhelmshöhe;9;nein;Willebadessen;Behördliche Maßnahme
08.10.2026;07:11;RB52;14654;Hagen Hbf;Dortmund Hbf;8;nein;Dortmund-Kirchhörde;Verspätung eines vorausfahrenden Zuges
08.10.2026;07:11;S4;30420;Dortmund-Lütgendortmund;Unna-Königsborn;1;nein;Dortmund-Lütgendortmund;
08.10.2026;07:11;S9;30911;Wuppertal Hbf;Haltern am See;25;nein;Gelsenkirchen-Buer Nord;
08.10.2026;07:11;VIA RB35;32903;Duisburg-Hochfeld Süd;Mönchengladbach Hbf;4;nein;Rheinhausen Ost;Vorfahrt eines anderen Zuges
08.10.2026;07:12;ERB RB61;20355;Hengelo;Bielefeld Hbf;12;nein;Bünde (Westf);Verspätung eines vorausfahrenden Zuges, Vorfahrt eines anderen Zuges
08.10.2026;07:12;RB25;10520;Rösrath;Gummersbach;2;nein;Hoffnungsthal;
08.10.2026;07:12;RB27;10602;Köln Messe/Deutz;Mönchengladbach Hbf;12;nein;Rheydt Hbf;Verspätung eines vorausfahrenden Zuges
08.10.2026;07:12;RE49;56773;Oberhausen Hbf;Wesel;6;nein;Oberhausen-Sterkrade;
08.10.2026;07:12;RRB RB31;26051;Moers;Duisburg Hbf;;ja;Moers;Technische Störung am Zug
08.10.2026;07:12;S1;30124;Duisburg Hbf;Solingen Hbf;7;nein;Düsseldorf-Eller Mitte;Verspätung eines vorausfahrenden Zuges
08.10.2026;07:12;VIA RB35;52240;Oberhausen Hbf;Gelsenkirchen Hbf;24;nein;Essen-Altenessen;Verspätung aus vorheriger Fahrt
08.10.2026;07:13;ERB RB72;90647;Herford;Paderborn Hbf;3;nein;Leopoldstal;
08.10.2026;07:13;HLB RE99;15130;Gießen;Siegen Hbf;16;nein;Siegen Hbf;Verzögerungen im Betriebsablauf
08.10.2026;07:13;RB51;20253;Enschede;Dortmund Hbf;4;nein;Epe (Westf);Warten auf einen entgegenkommenden Zug
08.10.2026;07:13;RRB RE14;89504;Essen Hbf;Bottrop Hbf;14;nein;Bottrop Hbf;Defekt an der Strecke
08.10.2026;07:13;RRB RE44;26645;Moers;Bottrop Hbf;3;nein;Oberhausen Hbf;
08.10.2026;07:13;S1;30140;Dortmund Hbf;Essen Hbf;6;nein;Dortmund-Dorstfeld Süd;Verspätung eines vorausfahrenden Zuges
08.10.2026;07:13;VIA RE16;31303;Iserlohn;Essen Hbf;9;nein;Bochum Hbf;Vorfahrt eines anderen Zuges
08.10.2026;07:14;ERB RB69;89967;Hamm(Westf)Hbf;Bielefeld Hbf;12;nein;Rheda-Wiedenbrück;Defekt an der Strecke, Verspätung eines vorausfahrenden Zuges
08.10.2026;07:14;IC 2348;2348;Münster(Westf)Hbf;Stuttgart Hbf;28;nein;Bonn Hbf;Defekt an der Strecke, Verspätung eines vorausfahrenden Zuges
08.10.2026;07:14;NWB RB74;75010;Paderborn Hbf;Bielefeld Hbf;19;nein;Schloß Holte;Vorfahrt eines anderen Zuges, Verspätung aus vorheriger Fahrt
08.10.2026;07:14;NWB RB85;74902;Göttingen;Höxter-Ottbergen;0;nein;Beverungen-Wehrden;
08.10.2026;07:14;NX RE6;89705;Dortmund Hbf;Minden(Westf);10;nein;Löhne (Westf);
08.10.2026;07:14;RB20;30007;Stolberg(Rheinl)Hbf Gl.44;Eschweiler-Weisweiler;4;nein;Stolberg (Rheinl) Hbf;Verspätung eines vorausfahrenden Zuges
08.10.2026;07:14;RB32;31247;Dortmund Hbf;Oberhausen Hbf;6;nein;Essen-Dellwig;
08.10.2026;07:14;S2;30214;Essen Hbf;Dortmund Hbf;7;nein;Herne;
08.10.2026;07:14;VIA RB91;31349;Lennestadt-Altenhundem;Hagen Hbf;9;teilweise;Lennestadt-Altenhundem;Bauarbeiten, Vorfahrt eines anderen Zuges
08.10.2026;07:15;Bus EV;92968;Finnentrop;Olpe;0;nein;Finnentrop;
08.10.2026;07:15;Bus RE1;7715;Duisburg Hbf;Essen Hbf Kruppstraße/Am Thyssenhaus;;nein;Duisburg Hbf;
08.10.2026;07:15;ERB RB73;90225;Bielefeld Hbf;Lemgo-Lüttfeld;2;nein;Hörstmar (Lippe);
08.10.2026;07:15;ICE 741;741;Münster (Westf) Hbf;Hannover Hbf;1;nein;Bünde (Westf);
08.10.2026;07:15;NWB RB74;75009;Bielefeld Hbf;Paderborn Hbf;26;nein;Paderborn Schloß Neuhaus;Defekt an einer Weiche
08.10.2026;07:15;NX RE6;89707;Köln/Bonn Flughafen;Minden(Westf);24;nein;Hamm (Westf) Hbf;Vorfahrt eines anderen Zuges
08.10.2026;07:15;RB43;14754;Dorsten;Dortmund Hbf;9;nein;Dortmund-Huckarde Nord;Verspätung eines vorausfahrenden Zuges
08.10.2026;07:15;RRB RB31;26005;Moers;Duisburg Hbf;3;nein;Duisburg Hbf;
08.10.2026;07:15;SBH S5;34536;Paderborn Hbf;Hannover Flughafen;23;nein;Paderborn Hbf;Technische Störung am Zug, Verfügbarkeit der Gleise derzeit eingeschränkt
08.10.2026;07:15;VIA RE19;20045;Emmerich;Düsseldorf Hbf;17;nein;Düsseldorf Hbf;Vorfahrt eines anderen Zuges
08.10.2026;07:16;Bus RE1;7704;Essen Hbf Kruppstraße/Am Thyssenhaus;Duisburg Hbf;;nein;Mülheim (Ruhr) Hbf;
08.10.2026;07:16;ERB RB67;79282;Münster (Westf) Hbf;Bielefeld Hbf;10;nein;Herzebrock;Verspätung eines vorausfahrenden Zuges, Vorfahrt eines anderen Zuges, Verspätung aus vorheriger Fahrt
08.10.2026;07:16;ERB RB89;90059;Münster(Westf)Hbf;Paderborn Hbf;8;nein;Hamm (Westf) Hbf;Vorfahrt eines anderen Zuges
08.10.2026;07:16;RB20;30057;Stolberg(Rheinl)Hbf Gl.44;Stolberg-Altstadt;4;nein;Stolberg (Rheinl) Hbf;Verspätung eines vorausfahrenden Zuges
08.10.2026;07:16;S19;31022;Düren;Troisdorf;23;teilweise;Köln/Bonn Flughafen;Verspätung aus vorheriger Fahrt
08.10.2026;07:16;S2;31204;Dortmund-Mengede;Dortmund Hbf;3;nein;Dortmund-Westerfilde;
08.10.2026;07:16;S5;31517;Hagen Hbf;Dortmund Hbf;11;nein;Dortmund-Barop;Verspätung eines vorausfahrenden Zuges
08.10.2026;07:16;S68;31868;Wuppertal-Vohwinkel;Düsseldorf Hbf;7;nein;Düsseldorf-Flingern;
08.10.2026;07:16;S8;30820;Wuppertal-Oberbarmen;Mönchengladbach Hbf;10;nein;Kleinenbroich;Verspätung eines vorausfahrenden Zuges
08.10.2026;07:16;S8;30834;Hagen Hbf;Mönchengladbach Hbf;33;teilweise;Hagen Hbf;Technische Störung am Zug
08.10.2026;07:16;VIA RB39;56605;Düsseldorf Hbf;Bedburg(Erft);8;nein;Kapellen-Wevelinghoven;Vorfahrt eines anderen Zuges
08.10.2026;07:16;VIA RB91;21416;Kirchhundem-Welschen Ennest;Siegen Hbf;4;nein;Kreuztal-Eichen;Vorfahrt eines anderen Zuges
08.10.2026;07:17;ERB RB73;90224;Lemgo-Lüttfeld;Bielefeld Hbf;7;nein;Lage (Lippe);Defekt an der Strecke
08.10.2026;07:17;RB51;14604;Dortmund Hbf;Lünen Hbf;3;nein;Dortmund-Kirchderne;
08.10.2026;07:17;RE57;10970;Brilon Wald;Dortmund Hbf;25;nein;Dortmund Hbf;Defekt an der Strecke
08.10.2026;07:17;RRB RE14;89507;Bottrop Hbf;Essen Hbf;14;nein;Bottrop Hbf;
08.10.2026;07:18;ERB RB66;90584;Münster(Westf)Hbf;Osnabrück Hbf;4;nein;Kattenvenne;Verspätung aus vorheriger Fahrt
08.10.2026;07:18;NX RB48;20993;Bonn-Mehlem;Wuppertal-Oberbarmen;34;nein;Wuppertal-Oberbarmen;Verspätung eines vorausfahrenden Zuges
08.10.2026;07:18;RRB RE10;82317;Geldern;Krefeld Hbf;2;nein;Geldern;
08.10.2026;07:18;RRB S7;29114;Solingen Hbf;Wuppertal Hbf;3;nein;Wuppertal-Oberbarmen;
08.10.2026;07:18;S23;32310;Bonn Hbf;Bad Münstereifel;3;nein;Euskirchen-Kuchenheim;Verspätung eines vorausfahrenden Zuges
08.10.2026;07:19;Bus EV;93864;Aue-Wingeshausen;Bad Berleburg;0;nein;Aue-Wingeshausen;
08.10.2026;07:19;ERB RB65;52309;Rheine;Münster(Westf)Hbf;13;nein;Münster Zentrum Nord;Verspätung aus vorheriger Fahrt
08.10.2026;07:19;NWB RB84;74959;Kreiensen;Paderborn Hbf;3;nein;Höxter-Godelheim;
08.10.2026;07:19;RB20;30006;Eschweiler-Weisweiler;Stolberg(Rheinl)Hbf Gl.44;13;nein;Herzogenrath;Verspätung aus vorheriger Fahrt
08.10.2026;07:19;RB20;30056;Stolberg-Altstadt;Stolberg(Rheinl)Hbf Gl.44;13;nein;Herzogenrath;Verspätung aus vorheriger Fahrt
08.10.2026;07:19;RB38;10073;Bedburg (Erft);Horrem;3;nein;Paffendorf;Verspätung eines vorausfahrenden Zuges
08.10.2026;07:19;S19;31020;Düren;Blankenberg(Sieg);13;nein;Hennef Im Siegbogen;Verspätung eines vorausfahrenden Zuges
08.10.2026;07:20;Bus RE1;7717;Duisburg Hbf;Essen Hbf Kruppstraße/Am Thyssenhaus;;nein;Duisburg Hbf;
08.10.2026;07:20;ERB RB72;90652;Paderborn Hbf;Herford;3;nein;Bad Salzuflen;
08.10.2026;07:20;NX RE7;17403;Hamm(Westf)Hbf;Krefeld Hbf;9;nein;Krefeld-Oppum;
08.10.2026;07:20;RB20;30504;Langerwehe;Alsdorf-Annapark;7;nein;Stolberg (Rheinl) Hbf;Verspätung eines vorausfahrenden Zuges
08.10.2026;07:20;RB20;30554;Stolberg-Altstadt;Alsdorf-Annapark;7;nein;Stolberg (Rheinl) Hbf;Verspätung eines vorausfahrenden Zuges
08.10.2026;07:20;RB24;10405;Köln Messe/Deutz;Kall;5;nein;Weilerswist-Derkum;Verspätung eines vorausfahrenden Zuges
08.10.2026;07:20;RB53;14910;Iserlohn;Dortmund Hbf;8;teilweise;Iserlohn;Technischer Defekt an einem anderen Zug
08.10.2026;07:20;RRB RB36;26685;Duisburg-Ruhrort;Oberhausen Hbf;2;nein;Duisburg-Meiderich Süd;
08.10.2026;07:20;RRB RE10;82249;Kleve;Düsseldorf Hbf;14;nein;Düsseldorf-Bilk;
08.10.2026;07:20;RTB RB21;90800;Düren;Untermaubach-Schlagstein;3;nein;Düren;
08.10.2026;07:20;RTB RB28;90851;Düren;Euskirchen;2;nein;Düren;
08.10.2026;07:20;S12;32229;Au (Sieg);Horrem;1;teilweise;Au (Sieg);Technische Störung am Zug
08.10.2026;07:20;S9;30912;Haltern am See;Wuppertal Hbf;20;teilweise;Essen Hbf;Polizeieinsatz
08.10.2026;07:21;Bus RE1;7706;Essen Hbf Kruppstraße/Am Thyssenhaus;Duisburg Hbf;;nein;Mülheim (Ruhr) Hbf;
08.10.2026;07:21;Bus RE14;67504;Bottrop Hbf;Dorsten;16;nein;Bottrop Hbf;
08.10.2026;07:21;NX RE4;26409;Aachen Hbf;Dortmund Hbf;10;teilweise;Aachen Hbf;Bauarbeiten
08.10.2026;07:21;S1;30126;Duisburg Hbf;Solingen Hbf;4;nein;Düsseldorf Wehrhahn;Verspätung eines vorausfahrenden Zuges
08.10.2026;07:21;S1;30136;Dortmund Hbf;Essen Hbf;8;nein;Essen Hbf;Verspätung eines vorausfahrenden Zuges
08.10.2026;07:21;S12;32217;Hennef (Sieg);Horrem;8;nein;Lövenich;Verspätung eines vorausfahrenden Zuges
08.10.2026;07:21;TRI RB37;89403;Krefeld Hbf;Neuss Hbf;8;nein;Neuss Hbf;
08.10.2026;07:21;VIA RB34;90500;Dalheim;Mönchengladbach Hbf;6;nein;Rheydt Hbf;
08.10.2026;07:21;VIA RB39;56604;Bedburg (Erft);Düsseldorf Hbf;7;nein;Gustorf;Vorfahrt eines anderen Zuges
08.10.2026;07:22;NWB RB75;75108;Halle (Westf);Bielefeld Hbf;6;nein;Bielefeld Hbf;
08.10.2026;07:22;RE41;16216;Haltern am See;Bochum Hbf;2;nein;Marl-Sinsen;
08.10.2026;07:22;RE9;10905;Aachen Hbf;Siegen Hbf;9;nein;Köln Hbf;Verspätung eines vorausfahrenden Zuges
08.10.2026;07:22;S1;56323;Essen West;Dortmund Hbf;6;teilweise;Essen West;Defekt an der Strecke, Verspätung eines vorausfahrenden Zuges
08.10.2026;07:22;S23;32317;Euskirchen;Bonn Hbf;3;nein;Rheinbach Römerkanal;Verspätung eines vorausfahrenden Zuges
08.10.2026;07:22;S41;5006;Hergenrath;Aachen Hbf;0;nein;Aachen Hbf;
08.10.2026;07:22;S6;56028;Köln-Dellbrück;Köln-Worringen;16;nein;Köln-Blumenberg;
08.10.2026;07:22;TR RB26;25412;Bingen(Rhein) Hbf;Köln Messe/Deutz;23;ja;Bonn-Mehlem;
08.10.2026;07:23;Bus EV;93869;Bad Berleburg;Aue-Wingeshausen;0;nein;Bad Berleburg;
08.10.2026;07:23;ERB RB89;90056;Paderborn Hbf;Münster(W)Zentrum Nord;12;nein;Münster Zentrum Nord;Längere Haltezeit am Bahnhof, Vorfahrt eines anderen Zuges
08.10.2026;07:23;HLB RB93;61865;Aue-Wingeshausen;Siegen Hbf;11;nein;Vormwald Dorf;Warten auf einen entgegenkommenden Zug
08.10.2026;07:23;NJ 40490;40490;Wien Hbf;Amsterdam Centraal;88;nein;Gelsenkirchen Hbf;Bauarbeiten, Defekt an der Strecke, Technischer Defekt an einem anderen Zug
08.10.2026;07:23;NJ 420;420;Innsbruck Hbf;Amsterdam Centraal;88;nein;Gelsenkirchen Hbf;Defekt an der Strecke
08.10.2026;07:23;NWB RB58;75242;Bremen Hbf;Osnabrück Hbf;7;nein;Halen;Vorfahrt eines anderen Zuges
08.10.2026;07:23;R S28;77156;Mettmann Stadtwald;Kaarster See;8;nein;Neuss Hbf;
08.10.2026;07:23;RB52;33804;Lüdenscheid;Rummenohl;2;nein;Dahlerbrück;
08.10.2026;07:23;RB54;14808;Menden(Sauerland);Fröndenberg;1;nein;Bösperde;
08.10.2026;07:23;RB77;14552;Hildesheim Hbf;Herford;3;nein;Herford;
08.10.2026;07:23;RE62;11502;Löhne(Westf);Rheine;1;nein;Kirchlengern;Verspätung eines vorausfahrenden Zuges
08.10.2026;07:23;S11;32134;Düsseldorf Flughafen Terminal;Bergisch Gladbach;43;teilweise;Köln-Worringen;Defekt an einem Signal
08.10.2026;07:23;SBH S1;34110;Hannover Hbf;Minden (Westf);6;nein;Minden (Westf);Vorfahrt eines anderen Zuges
08.10.2026;07:23;VIA RB35;32902;Mönchengladbach Hbf;Duisburg-Hochfeld Süd;5;nein;Forsthaus;Vorfahrt eines anderen Zuges
08.10.2026;07:23;VIA RE16;31305;Iserlohn;Essen Hbf;2;nein;Letmathe-Dechenhöhle;Vorfahrt eines anderen Zuges
08.10.2026;07:23;WFB RE60;89787;Rheine;Ibbenbüren;2;nein;Ibbenbüren;
08.10.2026;07:24;NWB RB84;74960;Paderborn Hbf;Kreiensen;5;nein;Brakel (Kr Höxter);
08.10.2026;07:24;RE41;16217;Bochum Hbf;Haltern am See;1;nein;Recklinghausen Süd;
08.10.2026;07:24;S11;32124;Düsseldorf Flughafen Terminal;Bergisch Gladbach;10;nein;Duckterath;
08.10.2026;07:25;Bus RE1;7719;Duisburg Hbf;Essen Hbf Kruppstraße/Am Thyssenhaus;;nein;Duisburg Hbf;
08.10.2026;07:25;ERB RB67;79289;Bielefeld Hbf;Münster(Westf)Hbf;6;nein;Gütersloh Hbf;Vorfahrt eines anderen Zuges
08.10.2026;07:25;ERB RE13;20065;Mönchengladbach Hbf;Hamm(Westf)Hbf;13;nein;Bönen;Verspätung eines vorausfahrenden Zuges
08.10.2026;07:25;NWB RB74;75013;Bielefeld Hbf;Paderborn Hbf;20;nein;Schloß Holte;
08.10.2026;07:25;RB20;32804;Düren;Eschweiler-Weisweiler;6;nein;Langerwehe;Verspätung eines vorausfahrenden Zuges
08.10.2026;07:26;Bus RB31;62009;Xanten;Moers;1;nein;Rheinberg (Rheinl);
08.10.2026;07:26;Bus RE1;7708;Essen Hbf Kruppstraße/Am Thyssenhaus;Duisburg Hbf;;nein;Mülheim (Ruhr) Hbf;
08.10.2026;07:26;ERB RB61;20354;Bielefeld Hbf;Hengelo;11;nein;Ibbenbüren-Laggenbeck;Verspätung eines vorausfahrenden Zuges, Vorfahrt eines anderen Zuges
08.10.2026;07:26;RE22;10013;Köln Messe/Deutz;Kall;2;nein;Köln West;
08.10.2026;07:26;RE57;10791;Dortmund Hbf;Warburg(Westf);22;nein;Arnsberg (Westf);Verspätung aus vorheriger Fahrt
08.10.2026;07:26;RRB RE10;82318;Krefeld Hbf;Geldern;1;nein;Kempen (Niederrhein);
08.10.2026;07:26;S3;30315;Hattingen(Ruhr) Mitte;Essen West;17;teilweise;Essen Hbf;Defekt an der Strecke
08.10.2026;07:26;S4;30413;Unna;Dortmund-Lütgendortmund;2;nein;Dortmund-Marten Süd;
08.10.2026;07:26;S8;30829;Mönchengladbach Hbf;Hagen Hbf;11;nein;Düsseldorf-Friedrichstadt;Verspätung eines vorausfahrenden Zuges
08.10.2026;07:27;ERB RB89;90011;Münster(Westf)Hbf;Paderborn Hbf;3;nein;Hamm-Bockum-Hövel;
08.10.2026;07:27;NWB RB75;75115;Bielefeld Hbf;Halle(Westf);5;nein;Bielefeld Hbf;
08.10.2026;07:27;RRB RB31;26002;Duisburg Hbf;Moers;5;nein;Moers;
08.10.2026;07:27;S6;56035;Köln-Worringen;Köln-Dellbrück;33;teilweise;Köln-Mülheim;Defekt an einem Signal, Defekt an der Strecke
08.10.2026;07:27;TR RB26;25413;Köln Messe/Deutz;Mainz Hbf;60;teilweise;Bonn Hbf;Defekt an einem Signal, Verspätung eines vorausfahrenden Zuges
08.10.2026;07:28;S23;32316;Bonn Hbf;Rheinbach;3;nein;Bonn-Endenich Nord;
08.10.2026;07:28;S6;56030;Köln-Dellbrück;Köln-Worringen;1;teilweise;Köln-Nippes;Defekt an der Strecke
08.10.2026;07:28;VIA RB39;56678;Grevenbroich;Neuss Hbf;1;nein;Neuss Hbf;
08.10.2026;07:28;VIA RE19;20047;Emmerich;Düsseldorf Hbf;15;nein;Düsseldorf Flughafen;Witterungsbedingte Beeinträchtigungen, Vorfahrt eines anderen Zuges
08.10.2026;07:29;ERB RE3;89867;Essen Hbf;Hamm(Westf)Hbf;15;nein;Hamm (Westf) Hbf;Verspätung eines vorausfahrenden Zuges, Vorfahrt eines anderen Zuges
08.10.2026;07:29;RB27;10611;Mönchengladbach Hbf;Köln Messe/Deutz;14;nein;Köln-Ehrenfeld;Verspätung eines vorausfahrenden Zuges
08.10.2026;07:29;RB38;10072;Horrem;Bedburg (Erft);2;nein;Zieverich;
08.10.2026;07:29;RB64;20204;Münster(Westf)Hbf;Enschede;2;nein;Nordwalde;
08.10.2026;07:29;S6;30621;Düsseldorf Hbf;Essen Hbf;6;nein;Essen Süd;
08.10.2026;07:29;VIA RB39;56646;Bedburg (Erft);Düsseldorf Hbf;9;nein;Düsseldorf-Bilk;
08.10.2026;07:29;VIA RB46;31429;Gelsenkirchen Hbf;Bochum Hbf;6;nein;Bochum-Riemke;Vorfahrt eines anderen Zuges
08.10.2026;07:29;WFB RE15;90269;Emden Hbf;Münster(Westf)Hbf;8;nein;Rheine;Verspätung eines vorausfahrenden Zuges
08.10.2026;07:30;Bus RE1;7721;Duisburg Hbf;Essen Hbf Kruppstraße/Am Thyssenhaus;;nein;Duisburg Hbf;
08.10.2026;07:30;NX RE5;28504;Koblenz Hbf;Wesel;42;teilweise;Oberhausen-Sterkrade;Defekt an der Strecke
08.10.2026;07:30;RB53;14907;Dortmund Hbf;Iserlohn;10;teilweise;Kalthof (Kr Iserlohn);Technischer Defekt an einem anderen Zug
08.10.2026;07:30;RE18;18914;Aachen Hbf;Eygelshoven Markt;4;nein;Herzogenrath;
08.10.2026;07:30;RRB RE10;82248;Düsseldorf Hbf;Kleve;5;nein;Krefeld-Oppum;
08.10.2026;07:30;S19;31026;Düren;Troisdorf;16;nein;Köln Frankfurter Straße;Verspätung aus vorheriger Fahrt
08.10.2026;07:30;S6;30625;Düsseldorf Hbf;Essen Hbf;1;nein;Hösel;
08.10.2026;07:31;Bus RE1;7710;Essen Hbf Kruppstraße/Am Thyssenhaus;Duisburg Hbf;;nein;Mülheim (Ruhr) Hbf;
08.10.2026;07:31;ERB RE82;79343;Horn-Bad Meinberg;Bielefeld Hbf;5;nein;Horn-Bad Meinberg;Verspätung aus vorheriger Fahrt
08.10.2026;07:31;VIA RE16;31302;Essen Hbf;Iserlohn;9;nein;Iserlohn-Letmathe;Bauarbeiten, Vorfahrt eines anderen Zuges
08.10.2026;07:32;ERB RB61;20358;Bielefeld Hbf;Hengelo;5;nein;Herford;Verspätung eines vorausfahrenden Zuges
08.10.2026;07:32;ERB RB67;79287;Bielefeld Hbf;Münster(Westf)Hbf;26;nein;Telgte;Defekt an einem Signal, Verspätung eines vorausfahrenden Zuges, Vorfahrt eines anderen Zuges
08.10.2026;07:32;HLB RB90;61603;Siegen Hbf;Limburg(Lahn);3;nein;Eiserfeld (Sieg);Verspätung eines vorausfahrenden Zuges
08.10.2026;07:32;HLB RE34;28556;Kirchhundem-Welschen Ennest;Siegen Hbf;0;nein;Kirchhundem-Welschen Ennest;
08.10.2026;07:32;RB40;30761;Essen Hbf;Hagen Hbf;3;nein;Witten Hbf;
08.10.2026;07:32;RE47;89311;Remscheid-Lennep;Düsseldorf Hbf;5;nein;Remscheid-Lennep;
08.10.2026;07:32;S19;31029;Troisdorf;Düren;21;teilweise;Troisdorf;
08.10.2026;07:32;TRI RE100;28077;Düsseldorf Hbf;Essen Hbf;5;nein;Düsseldorf Hbf;
08.10.2026;07:33;ERB RB65;52306;Münster(Westf)Hbf;Rheine;2;nein;Emsdetten;
08.10.2026;07:33;ICE 1713;1713;Köln Hbf;Frankfurt(Main)Hbf;0;nein;Köln Hbf;
08.10.2026;07:33;ICE 222;222;Frankfurt(Main)Hbf;Amsterdam Centraal;4;nein;Oberhausen Hbf;Polizeieinsatz
08.10.2026;07:33;RTB RB21;90702;Linnich Bhf;Düren;5;nein;Düren;
08.10.2026;07:33;S12;32223;Hennef (Sieg);Horrem;2;nein;Porz (Rhein);
08.10.2026;07:33;S3;30314;Essen West;Hattingen(Ruhr) Mitte;12;teilweise;Essen West;Defekt an der Strecke
08.10.2026;07:33;SBH S5;34523;Hannover Flughafen;Paderborn Hbf;1;nein;Altenbeken;
08.10.2026;07:33;WFB RE15;90270;Münster(Westf)Hbf;Emden Hbf;6;nein;Rheine;Verspätung aus vorheriger Fahrt
08.10.2026;07:34;ERB RB71;89636;Bielefeld Hbf;Rahden;10;nein;Lübbecke (Westf);Defekt an einem Signal, Verspätung eines vorausfahrenden Zuges, Vorfahrt eines anderen Zuges, Verspätung aus vorheriger Fahrt
08.10.2026;07:34;ERB RE78;52275;Rheda-Wiedenbrück;Nienburg(Weser);6;nein;Herford;Verspätung eines vorausfahrenden Zuges, Vorfahrt eines anderen Zuges
08.10.2026;07:34;NWB RB58;75249;Osnabrück Hbf;Bremen Hbf;11;nein;Halen;Vorfahrt eines anderen Zuges
08.10.2026;07:34;NX RE7;17402;Köln Hbf;Rheine;16;nein;Greven;Verspätung eines vorausfahrenden Zuges
08.10.2026;07:34;RB20;32805;Eschweiler-Weisweiler;Düren;6;nein;Langerwehe;
08.10.2026;07:34;RB51;14613;Lünen Hbf;Dortmund Hbf;2;nein;Lünen Preußen;
08.10.2026;07:34;RB52;33805;Rummenohl;Lüdenscheid;2;nein;Dahlerbrück;
08.10.2026;07:34;RE42;10106;Münster(Westf)Hbf;Mönchengladbach Hbf;6;nein;Viersen;Verspätung eines vorausfahrenden Zuges
08.10.2026;07:34;RRB RB36;26688;Oberhausen Hbf;Duisburg-Ruhrort;3;nein;Duisburg-Obermeiderich;Verspätung aus vorheriger Fahrt
08.10.2026;07:34;S11;32135;Bergisch Gladbach;Düsseldorf Flughafen Terminal;9;nein;Köln Hbf;Verspätung eines vorausfahrenden Zuges
08.10.2026;07:35;Bus RE1;7723;Duisburg Hbf;Essen Hbf Kruppstraße/Am Thyssenhaus;;nein;Duisburg Hbf;
08.10.2026;07:35;ERB RB73;90226;Lemgo-Lüttfeld;Lage(Lippe);4;nein;Hörstmar (Lippe);Defekt an der Strecke
08.10.2026;07:35;RB33;10317;Duisburg Hbf;Aachen Hbf;51;teilweise;Duisburg Hbf;Defekt an der Strecke
08.10.2026;07:35;RB38;10256;Köln Messe/Deutz;Bedburg(Erft);5;nein;Köln-Ehrenfeld;Verspätung eines vorausfahrenden Zuges
08.10.2026;07:35;RRB RE10;82244;Düsseldorf Hbf;Kleve;16;nein;Kleve;
08.10.2026;07:35;RRB S7;29127;Wuppertal Hbf;Solingen Hbf;2;nein;Wuppertal-Unterbarmen;
08.10.2026;07:35;RTB RB21;90771;Heimbach (Eifel);Düren;0;nein;Düren;
08.10.2026;07:35;SBH S1;34115;Minden (Westf);Hannover Hbf;0;nein;Minden (Westf);
08.10.2026;07:35;VIA RB46;31428;Bochum Hbf;Gelsenkirchen Hbf;6;nein;Herne-Wanne-Eickel Hbf;Vorfahrt eines anderen Zuges
08.10.2026;07:36;Bus RE1;7712;Essen Hbf Kruppstraße/Am Thyssenhaus;Duisburg Hbf;;nein;Mülheim (Ruhr) Hbf;
08.10.2026;07:36;ICE 242;242;Hannover Hbf;Amsterdam Centraal;7;nein;Rheine;
08.10.2026;07:36;R S28;77158;Wuppertal Hbf;Kaarster See;6;nein;Neuss Rheinparkcenter;
08.10.2026;07:36;R S28;77159;Kaarster See;Wuppertal Hbf;11;nein;Düsseldorf Hbf;Verspätung eines vorausfahrenden Zuges
08.10.2026;07:36;RE10;22501;Kleve;Düsseldorf Hbf;3;nein;Meerbusch-Osterath;Verspätung eines vorausfahrenden Zuges
08.10.2026;07:36;RE42;10109;Essen Hbf;Münster(Westf)Hbf;12;nein;Nottuln-Appelhülsen;Verspätung eines vorausfahrenden Zuges
08.10.2026;07:36;RE57;10778;Winterberg(Westf);Hagen Hbf;6;nein;Wickede (Ruhr);Verspätung eines vorausfahrenden Zuges
08.10.2026;07:36;RRB S7;29118;Solingen Hbf;Wuppertal Hbf;3;teilweise;Remscheid Hbf;Kurzfristiger Personalausfall
08.10.2026;07:36;S1;56322;Dortmund Hbf;Essen West;4;teilweise;Essen Hbf;Defekt an der Strecke
08.10.2026;07:36;S6;56039;Köln-Worringen;Köln-Dellbrück;15;nein;Köln-Blumenberg;Verspätung aus vorheriger Fahrt
08.10.2026;07:36;S68;31870;Wuppertal-Vohwinkel;Düsseldorf Hbf;8;nein;Düsseldorf-Flingern;
08.10.2026;07:37;Bus RB31;62002;Moers;Xanten;0;nein;Moers;
08.10.2026;07:37;ICE 826;826;Frankfurt(Main)Hbf;Düsseldorf Hbf;2;nein;Düsseldorf Hbf;
08.10.2026;07:37;RB RE22;10059;Kall;Trier Hbf;9;nein;Schmidtheim;Verspätung eines vorausfahrenden Zuges
08.10.2026;07:37;RB33;10314;Aachen Hbf;Duisburg Hbf;94;teilweise;Aachen Hbf;Defekt an der Strecke
08.10.2026;07:37;RB33;10364;Aachen Hbf;Heinsberg(Rheinl);0;ja;Aachen Hbf;Defekt an der Strecke
08.10.2026;07:37;S41;5028;Aachen Hbf;Hergenrath;4;nein;Aachen Hbf;Verspätung eines vorausfahrenden Zuges
08.10.2026;07:38;IC 2445;2445;Köln Hbf;Dresden Hbf;18;nein;Bad Oeynhausen;Verspätung eines vorausfahrenden Zuges
08.10.2026;07:38;ICE 843;843;Köln Hbf;Berlin Hbf;26;nein;Bielefeld Hbf;Defekt an der Strecke, Verspätung eines vorausfahrenden Zuges, Verfügbarkeit der Gleise derzeit eingeschränkt
08.10.2026;07:38;ICE 853;853;Köln Hbf;Berlin Hbf;26;nein;Bielefeld Hbf;Defekt an der Strecke
08.10.2026;07:38;NX RE7;17404;Krefeld Hbf;Rheine;5;nein;Holzwickede;
08.10.2026;07:38;RRB RE10;82246;Düsseldorf Hbf;Kleve;4;nein;Kevelaer;
08.10.2026;07:39;RB20;30509;Alsdorf-Annapark;Langerwehe;16;nein;Eilendorf;Verspätung aus vorheriger Fahrt
08.10.2026;07:39;RB51;20256;Dortmund Hbf;Enschede;5;nein;Dülmen;Warten auf einen entgegenkommenden Zug
08.10.2026;07:39;RB64;20201;Enschede;Münster(Westf)Hbf;10;nein;Münster Zentrum Nord;Verspätung eines vorausfahrenden Zuges
08.10.2026;07:39;RE57;10974;Brilon Stadt;Dortmund Hbf;4;nein;Brilon Stadt;Längere Haltezeit am Bahnhof
08.10.2026;07:39;RRB S7;29122;Solingen Hbf;Wuppertal Hbf;1;nein;Solingen Grünewald;
08.10.2026;07:39;S23;32314;Bonn Hbf;Euskirchen;1;nein;Rheinbach;
08.10.2026;07:39;S8;30824;Wuppertal-Oberbarmen;Mönchengladbach Hbf;6;nein;Korschenbroich;
08.10.2026;07:40;Bus RE1;7725;Duisburg Hbf;Essen Hbf Kruppstraße/Am Thyssenhaus;;nein;Duisburg Hbf;
08.10.2026;07:40;NX RE1;26805;Aachen Hbf;Hamm(Westf)Hbf;15;nein;Hamm (Westf) Hbf;
08.10.2026;07:40;RB24;10409;Köln Messe/Deutz;Kall;6;nein;Köln Messe/Deutz;Verspätung eines vorausfahrenden Zuges
08.10.2026;07:40;S19;31025;Blankenberg (Sieg);Düren;12;nein;Horrem;Verspätung aus vorheriger Fahrt
08.10.2026;07:40;S19;52783;Troisdorf;Düren;6;nein;Köln Hbf;Verspätung eines vorausfahrenden Zuges
08.10.2026;07:40;VIA RB91;21417;Siegen Hbf;Welschen Ennest;2;nein;Siegen Hbf;
08.10.2026;07:41;Bus RE1;7714;Essen Hbf Kruppstraße/Am Thyssenhaus;Duisburg Hbf;;nein;Mülheim (Ruhr) Hbf;
08.10.2026;07:41;ERB RB66;90585;Osnabrück Hbf;Münster(Westf)Hbf;2;nein;Ostbevern;
08.10.2026;07:41;NWB RB85;74909;Höxter-Ottbergen;Göttingen;3;nein;Beverungen-Wehrden;Vorfahrt eines anderen Zuges
08.10.2026;07:41;RE9;10902;Siegen Hbf;Aachen Hbf;9;nein;Aachen Hbf;Verspätung eines vorausfahrenden Zuges
08.10.2026;07:41;VIA RB39;56649;Düsseldorf Hbf;Grevenbroich;3;nein;Holzheim (b Neuss);
08.10.2026;07:42;ERB RB59;90321;Dortmund Hbf;Soest;7;nein;Werl;Verspätung eines vorausfahrenden Zuges, Verspätung aus vorheriger Fahrt
08.10.2026;07:42;RE17;10704;Warburg(Westf);Hagen Hbf;12;nein;Hagen Hbf;Verspätung eines vorausfahrenden Zuges
08.10.2026;07:42;RE18;18913;Eygelshoven Markt;Aachen Hbf;5;nein;Aachen Hbf;
08.10.2026;07:42;RE34;26082;Hagen Hbf;Lennestadt-Altenhundem;;ja;Hagen Hbf;Bauarbeiten, Vorfahrt eines anderen Zuges
08.10.2026;07:42;S1;31591;Solingen Hbf;Düsseldorf Wehrhahn;11;nein;Düsseldorf Volksgarten;Kurzfristiger Fahrzeugausfall, Verspätung eines vorausfahrenden Zuges
08.10.2026;07:42;S4;30422;Dortmund-Lütgendortmund;Unna;2;nein;Dortmund-Dorstfeld;
08.10.2026;07:42;VIA RB34;90501;Mönchengladbach Hbf;Dalheim;6;nein;Mönchengladbach-Rheindahlen;Vorfahrt eines anderen Zuges
08.10.2026;07:43;NX RB48;17318;Bonn-Mehlem;Wuppertal-Oberbarmen;15;teilweise;Bonn-Mehlem;Vorfahrt eines anderen Zuges
08.10.2026;07:43;RB63;14709;Coesfeld(Westf);Münster(W)Zentrum Nord;6;nein;Münster-Mecklenbeck;Warten auf einen entgegenkommenden Zug
08.10.2026;07:43;RE2;10205;Essen Hbf;Osnabrück Hbf;10;nein;Westbevern;Verspätung eines vorausfahrenden Zuges
08.10.2026;07:43;RRB RE14;89506;Essen Hbf;Bottrop Hbf;6;nein;Bottrop Hbf;Verspätung eines vorausfahrenden Zuges
08.10.2026;07:43;S1;31593;Solingen Hbf;Düsseldorf Wehrhahn;;ja;Solingen Hbf;Kurzfristiger Fahrzeugausfall
08.10.2026;07:43;S11;32125;Bergisch Gladbach;Düsseldorf Flughafen Terminal;37;teilweise;Düsseldorf Hbf;Defekt an einem Signal, Defekt an der Strecke
08.10.2026;07:43;S12;32219;Au (Sieg);Horrem;8;nein;Köln-Weiden West;Verspätung eines vorausfahrenden Zuges
08.10.2026;07:43;S2;31209;Dortmund Hbf;Dortmund-Mengede;1;nein;Dortmund-Westerfilde;
08.10.2026;07:43;S23;32318;Bonn Hbf;Bad Münstereifel;2;nein;Bonn-Endenich Nord;
08.10.2026;07:43;S4;30424;Dortmund-Lütgendortmund;Unna-Königsborn;2;nein;Dortmund-Somborn;
08.10.2026;07:43;VIA RB39;56679;Neuss Hbf;Grevenbroich;1;nein;Grevenbroich;
08.10.2026;07:44;RB54;14810;Neuenrade;Fröndenberg;2;nein;Bösperde;
08.10.2026;07:44;S23;32319;Rheinbach;Bonn Hbf;2;nein;Meckenheim Industriepark;
08.10.2026;07:44;S9;30915;Wuppertal Hbf;Haltern am See;13;nein;Essen West;
08.10.2026;07:45;Bus RE1;7727;Duisburg Hbf;Essen Hbf Kruppstraße/Am Thyssenhaus;;nein;Duisburg Hbf;
08.10.2026;07:45;ERB RB73;90227;Bielefeld Hbf;Lemgo-Lüttfeld;2;nein;Lage (Lippe);
08.10.2026;07:45;ERB RE78;52276;Nienburg(Weser);Bielefeld Hbf;1;nein;Petershagen-Lahde;
08.10.2026;07:45;HLB RB93;61866;Siegen Hbf;Aue-Wingeshausen;8;nein;Lützel;Verspätung eines vorausfahrenden Zuges
08.10.2026;07:45;NX RE11;26704;Warburg(Westf);Essen Hbf;9;nein;Essen Hbf;
08.10.2026;07:45;RB52;14657;Dortmund Hbf;Hagen Hbf;3;nein;Dortmund Tierpark;
08.10.2026;07:45;RE22;10004;Kall;Köln Messe/Deutz;7;nein;Köln Messe/Deutz;Bauarbeiten
08.10.2026;07:45;RE47;89310;Düsseldorf Hbf;Remscheid-Lennep;1;nein;Düsseldorf-Eller Mitte;
08.10.2026;07:46;Bus RE1;7716;Essen Hbf Kruppstraße/Am Thyssenhaus;Duisburg Hbf;;nein;Mülheim (Ruhr) Hbf;
08.10.2026;07:46;HLB RB95;28684;Dillenburg;Siegen Hbf;4;nein;Siegen Hbf;Außerplanmäßige Geschwindigkeitsbeschränkung
08.10.2026;07:46;RB77;14557;Herford;Hildesheim Hbf;3;nein;Löhne (Westf);Verspätung eines vorausfahrenden Zuges
08.10.2026;07:46;RE2;10206;Osnabrück Hbf;Essen Hbf;8;nein;Haltern am See;
08.10.2026;07:46;RE8;10804;Köln Messe/Deutz;Mönchengladbach Hbf;23;nein;Rheydt Hbf;Defekt an einem Bahnübergang, Verspätung eines vorausfahrenden Zuges
08.10.2026;07:46;RRB RB31;26007;Moers;Duisburg Hbf;4;nein;Duisburg Hbf;
08.10.2026;07:46;S5;31519;Witten Hbf;Dortmund Hbf;3;nein;Dortmund-Barop;
08.10.2026;07:46;S9;30910;Recklinghausen Hbf;Hagen Hbf;87;teilweise;Wuppertal-Oberbarmen;Polizeieinsatz
08.10.2026;07:47;HLB RB95;28683;Siegen Hbf;Dillenburg;2;nein;Wilnsdorf-Rudersdorf;
08.10.2026;07:47;NX RE7;17409;Rheine;Krefeld Hbf;8;nein;Drensteinfurt;
08.10.2026;07:47;RB20;30559;Alsdorf-Annapark;Stolberg-Altstadt;19;nein;Stolberg (Rheinl) Hbf;Verspätung aus vorheriger Fahrt
08.10.2026;07:47;RB40;30762;Hagen Hbf;Essen Hbf;1;nein;Wattenscheid;
08.10.2026;07:47;RE49;30295;Wuppertal Hbf;Essen Hbf;17;nein;Essen Hbf;Verspätung eines vorausfahrenden Zuges
08.10.2026;07:47;S6;56037;Köln-Worringen;Köln-Dellbrück;27;teilweise;Köln-Mülheim;Defekt an der Strecke, Verspätung aus vorheriger Fahrt
08.10.2026;07:48;RRB RE10;82319;Geldern;Krefeld Hbf;0;nein;Geldern;
08.10.2026;07:48;S6;30630;Essen Hbf;Düsseldorf Hbf;4;nein;Düsseldorf Wehrhahn;
08.10.2026;07:48;S6;56036;Köln-Dellbrück;Köln-Worringen;19;teilweise;Köln-Dellbrück;Defekt an einem Signal, Defekt an der Strecke
08.10.2026;07:48;VIA RB39;56680;Grevenbroich;Neuss Hbf;4;nein;Grevenbroich;Vorfahrt eines anderen Zuges
08.10.2026;07:48;VIA RE16;29969;Iserlohn;Iserlohn-Letmathe;5;nein;Iserlohn;Vorfahrt eines anderen Zuges
08.10.2026;07:49;Bus RB54;54006;Bahnhof, Unna;Ardey Bahnhof, Fröndenberg;;nein;Fröndenberg-Frömern;
08.10.2026;07:49;ERB RE13;20068;Hamm(Westf)Hbf;Venlo;4;nein;Schwerte (Ruhr);Verspätung eines vorausfahrenden Zuges
08.10.2026;07:49;R S28;77157;Kaarster See;Wuppertal Hbf;8;nein;Wuppertal-Vohwinkel;Verspätung aus vorheriger Fahrt
08.10.2026;07:49;RB63;14704;Münster(W)Zentrum Nord;Coesfeld(Westf);9;nein;Coesfeld Schulzentrum;Verspätung aus vorheriger Fahrt
08.10.2026;07:49;RB63;14885;Coesfeld(Westf);Münster(Westf)Hbf;10;nein;Billerbeck;Warten auf einen entgegenkommenden Zug
08.10.2026;07:49;RB64;14982;Münster(Westf)Hbf;Steinfurt-Burgsteinfurt;7;nein;Münster-Häger;Verspätung eines vorausfahrenden Zuges
08.10.2026;07:49;RE57;10979;Bestwig;Brilon Stadt;3;nein;Brilon Wald;
08.10.2026;07:49;RRB RB31;26052;Duisburg Hbf;Moers;3;nein;Rheinhausen;
08.10.2026;07:49;S1;30130;Duisburg Hbf;Solingen Hbf;8;nein;Düsseldorf-Oberbilk;Verspätung eines vorausfahrenden Zuges
08.10.2026;07:49;S1;30135;Essen Hbf;Dortmund Hbf;5;nein;Essen-Eiberg;Verspätung eines vorausfahrenden Zuges
08.10.2026;07:49;S2;31206;Dortmund-Mengede;Dortmund Hbf;2;nein;Dortmund-Huckarde;
08.10.2026;07:50;Bus RE1;7729;Duisburg Hbf;Essen Hbf Kruppstraße/Am Thyssenhaus;;nein;Duisburg Hbf;
08.10.2026;07:50;NX RE1;26855;Aachen Hbf;Düsseldorf Hbf;3;nein;Leverkusen Mitte;
08.10.2026;07:50;NX RE4;26406;Dortmund Hbf;Aachen Hbf;10;teilweise;Mönchengladbach Hbf;Bauarbeiten
08.10.2026;07:50;RB53;14912;Iserlohn;Dortmund Hbf;5;teilweise;Iserlohn;Technischer Defekt an einem anderen Zug
08.10.2026;07:50;RRB RB36;26687;Duisburg-Ruhrort;Oberhausen Hbf;2;nein;Duisburg-Meiderich Süd;
08.10.2026;07:50;RTB RB21;90705;Düren;Linnich Bhf;0;nein;Düren;
08.10.2026;07:50;RTB RB21;90772;Düren;Heimbach (Eifel);1;nein;Düren;
08.10.2026;07:50;S12;32224;Horrem;Au(Sieg);13;nein;Spich;Verspätung eines vorausfahrenden Zuges
08.10.2026;07:50;S19;31028;Düren;Blankenberg(Sieg);16;nein;Köln Frankfurter Straße;Verspätung aus vorheriger Fahrt
08.10.2026;07:50;S6;30627;Düsseldorf Hbf;Essen Hbf;2;nein;Hösel;
08.10.2026;07:50;TRI RB37;89402;Neuss Hbf;Krefeld Hbf;4;nein;Krefeld-Oppum;
08.10.2026;07:51;Bus RE1;7718;Essen Hbf Kruppstraße/Am Thyssenhaus;Duisburg Hbf;;nein;Mülheim (Ruhr) Hbf;
08.10.2026;07:51;ERB RB65;52311;Rheine;Münster(Westf)Hbf;10;nein;Münster (Westf) Hbf;Verspätung eines vorausfahrenden Zuges, Vorfahrt eines anderen Zuges
08.10.2026;07:51;RB54;14813;Fröndenberg;Menden(Sauerland);2;nein;Bösperde;
08.10.2026;07:51;RE49;56774;Wesel;Oberhausen Hbf;8;nein;Oberhausen Hbf;Verspätung eines vorausfahrenden Zuges
08.10.2026;07:51;RE9;10903;Aachen Hbf;Siegen Hbf;6;nein;Siegen Hbf;
08.10.2026;07:51;S1;30134;Duisburg Hbf;Solingen Hbf;2;nein;Düsseldorf Flughafen;
08.10.2026;07:51;WFB RE70;95799;Minden (Westf);Hannover Hbf;1;nein;Minden (Westf);
08.10.2026;07:52;ERB RB69;89969;Hamm(Westf)Hbf;Bielefeld Hbf;6;nein;Beckum-Neubeckum;Verspätung eines vorausfahrenden Zuges, Vorfahrt eines anderen Zuges
08.10.2026;07:52;HLB RB96;61807;Betzdorf(Sieg);Neunkirchen(Kr Siegen);0;nein;Struthütten;
08.10.2026;07:52;NWB RB75;75110;Osnabrück Hbf;Bielefeld Hbf;8;nein;Bielefeld Hbf;Verspätung eines vorausfahrenden Zuges
08.10.2026;07:52;RB94;23152;Marburg(Lahn);Erndtebrück;2;nein;Erndtebrück;
08.10.2026;07:52;RE49;30292;Essen Hbf;Wuppertal Hbf;48;nein;Wuppertal Hbf;Polizeieinsatz
08.10.2026;07:52;S1;30131;Essen Hbf;Dortmund Hbf;3;nein;Dortmund Hbf;
08.10.2026;07:52;S1;56325;Essen West;Dortmund Hbf;3;teilweise;Essen West;Defekt an der Strecke
08.10.2026;07:53;ICE 119;119;Münster(Westf)Hbf;Graz Hbf;6;nein;Gelsenkirchen Hbf;
08.10.2026;07:53;R S28;77161;Kaarster See;Mettmann Stadtwald;8;nein;Düsseldorf-Friedrichstadt;Verspätung eines vorausfahrenden Zuges
08.10.2026;07:53;RE57;10972;Brilon Stadt;Dortmund Hbf;6;nein;Fröndenberg;Verspätung eines vorausfahrenden Zuges
08.10.2026;07:53;S11;32141;Bergisch Gladbach;Düsseldorf Flughafen Terminal;7;teilweise;Bergisch Gladbach;Defekt an einem Signal
08.10.2026;07:53;S12;32227;Hennef (Sieg);Horrem;5;nein;Porz (Rhein);Verspätung aus vorheriger Fahrt
08.10.2026;07:53;S6;56043;Köln-Worringen;Köln-Dellbrück;8;teilweise;Köln-Worringen;Defekt an der Strecke
08.10.2026;07:54;ERB RB59;90368;Soest;Dortmund Hbf;2;nein;Lünern;
08.10.2026;07:54;HLB RB90;61706;Betzdorf(Sieg);Siegen Hbf;5;nein;Niederschelden Nord Hp;Verspätung eines vorausfahrenden Zuges
08.10.2026;07:54;HLB RE99;15105;Siegen Hbf;Frankfurt(Main)Hbf;1;nein;Siegen Hbf;
08.10.2026;07:54;ICE 513;513;Münster(Westf)Hbf;München Hbf;14;nein;Köln Hbf;Vorfahrt eines anderen Zuges
08.10.2026;07:54;S1;30145;Solingen Hbf;Duisburg Hbf;22;nein;Duisburg-Rahm;Längere Haltezeit am Bahnhof
08.10.2026;07:54;S8;30828;Wuppertal-Oberbarmen;Mönchengladbach Hbf;6;nein;Düsseldorf-Friedrichstadt;
08.10.2026;07:55;Bus RE1;7731;Duisburg Hbf;Essen Hbf Kruppstraße/Am Thyssenhaus;;nein;Duisburg Hbf;
08.10.2026;07:55;ERB RB50;89922;Dortmund Hbf;Münster(Westf)Hbf;4;nein;Werne a d Lippe;Verspätung aus vorheriger Fahrt
08.10.2026;07:55;ERB RB65;52308;Münster(Westf)Hbf;Rheine;13;nein;Emsdetten;Verspätung eines vorausfahrenden Zuges, Verspätung aus vorheriger Fahrt
08.10.2026;07:55;HLB RB90;61678;Westerburg;Betzdorf(Sieg);4;nein;Geilhausen;Verspätung eines vorausfahrenden Zuges
08.10.2026;07:55;NWB RB74;75015;Bielefeld Hbf;Paderborn Hbf;19;nein;Schloß Holte;Defekt an einem Signal, Defekt an einer Weiche
08.10.2026;07:55;NX RB48;17316;Köln Hbf;Wuppertal-Oberbarmen;3;nein;Köln Messe/Deutz;
08.10.2026;07:55;RB27;10604;Köln Messe/Deutz;Mönchengladbach Hbf;21;nein;Grevenbroich;Defekt an der Strecke
08.10.2026;07:55;VIA RE19;77010;Düsseldorf Hbf;Bocholt;11;nein;Oberhausen-Sterkrade;Vorfahrt eines anderen Zuges
08.10.2026;07:56;Bus RE1;7720;Essen Hbf Kruppstraße/Am Thyssenhaus;Duisburg Hbf;;nein;Mülheim (Ruhr) Hbf;
08.10.2026;07:56;Bus RE14;67500;Bottrop Hbf;Borken(Westf);2;teilweise;Deuten;
08.10.2026;07:56;ERB RB59;90320;Soest;Dortmund Hbf;3;nein;Dortmund Hbf;Verspätung aus vorheriger Fahrt
08.10.2026;07:56;NX RB48;17315;Wuppertal-Oberbarmen;Bonn-Mehlem;24;teilweise;Bornheim-Sechtem;Defekt an der Strecke, Verspätung eines vorausfahrenden Zuges
08.10.2026;07:56;RB33;10365;Heinsberg(Rheinl);Aachen Hbf;6;ja;Lindern;
08.10.2026;07:56;RRB RE44;26647;Moers;Bottrop Hbf;1;nein;Rheinhausen;
08.10.2026;07:56;S3;30317;Hattingen(Ruhr) Mitte;Essen West;11;teilweise;Essen Hbf;Defekt an der Strecke
08.10.2026;07:56;S4;30426;Dortmund-Lütgendortmund;Unna;1;nein;Dortmund-Lütgendortmund;
08.10.2026;07:56;S6;30629;Düsseldorf Hbf;Essen Hbf;5;nein;Düsseldorf-Derendorf;
08.10.2026;07:56;S68;31872;Wuppertal-Vohwinkel;Düsseldorf Hbf;2;nein;Düsseldorf-Flingern;
08.10.2026;07:56;S9;30913;Hagen Hbf;Recklinghausen Hbf;20;nein;Recklinghausen Hbf;
08.10.2026;07:57;Bus RE14;67515;Dorsten;Bottrop Hbf;0;nein;Dorsten;
08.10.2026;07:57;ICE 712;712;Frankfurt(Main)Hbf;Köln Hbf;;ja;Köln Hbf;
08.10.2026;07:57;NX RE6;89706;Bielefeld Hbf;Köln/Bonn Flughafen;31;nein;Köln Hbf;
08.10.2026;07:57;RB43;14757;Dortmund Hbf;Dorsten;9;nein;Castrop-Rauxel Süd;Verspätung eines vorausfahrenden Zuges
08.10.2026;07:57;RB54;14811;Fröndenberg;Balve;4;nein;Balve Sanssouci;
08.10.2026;07:57;RB64;14989;Gronau(Westf);Münster(Westf)Hbf;4;nein;Altenberge;Warten auf einen entgegenkommenden Zug
08.10.2026;07:57;S2;30217;Dortmund Hbf;Essen Hbf;10;nein;Gelsenkirchen-Rotthausen;Verspätung eines vorausfahrenden Zuges
08.10.2026;07:57;S8;30832;Wuppertal-Oberbarmen;Mönchengladbach Hbf;2;nein;Hochdahl;
08.10.2026;07:57;VIA RB35;52247;Gelsenkirchen Hbf;Oberhausen Hbf;31;nein;Oberhausen Hbf;Vorfahrt eines anderen Zuges, Verspätung aus vorheriger Fahrt
08.10.2026;07:57;VIA RB39;56607;Düsseldorf Hbf;Bedburg(Erft);3;nein;Düsseldorf-Bilk;
08.10.2026;07:58;Bus RB31;62011;Xanten;Moers;6;nein;Rheinberg (Rheinl);
08.10.2026;07:58;HLB RB90;61697;Siegen Hbf;Betzdorf(Sieg);0;nein;Siegen Hbf;
08.10.2026;07:58;S11;32148;Düsseldorf Flughafen Terminal;Bergisch Gladbach;14;teilweise;Düsseldorf Hbf;Defekt an einem Signal
08.10.2026;07:58;S23;32320;Bonn Hbf;Rheinbach;3;nein;Bonn-Endenich Nord;
08.10.2026;07:58;S5;31520;Dortmund Hbf;Hagen Hbf;11;nein;Hagen-Vorhalle;Verspätung eines vorausfahrenden Zuges
08.10.2026;07:59;NX RE1;26857;Geilenkirchen;Köln Messe/Deutz;21;nein;Köln Hbf;
08.10.2026;07:59;S1;30153;Solingen Hbf;Duisburg Hbf;4;nein;Hilden Süd;
08.10.2026;07:59;S4;30421;Unna;Dortmund-Lütgendortmund;3;nein;Dortmund-Asseln Mitte;
08.10.2026;07:59;VIA RB46;31431;Gelsenkirchen Hbf;Bochum Hbf;8;nein;Bochum-Riemke;Vorfahrt eines anderen Zuges
08.10.2026;08:00;Bus EV;92918;Finnentrop;Olpe;0;nein;Finnentrop;
08.10.2026;08:00;Bus RE1;7733;Duisburg Hbf;Essen Hbf Kruppstraße/Am Thyssenhaus;;nein;Duisburg Hbf;
08.10.2026;08:00;HLB RB90;61675;Betzdorf(Sieg);Altenkirchen(Westerwald);5;nein;Au (Sieg);Verspätung aus vorheriger Fahrt
08.10.2026;08:00;RB53;14909;Dortmund Hbf;Iserlohn;5;teilweise;Kalthof (Kr Iserlohn);Technischer Defekt an einem anderen Zug
08.10.2026;08:00;RB54;14814;Menden(Sauerland);Fröndenberg;0;nein;Menden (Sauerland);
08.10.2026;08:00;RE18;18915;Eygelshoven Markt;Aachen Hbf;1;nein;Herzogenrath;
08.10.2026;08:00;RE18;18916;Aachen Hbf;Eygelshoven Markt;6;nein;Herzogenrath;Verspätung eines vorausfahrenden Zuges
08.10.2026;08:00;RRB S7;29125;Wuppertal Hbf;Solingen Hbf;4;nein;Solingen Grünewald;Vorfahrt eines anderen Zuges
08.10.2026;08:00;S1;30138;Duisburg Hbf;Solingen Hbf;2;nein;Duisburg-Buchholz;
08.10.2026;08:01;Bus EV;92917;Olpe;Finnentrop;0;nein;Olpe;
08.10.2026;08:01;Bus RE1;7722;Essen Hbf Kruppstraße/Am Thyssenhaus;Duisburg Hbf;;nein;Mülheim (Ruhr) Hbf;
08.10.2026;08:01;ICE 824;824;Frankfurt(Main)Hbf;Düsseldorf Hbf;5;nein;Siegburg/Bonn;
08.10.2026;08:01;RB51;20258;Dortmund Hbf;Enschede;4;nein;Dortmund-Derne;Verspätung eines vorausfahrenden Zuges
08.10.2026;08:01;RB64;20203;Enschede;Münster(Westf)Hbf;2;nein;Metelen Land;
08.10.2026;08:01;RRB RE14;89509;Bottrop Hbf;Essen Hbf;13;nein;Essen Hbf;Defekt an der Strecke
08.10.2026;08:02;ERB RB72;90649;Herford;Paderborn Hbf;2;nein;Detmold;
08.10.2026;08:02;ERB RE3;89869;Essen Hbf;Hamm(Westf)Hbf;2;nein;Dortmund Hbf;Verspätung eines vorausfahrenden Zuges
08.10.2026;08:02;NX RB48;17317;Wuppertal-Oberbarmen;Köln Hbf;9;nein;Köln Messe/Deutz;
08.10.2026;08:02;RB20;30008;Eschweiler-Weisweiler;Stolberg(Rheinl)Hbf Gl.44;7;nein;Aachen Hbf;Verspätung eines vorausfahrenden Zuges
08.10.2026;08:02;RB20;30058;Stolberg-Altstadt;Stolberg(Rheinl)Hbf Gl.44;7;nein;Aachen Hbf;Verspätung eines vorausfahrenden Zuges
08.10.2026;08:02;RB94;23157;Erndtebrück;Marburg(Lahn);4;nein;Erndtebrück;
08.10.2026;08:02;RRB RE14;89510;Essen Hbf;Bottrop Hbf;3;nein;Essen West;
08.10.2026;08:02;S6;56032;Köln-Dellbrück;Köln-Worringen;12;nein;Köln-Blumenberg;Verspätung eines vorausfahrenden Zuges
08.10.2026;08:02;SBH S5;34527;Hannover Flughafen;Paderborn Hbf;0;nein;Lügde;
08.10.2026;08:03;Bus RE14;67517;Coesfeld (Westf);Dorsten;4;nein;Wulfen (Westf);
08.10.2026;08:03;ERB RB59;90323;Dortmund Hbf;Soest;1;nein;Dortmund Hbf;
08.10.2026;08:03;ERB RB66;90586;Münster(Westf)Hbf;Osnabrück Hbf;8;nein;Münster (Westf) Hbf;Verspätete Bereitstellung
08.10.2026;08:03;ERB RE3;89872;Hamm(Westf)Hbf;Essen Hbf;39;teilweise;Dortmund Hbf;Vorfahrt eines anderen Zuges, Verspätetes Personal aus vorheriger Fahrt
08.10.2026;08:03;HLB RB96;61806;Neunkirchen(Kr Siegen);Betzdorf(Sieg);0;nein;Neunkirchen (Kr Siegen);
08.10.2026;08:03;NX RE5;28505;Emmerich;Koblenz Hbf;44;nein;Bonn-Bad Godesberg;Defekt an der Strecke, Vorfahrt eines anderen Zuges
08.10.2026;08:03;R S28;77164;Wuppertal Hbf;Kaarster See;8;nein;Neuss Hbf;Verspätung aus vorheriger Fahrt
08.10.2026;08:03;RB52;33806;Lüdenscheid;Rummenohl;1;nein;Lüdenscheid;
08.10.2026;08:03;RE22;10006;Euskirchen;Köln Messe/Deutz;;nein;Euskirchen;
08.10.2026;08:03;S11;32144;Düsseldorf Flughafen Terminal;Bergisch Gladbach;26;teilweise;Köln-Worringen;Defekt an einem Signal, Verspätung eines vorausfahrenden Zuges
08.10.2026;08:03;S3;30316;Essen West;Hattingen(Ruhr) Mitte;7;teilweise;Essen West;Defekt an der Strecke
08.10.2026;08:03;WFB RE60;95775;Rheine;Braunschweig Hbf;4;nein;Porta Westfalica;
08.10.2026;08:04;RE42;10112;Münster(Westf)Hbf;Essen Hbf;9;nein;Gelsenkirchen Hbf;Verspätung eines vorausfahrenden Zuges
08.10.2026;08:04;RRB RB36;26690;Oberhausen Hbf;Duisburg-Ruhrort;3;nein;Duisburg-Obermeiderich;
08.10.2026;08:04;RTB RB21;90732;Linnich Bhf;Düren;4;nein;Düren;
08.10.2026;08:04;S11;32152;Düsseldorf Flughafen Terminal;Bergisch Gladbach;54;teilweise;Düsseldorf Flughafen Terminal;Defekt an einem Signal, Defekt an der Strecke
08.10.2026;08:05;Bus RE1;7735;Duisburg Hbf;Essen Hbf Kruppstraße/Am Thyssenhaus;;nein;Duisburg Hbf;
08.10.2026;08:05;ERB RB50;89923;Münster(Westf)Hbf;Dortmund Hbf;4;nein;Werne a d Lippe;Verspätung eines vorausfahrenden Zuges, Verspätung aus vorheriger Fahrt
08.10.2026;08:05;HLB RE99;15132;Gießen;Siegen Hbf;4;nein;Siegen Hbf;Außerplanmäßige Geschwindigkeitsbeschränkung
08.10.2026;08:05;RB77;14554;Hildesheim Hbf;Herford;1;nein;Bad Oeynhausen Süd;
08.10.2026;08:05;RTB RB21;90801;Untermaubach-Schlagstein;Düren;0;nein;Düren;
08.10.2026;08:05;S5;31522;Dortmund Hbf;Witten Hbf;2;nein;Dortmund-Barop;
08.10.2026;08:05;VIA RB46;31430;Bochum Hbf;Gelsenkirchen Hbf;9;nein;Herne-Wanne-Eickel Hbf;Vorfahrt eines anderen Zuges
08.10.2026;08:05;VIA RE16;29964;Iserlohn-Letmathe;Iserlohn;5;nein;Iserlohn-Letmathe;Vorfahrt eines anderen Zuges
08.10.2026;08:05;WFB RE15;90272;Münster(Westf)Hbf;Emden Hbf;6;nein;Münster (Westf) Hbf;Verspätung aus vorheriger Fahrt
08.10.2026;08:06;Bus RE1;7724;Essen Hbf Kruppstraße/Am Thyssenhaus;Duisburg Hbf;;nein;Mülheim (Ruhr) Hbf;
08.10.2026;08:06;NWB RB75;75117;Bielefeld Hbf;Osnabrück Hbf;6;nein;Quelle-Kupferheide;Bereitstellung weiterer Wagen, Vorfahrt eines anderen Zuges
08.10.2026;08:06;RE17;10707;Hagen Hbf;Warburg(Westf);8;nein;Warburg (Westf);Verspätung eines vorausfahrenden Zuges
08.10.2026;08:06;RE42;10111;Mönchengladbach Hbf;Münster(Westf)Hbf;37;nein;Nottuln-Appelhülsen;Verspätung eines vorausfahrenden Zuges, Vorfahrt eines anderen Zuges
08.10.2026;08:06;RE8;10809;Mönchengladbach Hbf;Köln Messe/Deutz;9;nein;Köln Messe/Deutz;Verspätung eines vorausfahrenden Zuges
08.10.2026;08:06;S1;56324;Dortmund Hbf;Essen West;5;teilweise;Essen Hbf;Defekt an der Strecke
08.10.2026;08:06;VIA RB35;52242;Oberhausen Hbf;Gelsenkirchen Hbf;36;nein;Essen-Dellwig;Verspätung aus vorheriger Fahrt
08.10.2026;08:07;Bus RE14;67502;Dorsten;Coesfeld(Westf);7;nein;Lembeck;
08.10.2026;08:07;Bus RE14;67519;Borken (Westf);Bottrop Hbf;13;teilweise;Deuten;
08.10.2026;08:07;HLB RB90;61671;Kreuztal;Siegen Hbf;9;nein;Siegen Hbf;
08.10.2026;08:07;NWB RB74;75012;Paderborn Hbf;Bielefeld Hbf;20;nein;Bielefeld Hbf;
08.10.2026;08:07;S19;31036;Düren;Troisdorf;11;nein;Lövenich;Verspätung aus vorheriger Fahrt
08.10.2026;08:07;S23;32323;Rheinbach;Bonn Hbf;1;nein;Rheinbach Römerkanal;
08.10.2026;08:08;Bus RB54;54009;Ardey Bahnhof, Fröndenberg;Bahnhof, Unna;;nein;Fröndenberg-Frömern;
08.10.2026;08:08;Bus RE14;67523;Coesfeld (Westf);Dorsten;0;nein;Coesfeld (Westf);
08.10.2026;08:08;HLB RE34;28559;Siegen Hbf;Kirchhundem-Welschen Ennest;0;nein;Siegen Hbf;
08.10.2026;08:08;RB32;31248;Oberhausen Hbf;Dortmund Hbf;17;nein;Herne;Warten auf einen entgegenkommenden Zug
08.10.2026;08:08;RB54;14815;Fröndenberg;Neuenrade;0;nein;Fröndenberg;
08.10.2026;08:08;RB63;14884;Münster(Westf)Hbf;Coesfeld(Westf);9;nein;Billerbeck;Warten auf einen entgegenkommenden Zug
08.10.2026;08:08;RRB RB31;26009;Moers;Duisburg Hbf;1;nein;Rheinhausen;
08.10.2026;08:08;RRB RE44;26644;Bottrop Hbf;Moers;4;nein;Moers;
08.10.2026;08:08;S6;30634;Essen Hbf;Düsseldorf Hbf;3;nein;Düsseldorf Wehrhahn;
08.10.2026;08:08;S6;56038;Köln-Dellbrück;Köln-Worringen;14;teilweise;Köln-Dellbrück;Defekt an der Strecke
08.10.2026;08:09;Bus RB31;62013;Xanten;Moers;0;nein;Xanten;
08.10.2026;08:09;NX RE4;26410;Dortmund Hbf;Aachen Hbf;180;teilweise;Dortmund Hbf;Bauarbeiten, Vorfahrt eines anderen Zuges, Verspätung aus vorheriger Fahrt
08.10.2026;08:09;VIA RE19;74496;Emmerich;Düsseldorf Hbf;4;nein;Düsseldorf Flughafen;
08.10.2026;08:10;Bus RE1;7737;Duisburg Hbf;Essen Hbf Kruppstraße/Am Thyssenhaus;;nein;Duisburg Hbf;
08.10.2026;08:10;ERB RB69;89968;Herford;Hamm(Westf)Hbf;16;nein;Ahlen (Westf);Defekt an der Strecke, Verspätung eines vorausfahrenden Zuges
08.10.2026;08:10;ICE 206;206;Köln Hbf;Hamburg-Altona;11;nein;Gelsenkirchen Hbf;Vorfahrt eines anderen Zuges
08.10.2026;08:10;RRB S7;29131;Wuppertal Hbf;Solingen Hbf;2;nein;Wuppertal-Ronsdorf;Vorfahrt eines anderen Zuges
08.10.2026;08:10;RTB RB28;90850;Euskirchen;Düren;1;nein;Düren;
08.10.2026;08:10;S12;32226;Horrem;Hennef(Sieg);12;nein;Spich;Verspätung eines vorausfahrenden Zuges
08.10.2026;08:10;S2;30218;Essen Hbf;Dortmund Hbf;28;nein;Herne-Wanne-Eickel Hbf;Technische Störung am Zug
08.10.2026;08:10;S5;31521;Hagen Hbf;Dortmund Hbf;2;nein;Witten-Annen Nord;
08.10.2026;08:11;Bus RE1;7726;Essen Hbf Kruppstraße/Am Thyssenhaus;Duisburg Hbf;;nein;Mülheim (Ruhr) Hbf;
08.10.2026;08:11;ERB RB89;90058;Paderborn Hbf;Münster(Westf)Hbf;40;teilweise;Münster-Hiltrup;Vorfahrt eines anderen Zuges
08.10.2026;08:11;NX RE5;28509;Wesel;Koblenz Hbf;50;teilweise;Wesel;Polizeieinsatz, Defekt an der Strecke
08.10.2026;08:11;RE10;22502;Düsseldorf Hbf;Kleve;1;nein;Düsseldorf-Bilk;
08.10.2026;08:11;RE57;10751;Dortmund Hbf;Winterberg(Westf);22;teilweise;Siedlinghausen;Verspätung aus vorheriger Fahrt, Technischer Defekt an einem anderen Zug
08.10.2026;08:11;S9;30917;Hagen Hbf;Recklinghausen Hbf;42;teilweise;Essen Hbf;Polizeieinsatz
08.10.2026;08:12;RE41;16219;Bochum Hbf;Haltern am See;4;nein;Bochum Hbf;
08.10.2026;08:12;RE49;30294;Essen Hbf;Wuppertal Hbf;2;ja;Essen Hbf;Polizeieinsatz
08.10.2026;08:12;S11;32139;Bergisch Gladbach;Düsseldorf Flughafen Terminal;11;nein;Köln-Blumenberg;Verspätung eines vorausfahrenden Zuges
08.10.2026;08:12;S4;30423;Unna-Königsborn;Dortmund-Dorstfeld;2;nein;Dortmund-Wickede West;
08.10.2026;08:12;S6;30633;Düsseldorf Hbf;Essen Hbf;1;nein;Düsseldorf Wehrhahn;
08.10.2026;08:13;ERB RB65;52310;Münster(Westf)Hbf;Rheine;5;nein;Münster (Westf) Hbf;Verspätung eines vorausfahrenden Zuges
08.10.2026;08:13;ERB RB71;89637;Rahden;Bielefeld Hbf;15;nein;Bielefeld Hbf;Vorfahrt eines anderen Zuges, Verspätung aus vorheriger Fahrt
08.10.2026;08:13;ERB RB72;90654;Paderborn Hbf;Herford;3;nein;Bad Salzuflen-Sylbach;Verspätung eines vorausfahrenden Zuges
08.10.2026;08:13;NWB RB74;75019;Bielefeld Hbf;Paderborn Hbf;24;nein;Bielefeld-Senne;Bereitstellung weiterer Wagen, Defekt an einer Weiche
08.10.2026;08:13;RRB S7;29133;Wuppertal Hbf;Solingen Hbf;0;ja;Wuppertal Hbf;Kurzfristiger Personalausfall
08.10.2026;08:13;S11;32143;Bergisch Gladbach;Düsseldorf Flughafen Terminal;31;teilweise;Bergisch Gladbach;Defekt an einem Signal
08.10.2026;08:13;S2;31211;Dortmund Hbf;Dortmund-Mengede;2;nein;Dortmund-Westerfilde;
08.10.2026;08:13;S23;32322;Bonn Hbf;Euskirchen;2;nein;Bonn-Endenich Nord;
08.10.2026;08:13;S4;30428;Dortmund-Lütgendortmund;Unna-Königsborn;2;nein;Dortmund-Somborn;
08.10.2026;08:14;ICE 25;25;Dortmund Hbf;Nürnberg Hbf;29;nein;Bonn Hbf;Defekt an einem Signal
08.10.2026;08:14;NWB RB84;74963;Kreiensen;Paderborn Hbf;3;nein;Höxter-Godelheim;
08.10.2026;08:14;RB20;30009;Stolberg(Rheinl)Hbf Gl.44;Eschweiler-Weisweiler;8;nein;Stolberg (Rheinl) Hbf;Verspätung eines vorausfahrenden Zuges
08.10.2026;08:14;RB32;31249;Dortmund Hbf;Oberhausen Hbf;14;nein;Essen-Dellwig;Verspätung aus vorheriger Fahrt
08.10.2026;08:14;S1;30149;Solingen Hbf;Duisburg Hbf;6;nein;Duisburg-Rahm;Verspätung eines vorausfahrenden Zuges
08.10.2026;08:14;S6;30636;Essen Hbf;Düsseldorf Hbf;3;nein;Ratingen Ost;
08.10.2026;08:14;VIA RB91;31351;Lennestadt-Altenhundem;Hagen Hbf;11;teilweise;Lennestadt-Altenhundem;
08.10.2026;08:15;Bus RE1;7739;Duisburg Hbf;Essen Hbf Kruppstraße/Am Thyssenhaus;;nein;Duisburg Hbf;
08.10.2026;08:15;ERB RB73;90229;Bielefeld Hbf;Lemgo-Lüttfeld;3;nein;Bielefeld Hbf;
08.10.2026;08:15;NWB RB84;74962;Paderborn Hbf;Holzminden;2;nein;Bad Driburg (Westf);
08.10.2026;08:15;NWB RB85;74915;Paderborn Hbf;Göttingen;2;nein;Bad Driburg (Westf);
08.10.2026;08:15;NX RE6;89708;Minden(Westf);Köln/Bonn Flughafen;22;teilweise;Düsseldorf-Bilk;
08.10.2026;08:15;RB40;30763;Essen Hbf;Hagen Hbf;1;nein;Wattenscheid;
08.10.2026;08:15;RB43;14756;Dorsten;Dortmund Hbf;4;nein;Dortmund-Huckarde Nord;
08.10.2026;08:15;RRB RE10;82259;Kleve;Düsseldorf Hbf;2;nein;Weeze;Verspätung eines vorausfahrenden Zuges
08.10.2026;08:15;SBH S5;34540;Paderborn Hbf;Hannover Flughafen;0;nein;Paderborn Hbf;
08.10.2026;08:16;Bus RE1;7728;Essen Hbf Kruppstraße/Am Thyssenhaus;Duisburg Hbf;;nein;Mülheim (Ruhr) Hbf;
08.10.2026;08:16;ERB RB61;20357;Hengelo;Bielefeld Hbf;7;nein;Kirchlengern;Verspätung eines vorausfahrenden Zuges
08.10.2026;08:16;R S28;77168;Mettmann Stadtwald;Kaarster See;3;nein;Neuss Rheinparkcenter;
08.10.2026;08:16;RB20;30059;Stolberg(Rheinl)Hbf Gl.44;Stolberg-Altstadt;8;nein;Stolberg (Rheinl) Hbf;Verspätung eines vorausfahrenden Zuges, Warten auf einen entgegenkommenden Zug
08.10.2026;08:16;RB38;10075;Bedburg (Erft);Horrem;3;nein;Glesch;
08.10.2026;08:16;VIA RB91;21418;Kirchhundem-Welschen Ennest;Siegen Hbf;1;nein;Kreuztal-Eichen;
08.10.2026;08:17;NWB RB85;74906;Göttingen;Paderborn Hbf;3;nein;Beverungen-Wehrden;Vorfahrt eines anderen Zuges
08.10.2026;08:17;RB51;14606;Dortmund Hbf;Lünen Hbf;2;nein;Dortmund-Kirchderne;
08.10.2026;08:17;S4;30419;Unna-Königsborn;Dortmund-Lütgendortmund;2;nein;Dortmund-Somborn;
08.10.2026;08:18;ERB RB65;52315;Rheine;Münster(Westf)Hbf;7;nein;Rheine;Verspätung eines vorausfahrenden Zuges, Verspätung aus vorheriger Fahrt
08.10.2026;08:18;RB24;10410;Gerolstein;Köln Messe/Deutz;8;nein;Köln Messe/Deutz;Verspätung eines vorausfahrenden Zuges
08.10.2026;08:18;RB52;14656;Hagen Hbf;Dortmund Hbf;9;nein;Dortmund Signal Iduna Park;Verspätung eines vorausfahrenden Zuges
08.10.2026;08:18;RE42;10110;Münster(Westf)Hbf;Mönchengladbach Hbf;6;nein;Krefeld Hbf;Verspätung eines vorausfahrenden Zuges
08.10.2026;08:18;S6;56045;Köln-Worringen;Köln-Dellbrück;11;nein;Köln-Chorweiler Nord;Verspätung eines vorausfahrenden Zuges
08.10.2026;08:19;Bus EV;93866;Aue-Wingeshausen;Bad Berleburg;0;nein;Aue-Wingeshausen;
08.10.2026;08:19;ERB RB65;52313;Rheine;Münster(Westf)Hbf;4;nein;Münster Zentrum Nord;
08.10.2026;08:19;ICE 11;11;Bruxelles Midi;Frankfurt(Main)Hbf;13;nein;Köln Hbf;Vorfahrt eines anderen Zuges
08.10.2026;08:19;RB54;14816;Balve;Fröndenberg;2;nein;Balve Sanssouci;
08.10.2026;08:19;S2;31208;Dortmund-Mengede;Dortmund Hbf;1;nein;Dortmund-Huckarde;
08.10.2026;08:19;S68;31874;Wuppertal-Vohwinkel;Düsseldorf Hbf;3;nein;Düsseldorf Hbf;
08.10.2026;08:20;Bus RE1;7741;Duisburg Hbf;Essen Hbf Kruppstraße/Am Thyssenhaus;;nein;Duisburg Hbf;
08.10.2026;08:20;ERB RE82;79342;Bielefeld Hbf;Altenbeken;2;nein;Detmold;
08.10.2026;08:20;ICE 18;18;Frankfurt(Main)Hbf;Bruxelles Midi;24;nein;Aachen Hbf;Polizeieinsatz, Zusätzlicher Halt
08.10.2026;08:20;ICE 529;529;Dortmund Hbf;München Hbf;22;nein;Düsseldorf Hbf;Verspätung eines vorausfahrenden Zuges, Vorfahrt eines anderen Zuges
08.10.2026;08:20;RB20;30506;Langerwehe;Alsdorf-Annapark;8;nein;Stolberg (Rheinl) Hbf;Verspätung aus vorheriger Fahrt
08.10.2026;08:20;RB20;30556;Stolberg-Altstadt;Alsdorf-Annapark;8;nein;Stolberg (Rheinl) Hbf;Verspätung aus vorheriger Fahrt
08.10.2026;08:20;RB38;10255;Bedburg (Erft);Köln Messe/Deutz;14;nein;Köln-Ehrenfeld;Verspätung eines vorausfahrenden Zuges
08.10.2026;08:20;RB53;14914;Iserlohn;Dortmund Hbf;11;teilweise;Iserlohn;Ärztliche Versorgung eines Fahrgastes, Technischer Defekt an einem anderen Zug
08.10.2026;08:20;RB64;20206;Münster(Westf)Hbf;Enschede;2;nein;Münster-Häger;
08.10.2026;08:20;RRB RB36;26689;Duisburg-Ruhrort;Oberhausen Hbf;1;nein;Duisburg-Meiderich Süd;
08.10.2026;08:20;RTB RB21;90802;Düren;Untermaubach-Schlagstein;1;nein;Düren;
08.10.2026;08:20;RTB RB28;90853;Düren;Euskirchen;2;nein;Düren;
08.10.2026;08:20;S9;30916;Haltern am See;Wuppertal Hbf;25;teilweise;Essen Hbf;
08.10.2026;08:21;Bus RE1;7730;Essen Hbf Kruppstraße/Am Thyssenhaus;Duisburg Hbf;;nein;Mülheim (Ruhr) Hbf;
08.10.2026;08:21;Bus RE14;67510;Bottrop Hbf;Dorsten;0;nein;Bottrop Hbf;
08.10.2026;08:21;NX RE11;26706;Kassel-Wilhelmshöhe;Essen Hbf;21;nein;Dortmund Hbf;Vorfahrt eines anderen Zuges
08.10.2026;08:21;RE22;10015;Köln Messe/Deutz;Kall;3;nein;Köln Hbf;Verspätung eines vorausfahrenden Zuges
08.10.2026;08:21;RTB RB21;90735;Düren;Jülich-Nord;0;nein;Düren;
08.10.2026;08:21;S1;30148;Dortmund Hbf;Essen Hbf;8;nein;Essen Hbf;Verspätung eines vorausfahrenden Zuges
08.10.2026;08:21;TR RB26;25414;Mainz Hbf;Köln Messe/Deutz;4;ja;Bonn-Mehlem;
08.10.2026;08:21;TRI RB37;89405;Krefeld Hbf;Neuss Hbf;3;nein;Neuss Hbf;
08.10.2026;08:21;VIA RB34;90502;Dalheim;Mönchengladbach Hbf;3;nein;Rheydt Hbf;Vorfahrt eines anderen Zuges
08.10.2026;08:21;VIA RB46;31432;Bochum Hbf;Gelsenkirchen Hbf;1;nein;Bochum West;
08.10.2026;08:22;ERB RB59;90367;Dortmund Hbf;Soest;7;nein;Soest;
08.10.2026;08:22;NWB RB75;75114;Halle (Westf);Bielefeld Hbf;8;nein;Bielefeld Hbf;
08.10.2026;08:22;RB RE22;10013;Kall;Trier Hbf;1;nein;Urft;
08.10.2026;08:22;RE41;16218;Haltern am See;Bochum Hbf;2;nein;Marl-Sinsen;
08.10.2026;08:22;S1;56327;Essen West;Dortmund Hbf;5;teilweise;Essen West;Defekt an der Strecke
08.10.2026;08:22;S41;5007;Hergenrath;Aachen Hbf;6;nein;Aachen Hbf;
08.10.2026;08:23;Bus EV;93871;Bad Berleburg;Aue-Wingeshausen;0;nein;Bad Berleburg;
08.10.2026;08:23;ERB RB67;79284;Münster (Westf) Hbf;Bielefeld Hbf;50;teilweise;Rheda-Wiedenbrück;Defekt an einem Signal, Defektes Stellwerk, Verspätung aus vorheriger Fahrt
08.10.2026;08:23;ICE 915;915;Dortmund Hbf;München Hbf;9;nein;Gelsenkirchen Hbf;
08.10.2026;08:23;NWB RB58;75244;Bremen Hbf;Osnabrück Hbf;22;nein;Halen;Warten auf einen entgegenkommenden Zug
08.10.2026;08:23;RE17;10709;Hagen Hbf;Brilon Wald;5;nein;Bestwig;Verspätung eines vorausfahrenden Zuges
08.10.2026;08:23;S11;32146;Düsseldorf Flughafen Terminal;Bergisch Gladbach;43;teilweise;Köln-Worringen;Defekt an der Strecke, Verspätung aus vorheriger Fahrt
08.10.2026;08:23;SBH S1;34112;Hannover Hbf;Minden (Westf);11;nein;Minden (Westf);Vorfahrt eines anderen Zuges, Behobener Defekt am Zug
08.10.2026;08:24;NX RE4;26411;Aachen Hbf;Dortmund Hbf;124;teilweise;Aachen Schanz;Bauarbeiten, Verspätete Bereitstellung
08.10.2026;08:24;RE10;22503;Kleve;Düsseldorf Hbf;6;nein;Düsseldorf Hbf;Verspätung eines vorausfahrenden Zuges
08.10.2026;08:25;Bus RE1;7743;Duisburg Hbf;Essen Hbf Kruppstraße/Am Thyssenhaus;;nein;Duisburg Hbf;
08.10.2026;08:25;RB20;32806;Düren;Eschweiler-Weisweiler;4;nein;Langerwehe;
08.10.2026;08:25;S4;30425;Unna;Dortmund-Lütgendortmund;8;nein;Dortmund-Wickede;Verspätung eines vorausfahrenden Zuges
08.10.2026;08:25;VIA RE19;20011;Arnhem Centraal;Düsseldorf Hbf;38;nein;Düsseldorf Flughafen;Vorfahrt eines anderen Zuges
08.10.2026;08:25;VIA RE19;77011;Bocholt;Düsseldorf Hbf;38;nein;Düsseldorf Flughafen;Vorfahrt eines anderen Zuges, Verspätung aus vorheriger Fahrt
08.10.2026;08:26;Bus RE1;7732;Essen Hbf Kruppstraße/Am Thyssenhaus;Duisburg Hbf;;nein;Mülheim (Ruhr) Hbf;
08.10.2026;08:26;ERB RB89;90010;Paderborn Hbf;Münster(Westf)Hbf;12;nein;Hamm (Westf) Hbf;Vorfahrt eines anderen Zuges
08.10.2026;08:26;ICE 141;141;Amsterdam Centraal;Berlin Südkreuz;45;ja;Rheine;Defekt an der Oberleitung
08.10.2026;08:26;RE57;10753;Dortmund Hbf;Bestwig;20;nein;Arnsberg (Westf);Verspätung aus vorheriger Fahrt
08.10.2026;08:26;RE9;10904;Siegen Hbf;Aachen Hbf;5;nein;Eschweiler Hbf;Verspätung eines vorausfahrenden Zuges
08.10.2026;08:26;RRB RE10;82257;Kleve;Düsseldorf Hbf;8;nein;Krefeld Hbf;Warten auf einen entgegenkommenden Zug
08.10.2026;08:26;S19;31030;Düren;Troisdorf;10;nein;Troisdorf;Verspätung aus vorheriger Fahrt
08.10.2026;08:26;S3;30319;Hattingen(Ruhr) Mitte;Essen West;10;teilweise;Essen Hbf;Defekt an der Strecke
08.10.2026;08:26;S8;30837;Mönchengladbach Hbf;Hagen Hbf;9;nein;Düsseldorf-Friedrichstadt;Verspätung eines vorausfahrenden Zuges
08.10.2026;08:27;ICE 553;553;Köln Hbf;Berlin Gesundbrunnen;50;teilweise;Bielefeld Hbf;Defektes Stellwerk, Verspätete Bereitstellung
08.10.2026;08:27;RRB RB31;26004;Duisburg Hbf;Moers;6;nein;Moers;
08.10.2026;08:27;TR RB26;25415;Köln Messe/Deutz;Mainz Hbf;26;teilweise;Bonn Hbf;Defekt an einem Signal, Verspätung eines vorausfahrenden Zuges
08.10.2026;08:28;HLB RB90;61605;Siegen Hbf;Limburg(Lahn);11;nein;Siegen Hbf;Verzögerungen im Betriebsablauf
08.10.2026;08:28;RB20;30511;Alsdorf-Annapark;Langerwehe;6;nein;Aachen Schanz;Verspätung eines vorausfahrenden Zuges
08.10.2026;08:28;RB20;30561;Alsdorf-Annapark;Stolberg-Altstadt;6;nein;Aachen Schanz;Verspätung eines vorausfahrenden Zuges
08.10.2026;08:28;RRB S7;29124;Solingen Hbf;Wuppertal Hbf;3;nein;Wuppertal-Ronsdorf;
08.10.2026;08:28;S23;32324;Bonn Hbf;Rheinbach;1;nein;Bonn-Endenich Nord;
08.10.2026;08:28;S4;30430;Dortmund-Lütgendortmund;Unna;1;nein;Dortmund-Somborn;
08.10.2026;08:28;S8;30831;Mönchengladbach Hbf;Wuppertal-Oberbarmen;16;nein;Wuppertal-Barmen;Verspätung eines vorausfahrenden Zuges
08.10.2026;08:29;ERB RB59;90322;Soest;Dortmund Hbf;4;nein;Unna;Verspätung eines vorausfahrenden Zuges
08.10.2026;08:29;VIA RB35;32904;Mönchengladbach Hbf;Duisburg-Hochfeld Süd;12;nein;Krefeld Hbf;Vorfahrt eines anderen Zuges
08.10.2026;08:29;VIA RB46;31433;Gelsenkirchen Hbf;Bochum Hbf;9;nein;Bochum-Riemke;Vorfahrt eines anderen Zuges
08.10.2026;08:30;Bus RE1;7745;Duisburg Hbf;Essen Hbf Kruppstraße/Am Thyssenhaus;;nein;Duisburg Hbf;
08.10.2026;08:30;RB25;10522;Köln Hansaring;Lüdenscheid;4;nein;Dieringhausen;
08.10.2026;08:30;RB53;14911;Dortmund Hbf;Iserlohn;9;teilweise;Kalthof (Kr Iserlohn);Technischer Defekt an einem anderen Zug
08.10.2026;08:30;RE18;18917;Eygelshoven Markt;Aachen Hbf;1;nein;Herzogenrath;
08.10.2026;08:30;RE18;18918;Aachen Hbf;Eygelshoven Markt;5;nein;Herzogenrath;Verspätung eines vorausfahrenden Zuges
08.10.2026;08:30;RE42;10115;Mönchengladbach Hbf;Münster(Westf)Hbf;13;nein;Herne-Wanne-Eickel Hbf;Verspätung eines vorausfahrenden Zuges
08.10.2026;08:30;RE49;56775;Oberhausen Hbf;Wesel;5;nein;Friedrichsfeld (Niederrhein);
08.10.2026;08:30;RRB RE14;89513;Bottrop Hbf;Essen Hbf;9;nein;Essen Hbf;Vorfahrt eines anderen Zuges
08.10.2026;08:30;S12;32232;Horrem;Hennef(Sieg);6;nein;Spich;Verspätung eines vorausfahrenden Zuges
08.10.2026;08:31;Bus RE1;7734;Essen Hbf Kruppstraße/Am Thyssenhaus;Duisburg Hbf;;nein;Mülheim (Ruhr) Hbf;
08.10.2026;08:31;NX RE5;28506;Koblenz Hbf;Wesel;36;teilweise;Oberhausen-Sterkrade;Defekt an einem Bahnübergang
08.10.2026;08:31;RE57;10752;Winterberg(Westf);Dortmund Hbf;10;teilweise;Winterberg (Westf);Warten auf einen entgegenkommenden Zug, Technischer Defekt an einem anderen Zug
08.10.2026;08:31;VIA RB39;56648;Grevenbroich;Düsseldorf Hbf;3;nein;Düsseldorf Hbf;
08.10.2026;08:31;VIA RE16;31304;Essen Hbf;Iserlohn;28;nein;Iserlohn-Letmathe;Vorfahrt eines anderen Zuges
08.10.2026;08:32;HLB RB90;61600;Limburg(Lahn);Siegen Hbf;5;nein;Siegen Hbf;Verspätung eines vorausfahrenden Zuges
08.10.2026;08:32;HLB RB93;61870;Siegen Hbf;Aue-Wingeshausen;6;nein;Vormwald Dorf;Verspätung eines vorausfahrenden Zuges
08.10.2026;08:32;HLB RE34;28558;Kirchhundem-Welschen Ennest;Siegen Hbf;0;nein;Kirchhundem-Welschen Ennest;
08.10.2026;08:32;IC 2042;2042;Magdeburg Hbf;Köln Hbf;92;teilweise;Herford;Defekt an der Strecke, Defektes Stellwerk, Defekt an einem Bahnübergang
08.10.2026;08:32;RRB RB31;26011;Moers;Duisburg Hbf;4;nein;Trompet;
08.10.2026;08:32;RTB RB28;90852;Euskirchen;Düren;0;nein;Euskirchen;
08.10.2026;08:33;ERB RB72;90651;Herford;Paderborn Hbf;2;nein;Herford;Verspätung aus vorheriger Fahrt
08.10.2026;08:33;R S28;77169;Kaarster See;Wuppertal Hbf;7;nein;Düsseldorf-Friedrichstadt;
08.10.2026;08:33;RB RE22;10008;Trier Hbf;Kall;4;nein;Nettersheim;Verspätung eines vorausfahrenden Zuges
08.10.2026;08:33;S1;30146;Duisburg Hbf;Solingen Hbf;4;nein;Duisburg-Buchholz;Verspätung eines vorausfahrenden Zuges
08.10.2026;08:33;S11;32147;Bergisch Gladbach;Düsseldorf Flughafen Terminal;6;teilweise;Bergisch Gladbach;Defekt an einem Signal
08.10.2026;08:33;S12;32236;Horrem;Hennef(Sieg);8;nein;Frechen-Königsdorf;Verspätung eines vorausfahrenden Zuges
08.10.2026;08:33;S3;30318;Essen West;Hattingen(Ruhr) Mitte;2;teilweise;Essen West;Defekt an der Strecke
08.10.2026;08:34;ERB RB71;89638;Bielefeld Hbf;Rahden;16;nein;Lübbecke (Westf);Bauarbeiten, Defekt an einem Signal, Verspätung eines vorausfahrenden Zuges, Vorfahrt eines anderen Zuges
08.10.2026;08:34;HLB RB96;61808;Dillenburg;Betzdorf(Sieg);1;nein;Niederdresselndorf;
08.10.2026;08:34;NWB RB75;75121;Bielefeld Hbf;Halle(Westf);8;nein;Quelle-Kupferheide;Vorfahrt eines anderen Zuges
08.10.2026;08:34;RE8;10806;Köln Messe/Deutz;Mönchengladbach Hbf;19;nein;Jüchen;Verspätung eines vorausfahrenden Zuges
08.10.2026;08:34;RRB RB36;26692;Oberhausen Hbf;Duisburg-Ruhrort;1;nein;Duisburg-Obermeiderich;
08.10.2026;08:35;Bus RE1;7747;Duisburg Hbf;Essen Hbf Kruppstraße/Am Thyssenhaus;;nein;Duisburg Hbf;
08.10.2026;08:35;HLB RB90;61602;Limburg(Lahn);Siegen Hbf;21;nein;Geilhausen;Bereitstellung weiterer Wagen
08.10.2026;08:35;NWB RB58;75251;Osnabrück Hbf;Bremen Hbf;0;nein;Halen;
08.10.2026;08:35;RB33;10319;Duisburg Hbf;Aachen Hbf;;ja;Duisburg Hbf;Defekt an der Strecke
08.10.2026;08:35;RB38;10074;Horrem;Bedburg (Erft);3;nein;Glesch;
08.10.2026;08:35;RRB S7;29135;Wuppertal Hbf;Solingen Hbf;1;nein;Wuppertal-Unterbarmen;
08.10.2026;08:35;RTB RB21;90704;Linnich Bhf;Düren;0;nein;Düren;
08.10.2026;08:35;RTB RB21;90773;Heimbach (Eifel);Düren;0;nein;Düren;
08.10.2026;08:35;S5;31524;Dortmund Hbf;Hagen Hbf;1;nein;Dortmund-Barop;
08.10.2026;08:35;SBH S1;34117;Minden (Westf);Hannover Hbf;11;nein;Minden (Westf);Vorfahrt eines anderen Zuges
08.10.2026;08:36;Bus RE1;7736;Essen Hbf Kruppstraße/Am Thyssenhaus;Duisburg Hbf;;nein;Mülheim (Ruhr) Hbf;
08.10.2026;08:36;ERB RE3;89874;Hamm(Westf)Hbf;Essen Hbf;7;nein;Bönen-Nordbögge;Längere Haltezeit am Bahnhof
08.10.2026;08:36;NX RE6;89709;Köln/Bonn Flughafen;Minden(Westf);45;teilweise;Oelde;Vorfahrt eines anderen Zuges
08.10.2026;08:36;RE42;10113;Essen Hbf;Münster(Westf)Hbf;17;nein;Nottuln-Appelhülsen;Verspätung eines vorausfahrenden Zuges, Vorfahrt eines anderen Zuges
08.10.2026;08:36;S1;56326;Dortmund Hbf;Essen West;3;teilweise;Essen Hbf;Defekt an der Strecke
08.10.2026;08:36;S2;31213;Dortmund Hbf;Dortmund-Mengede;1;nein;Dortmund-Dorstfeld;
08.10.2026;08:36;S68;31876;Wuppertal-Vohwinkel;Düsseldorf Hbf;4;nein;Düsseldorf-Flingern;
08.10.2026;08:36;VIA RB39;56651;Düsseldorf Hbf;Grevenbroich;7;nein;Neuss Hbf;Vorfahrt eines anderen Zuges
08.10.2026;08:37;Bus RB31;62004;Moers;Xanten;0;nein;Moers;
08.10.2026;08:37;NWB RB74;75016;Paderborn Hbf;Bielefeld Hbf;25;nein;Bielefeld Hbf;Defekt an einer Weiche
08.10.2026;08:37;R S28;77171;Kaarster See;Mettmann Stadtwald;3;nein;Neuss Hbf;
08.10.2026;08:37;RB33;10316;Aachen Hbf;Duisburg Hbf;6;teilweise;Aachen Hbf;Defekt an der Strecke
08.10.2026;08:37;RB33;10366;Aachen Hbf;Heinsberg(Rheinl);2;ja;Aachen Hbf;Defekt an der Strecke
08.10.2026;08:37;RB52;33807;Rummenohl;Lüdenscheid;3;nein;Schalksmühle;
08.10.2026;08:37;RRB RE14;89512;Essen Hbf;Bottrop Hbf;2;nein;Essen-Borbeck;
08.10.2026;08:37;S41;5029;Aachen Hbf;Hergenrath;3;nein;Aachen Hbf;
08.10.2026;08:37;VIA RB35;52249;Gelsenkirchen Hbf;Oberhausen Hbf;15;ja;Gelsenkirchen Hbf;Verspätung aus vorheriger Fahrt
08.10.2026;08:38;ERB RB59;90369;Dortmund Hbf;Soest;3;nein;Dortmund Signal Iduna Park;Verspätung aus vorheriger Fahrt
08.10.2026;08:38;ERB RB69;89970;Bielefeld Hbf;Hamm(Westf)Hbf;47;teilweise;Gütersloh Hbf;Defektes Stellwerk
08.10.2026;08:38;RB27;10613;Mönchengladbach Hbf;Köln Messe/Deutz;12;nein;Köln Hbf;Verspätung eines vorausfahrenden Zuges
08.10.2026;08:38;RB63;14708;Münster(W)Zentrum Nord;Coesfeld(Westf);10;nein;Billerbeck;Verspätung aus vorheriger Fahrt
08.10.2026;08:38;RE62;11503;Rheine;Löhne(Westf);10;nein;Löhne (Westf);Verspätete Bereitstellung
08.10.2026;08:38;RRB RE10;82250;Düsseldorf Hbf;Kleve;7;nein;Kevelaer;Warten auf einen entgegenkommenden Zug
08.10.2026;08:38;S11;32154;Düsseldorf Flughafen Terminal;Bergisch Gladbach;9;teilweise;Düsseldorf Hbf;Defekt an einem Signal, Verspätung aus vorheriger Fahrt
08.10.2026;08:38;S6;30638;Essen Hbf;Düsseldorf Hbf;2;nein;Düsseldorf-Rath;
08.10.2026;08:38;VIA RB35;32905;Duisburg-Hochfeld Süd;Mönchengladbach Hbf;3;nein;Anrath;
08.10.2026;08:39;RB32;31250;Oberhausen Hbf;Dortmund Hbf;14;nein;Essen-Dellwig;Verspätung eines vorausfahrenden Zuges
08.10.2026;08:39;RRB S7;29130;Solingen Hbf;Wuppertal Hbf;1;nein;Solingen Grünewald;
08.10.2026;08:39;S23;32329;Bad Münstereifel;Bonn Hbf;3;nein;Euskirchen-Kuchenheim;
08.10.2026;08:40;Bus RE1;7749;Duisburg Hbf;Essen Hbf Kruppstraße/Am Thyssenhaus;;nein;Duisburg Hbf;
08.10.2026;08:40;ERB RB89;90063;Münster(Westf)Hbf;Paderborn Hbf;67;teilweise;Münster (Westf) Hbf;Defekt an einem Signal, Defekt an der Strecke, Vorfahrt eines anderen Zuges, Verspätung aus vorheriger Fahrt
08.10.2026;08:40;ERB RE3;89871;Essen Hbf;Hamm(Westf)Hbf;32;teilweise;Essen Hbf;Verspätung eines vorausfahrenden Zuges, Verspätetes Personal aus vorheriger Fahrt
08.10.2026;08:40;NWB RB75;75116;Osnabrück Hbf;Bielefeld Hbf;6;nein;Quelle;Vorfahrt eines anderen Zuges
08.10.2026;08:40;NX RE1;26807;Aachen Hbf;Hamm(Westf)Hbf;24;nein;Hamm (Westf) Hbf;Vorfahrt eines anderen Zuges
08.10.2026;08:40;NX RE1;26808;Hamm(Westf)Hbf;Aachen Hbf;18;nein;Düsseldorf Hbf;Vorfahrt eines anderen Zuges
08.10.2026;08:40;RE47;89312;Düsseldorf Hbf;Remscheid-Lennep;0;nein;Düsseldorf Hbf;
08.10.2026;08:40;S19;31033;Blankenberg (Sieg);Düren;4;nein;Horrem;
08.10.2026;08:40;S5;31523;Witten Hbf;Dortmund Hbf;1;nein;Witten-Annen Nord;
08.10.2026;08:40;VIA RB91;31353;Siegen Hbf;Welschen Ennest;3;nein;Siegen Hbf;
08.10.2026;08:41;Bus RE1;7738;Essen Hbf Kruppstraße/Am Thyssenhaus;Duisburg Hbf;;nein;Mülheim (Ruhr) Hbf;
08.10.2026;08:41;RB20;32807;Eschweiler-Weisweiler;Düren;11;nein;Düren;Verspätung eines vorausfahrenden Zuges
08.10.2026;08:41;RB51;14615;Lünen Hbf;Dortmund Hbf;4;nein;Dortmund-Kirchderne;
08.10.2026;08:41;S1;30142;Duisburg Hbf;Solingen Hbf;5;nein;Düsseldorf Wehrhahn;Verspätung eines vorausfahrenden Zuges
08.10.2026;08:41;S1;30143;Essen Hbf;Dortmund Hbf;3;nein;Dortmund-Oespel;
08.10.2026;08:42;ICE 2310;2310;Köln Hbf;Westerland(Sylt);15;nein;Gelsenkirchen Hbf;Vorfahrt eines anderen Zuges
08.10.2026;08:42;VIA RB34;90503;Mönchengladbach Hbf;Dalheim;2;nein;Mönchengladbach-Rheindahlen;Vorfahrt eines anderen Zuges
08.10.2026;08:43;ICE 1513;1513;Köln Hbf;Frankfurt(Main)Hbf;10;nein;Siegburg/Bonn;Verspätete Bereitstellung
08.10.2026;08:43;NX RB48;17322;Bonn-Mehlem;Wuppertal-Oberbarmen;24;teilweise;Bonn-Mehlem;Defekt an der Strecke, Vorfahrt eines anderen Zuges
08.10.2026;08:43;NX RB48;17323;Wuppertal-Oberbarmen;Bonn-Mehlem;0;ja;Wuppertal-Oberbarmen;Defekt an der Strecke
08.10.2026;08:43;R S28;77170;Wuppertal Hbf;Kaarster See;5;nein;Neuss Hbf;
08.10.2026;08:43;S23;32326;Bonn Hbf;Bad Münstereifel;1;nein;Bonn-Endenich Nord;
08.10.2026;08:44;HLB RB93;61869;Aue-Wingeshausen;Siegen Hbf;8;nein;Ferndorf (Kr Siegen);Warten auf einen entgegenkommenden Zug
08.10.2026;08:44;IC 2441;2441;Frankfurt(Main)Hbf;Dresden-Neustadt;3;ja;Bonn Hbf;Defekt an der Strecke
08.10.2026;08:44;RRB S7;29126;Solingen Hbf;Wuppertal Hbf;1;nein;Remscheid-Lüttringhausen;
08.10.2026;08:44;S23;32327;Rheinbach;Bonn Hbf;2;nein;Meckenheim Industriepark;
08.10.2026;08:44;S4;30427;Unna-Königsborn;Dortmund-Dorstfeld;2;nein;Dortmund-Asseln Mitte;
08.10.2026;08:45;Bus RE1;7751;Duisburg Hbf;Essen Hbf Kruppstraße/Am Thyssenhaus;;nein;Duisburg Hbf;
08.10.2026;08:45;ERB RB73;90230;Lemgo-Lüttfeld;Bielefeld Hbf;9;nein;Bielefeld Hbf;Verspätung eines vorausfahrenden Zuges
08.10.2026;08:45;RB52;14659;Dortmund Hbf;Hagen Hbf;4;nein;Dortmund Tierpark;
08.10.2026;08:45;RRB RE10;82261;Kleve;Düsseldorf Hbf;5;nein;Weeze;
08.10.2026;08:45;S9;30925;Hagen Hbf;Recklinghausen Hbf;51;teilweise;Hagen Hbf;
08.10.2026;08:45;WFB RE15;90303;Emden Hbf;Münster(Westf)Hbf;3;nein;Greven;Verspätung eines vorausfahrenden Zuges
08.10.2026;08:46;Bus RE1;7740;Essen Hbf Kruppstraße/Am Thyssenhaus;Duisburg Hbf;;nein;Mülheim (Ruhr) Hbf;
08.10.2026;08:46;RE2;10208;Osnabrück Hbf;Essen Hbf;4;nein;Haltern am See;
08.10.2026;08:46;S1;30157;Solingen Hbf;Duisburg Hbf;18;teilweise;Düsseldorf-Unterrath;Verspätung eines vorausfahrenden Zuges
08.10.2026;08:46;S8;30843;Mönchengladbach Hbf;Wuppertal-Oberbarmen;2;nein;Büttgen;
08.10.2026;08:47;ERB RB65;52312;Münster(Westf)Hbf;Rheine;1;nein;Greven;
08.10.2026;08:47;RE49;30297;Wuppertal Hbf;Essen Hbf;41;nein;Essen Hbf;Verspätung aus vorheriger Fahrt
08.10.2026;08:47;S1;30147;Essen Hbf;Dortmund Hbf;7;nein;Essen-Steele Ost;Verspätung eines vorausfahrenden Zuges
08.10.2026;08:48;NX RB48;17319;Wuppertal-Oberbarmen;Bonn-Mehlem;33;nein;Hürth-Kalscheuren;Verspätung aus vorheriger Fahrt
08.10.2026;08:48;NX RE11;26707;Essen Hbf;Kassel-Wilhelmshöhe;6;nein;Paderborn Hbf;
08.10.2026;08:48;S6;56040;Köln-Dellbrück;Köln-Worringen;6;nein;Köln-Nippes;Verspätung eines vorausfahrenden Zuges
08.10.2026;08:48;S6;56047;Köln-Worringen;Köln-Dellbrück;14;nein;Köln-Geldernstr./Parkgürtel;Verspätung eines vorausfahrenden Zuges
08.10.2026;08:48;VIA RE16;29971;Iserlohn;Iserlohn-Letmathe;;nein;Iserlohn;
08.10.2026;08:49;Bus RB54;54008;Bahnhof, Unna;Ardey Bahnhof, Fröndenberg;;nein;Fröndenberg-Frömern;
08.10.2026;08:49;RB25;10523;Marienheide;Rösrath;4;nein;Hoffnungsthal;Verspätung eines vorausfahrenden Zuges
08.10.2026;08:49;RB63;14887;Coesfeld(Westf);Münster(Westf)Hbf;10;nein;Billerbeck;Warten auf einen entgegenkommenden Zug
08.10.2026;08:49;RE22;10008;Kall;Köln Messe/Deutz;6;nein;Mechernich;Verspätung eines vorausfahrenden Zuges
08.10.2026;08:49;RE42;10114;Münster(Westf)Hbf;Mönchengladbach Hbf;14;nein;Oberhausen Hbf;Verspätung eines vorausfahrenden Zuges
08.10.2026;08:49;RE47;89315;Remscheid-Lennep;Düsseldorf Hbf;2;nein;Solingen Mitte;
08.10.2026;08:49;RRB RB31;26054;Duisburg Hbf;Moers;3;nein;Rheinhausen;
08.10.2026;08:49;S23;32325;Euskirchen;Bonn Hbf;3;nein;Bonn Hbf;
08.10.2026;08:49;S8;30835;Mönchengladbach Hbf;Wuppertal-Oberbarmen;16;nein;Wuppertal-Oberbarmen;Verspätung eines vorausfahrenden Zuges
08.10.2026;08:49;VIA RE19;20010;Düsseldorf Hbf;Arnhem Centraal;25;nein;Emmerich;Warten auf Anschlussreisende, Vorfahrt eines anderen Zuges
08.10.2026;08:50;Bus RE1;7753;Duisburg Hbf;Essen Hbf Kruppstraße/Am Thyssenhaus;;nein;Duisburg Hbf;
08.10.2026;08:50;RB25;10526;Rösrath;Gummersbach;7;nein;Ründeroth;Verspätung eines vorausfahrenden Zuges
08.10.2026;08:50;RB51;20257;Enschede;Dortmund Hbf;1;nein;Rosendahl-Holtwick;
08.10.2026;08:50;RB53;14916;Iserlohn;Dortmund Hbf;3;teilweise;Iserlohn;Technischer Defekt an einem anderen Zug
08.10.2026;08:50;RB63;14886;Münster(Westf)Hbf;Coesfeld(Westf);10;nein;Münster-Roxel;Warten auf einen entgegenkommenden Zug
08.10.2026;08:50;RRB RB36;26691;Duisburg-Ruhrort;Oberhausen Hbf;1;nein;Duisburg-Meiderich Süd;
08.10.2026;08:50;RTB RB21;90707;Düren;Linnich Bhf;0;nein;Düren;
08.10.2026;08:50;RTB RB21;90774;Düren;Heimbach (Eifel);0;nein;Düren;
08.10.2026;08:50;TR RB26;25417;Köln Messe/Deutz;Mainz Hbf;0;ja;Köln Messe/Deutz;Defekt an einem Signal
08.10.2026;08:50;TRI RB37;89404;Neuss Hbf;Krefeld Hbf;3;nein;Krefeld-Oppum;
08.10.2026;08:50;VIA RE19;20012;Düsseldorf Hbf;Arnhem Centraal;2;nein;Oberhausen Hbf;
08.10.2026;08:50;VIA RE19;77012;Düsseldorf Hbf;Bocholt;2;nein;Oberhausen Hbf;
08.10.2026;08:51;Bus RE1;7742;Essen Hbf Kruppstraße/Am Thyssenhaus;Duisburg Hbf;;nein;Mülheim (Ruhr) Hbf;
08.10.2026;08:51;RB40;30764;Hagen Hbf;Essen Hbf;2;nein;Essen-Kray Süd;
08.10.2026;08:51;RB54;14817;Fröndenberg;Menden(Sauerland);2;nein;Bösperde;
08.10.2026;08:51;RE49;56776;Wesel;Oberhausen Hbf;12;nein;Oberhausen Hbf;
08.10.2026;08:51;S1;30152;Dortmund Hbf;Essen Hbf;9;nein;Essen Hbf;
08.10.2026;08:52;RB63;14711;Coesfeld(Westf);Münster(W)Zentrum Nord;11;teilweise;Münster (Westf) Hbf;Warten auf einen entgegenkommenden Zug
08.10.2026;08:52;RB77;14559;Herford;Hildesheim Hbf;4;nein;Bad Oeynhausen Süd;Verspätung eines vorausfahrenden Zuges
08.10.2026;08:52;S1;56329;Essen West;Dortmund Hbf;1;teilweise;Essen West;Defekt an der Strecke
08.10.2026;08:52;WFB RE70;95824;Braunschweig Hbf;Bielefeld Hbf;4;nein;Minden (Westf);Verzögerungen im Betriebsablauf
08.10.2026;08:52;WFB RE70;95825;Bielefeld Hbf;Braunschweig Hbf;4;nein;Bad Oeynhausen;
08.10.2026;08:53;IC 2040;2040;Hannover Hbf;Stuttgart Hbf;23;teilweise;Köln Hbf;Defekt an der Strecke, Vorfahrt eines anderen Zuges
08.10.2026;08:53;S12;32237;Hennef (Sieg);Horrem;9;nein;Porz (Rhein);Verspätung eines vorausfahrenden Zuges
08.10.2026;08:53;S9;30923;Wuppertal Hbf;Haltern am See;22;teilweise;Wuppertal Hbf;Polizeieinsatz
08.10.2026;08:53;VIA RB46;31435;Gelsenkirchen Hbf;Bochum Hbf;4;nein;Herne-Wanne-Eickel Hbf;
08.10.2026;08:54;RE57;10971;Bestwig;Warburg(Westf);15;nein;Bestwig;Verspätung eines vorausfahrenden Zuges
08.10.2026;08:54;S12;32234;Horrem;Au(Sieg);9;nein;Troisdorf;Verspätung eines vorausfahrenden Zuges
08.10.2026;08:54;S2;30221;Dortmund Hbf;Essen Hbf;9;nein;Gelsenkirchen Hbf;Verspätung eines vorausfahrenden Zuges
08.10.2026;08:55;Bus RE1;7755;Duisburg Hbf;Essen Hbf Kruppstraße/Am Thyssenhaus;;nein;Duisburg Hbf;
08.10.2026;08:55;ERB RB66;90587;Osnabrück Hbf;Münster(Westf)Hbf;2;nein;Münster (Westf) Hbf;
08.10.2026;08:55;ERB RB89;90061;Münster(Westf)Hbf;Paderborn Hbf;16;nein;Geseke;Verspätung aus vorheriger Fahrt
08.10.2026;08:55;HLB RE99;15133;Siegen Hbf;Gießen;13;nein;Wilnsdorf-Rudersdorf;Vorfahrt eines anderen Zuges
08.10.2026;08:55;NX RB48;17320;Köln Hbf;Wuppertal-Oberbarmen;3;nein;Köln Messe/Deutz;
08.10.2026;08:55;NX RE5;28510;Koblenz Hbf;Wesel;28;teilweise;Bonn-Bad Godesberg;Bauarbeiten, Defekt an einem Signal
08.10.2026;08:55;R S28;77167;Kaarster See;Wuppertal Hbf;16;nein;Wuppertal-Steinbeck;Verspätung eines vorausfahrenden Zuges
08.10.2026;08:55;RRB S7;29139;Wuppertal Hbf;Solingen Hbf;1;nein;Wuppertal-Unterbarmen;
08.10.2026;08:55;VIA RE16;31311;Iserlohn;Essen Hbf;10;nein;Wetter (Ruhr);Vorfahrt eines anderen Zuges
08.10.2026;08:56;Bus RE1;7744;Essen Hbf Kruppstraße/Am Thyssenhaus;Duisburg Hbf;;nein;Mülheim (Ruhr) Hbf;
08.10.2026;08:56;Bus RE14;67506;Bottrop Hbf;Borken(Westf);2;teilweise;Deuten;
08.10.2026;08:56;NX RE5;28507;Wesel;Koblenz Hbf;26;nein;Bonn Hbf;Defekt an einem Bahnübergang
08.10.2026;08:56;RB32;31251;Dortmund Hbf;Oberhausen Hbf;18;teilweise;Herne-Wanne-Eickel Hbf;Verspätung eines vorausfahrenden Zuges
08.10.2026;08:56;RB33;10367;Heinsberg(Rheinl);Aachen Hbf;7;ja;Lindern;Defekt an der Strecke
08.10.2026;08:56;RE2;10207;Essen Hbf;Osnabrück Hbf;18;nein;Lengerich (Westf);Verspätung eines vorausfahrenden Zuges
08.10.2026;08:56;S3;30321;Hattingen(Ruhr) Mitte;Essen West;13;teilweise;Essen Hbf;Defekt an der Strecke
08.10.2026;08:56;S6;30644;Essen Hbf;Düsseldorf Hbf;2;nein;Essen-Hügel;
08.10.2026;08:57;R S28;77175;Kaarster See;Wuppertal Hbf;1;nein;Neuss Hbf;
08.10.2026;08:57;S4;30429;Unna;Dortmund-Lütgendortmund;2;nein;Dortmund-Wickede West;
08.10.2026;08:58;HLB RB90;61703;Siegen Hbf;Betzdorf(Sieg);4;nein;Siegen Hbf;
08.10.2026;08:58;RB20;30011;Stolberg(Rheinl)Hbf Gl.44;Eschweiler-Weisweiler;3;nein;Aachen Schanz;Verspätung eines vorausfahrenden Zuges
08.10.2026;08:58;RB20;30061;Stolberg(Rheinl)Hbf Gl.44;Stolberg-Altstadt;3;nein;Aachen Schanz;Verspätung eines vorausfahrenden Zuges
08.10.2026;08:58;RB25;10527;Gummersbach;Rösrath;6;nein;Dieringhausen;Verspätung eines vorausfahrenden Zuges
08.10.2026;08:58;S2;31210;Dortmund-Mengede;Dortmund Hbf;2;nein;Dortmund Hbf;
08.10.2026;08:58;S23;32328;Bonn Hbf;Euskirchen;3;nein;Bonn-Endenich Nord;Verspätung eines vorausfahrenden Zuges
08.10.2026;08:58;S4;30432;Dortmund-Lütgendortmund;Unna;3;nein;Dortmund-Somborn;
08.10.2026;08:58;S68;31878;Wuppertal-Vohwinkel;Düsseldorf Hbf;7;nein;Düsseldorf Hbf;
08.10.2026;08:58;S9;30919;Wuppertal Hbf;Haltern am See;39;teilweise;Bottrop Hbf;Polizeieinsatz
08.10.2026;08:59;NX RE6;89715;Köln/Bonn Flughafen;Minden(Westf);25;teilweise;Köln Messe/Deutz;Verspätung eines vorausfahrenden Zuges
08.10.2026;08:59;S1;30165;Solingen Hbf;Duisburg Hbf;1;nein;Hilden Süd;
08.10.2026;09:00;Bus EV;92944;Finnentrop;Olpe;0;nein;Finnentrop;
08.10.2026;09:00;Bus RE1;7757;Duisburg Hbf;Essen Hbf Kruppstraße/Am Thyssenhaus;;nein;Duisburg Hbf;
08.10.2026;09:00;ICE 543;543;Köln Hbf;Berlin Hbf;59;nein;Minden (Westf);Defektes Stellwerk, Vorfahrt eines anderen Zuges
08.10.2026;09:00;RB53;14913;Dortmund Hbf;Iserlohn;6;teilweise;Kalthof (Kr Iserlohn);Technischer Defekt an einem anderen Zug
08.10.2026;09:00;RE18;18920;Aachen Hbf;Eygelshoven Markt;8;nein;Herzogenrath;Verspätung eines vorausfahrenden Zuges
08.10.2026;09:00;RE57;10794;Warburg(Westf);Bestwig;5;nein;Scherfede;Warten auf einen entgegenkommenden Zug
08.10.2026;09:00;S5;31526;Dortmund Hbf;Witten Hbf;1;nein;Dortmund Hbf;
08.10.2026;09:00;VIA RB39;56606;Bedburg (Erft);Düsseldorf Hbf;4;nein;Düsseldorf-Bilk;
08.10.2026;09:00;VIA RB91;31340;Hagen Hbf;Lennestadt-Altenhundem;7;teilweise;Iserlohn-Letmathe;
08.10.2026;09:01;Bus EV;92919;Olpe;Finnentrop;0;nein;Olpe;
08.10.2026;09:01;Bus RE1;7746;Essen Hbf Kruppstraße/Am Thyssenhaus;Duisburg Hbf;;nein;Mülheim (Ruhr) Hbf;
08.10.2026;09:01;HLB RB93;61872;Siegen Hbf;Aue-Wingeshausen;4;nein;Siegen-Weidenau;
08.10.2026;09:01;RB63;14710;Münster(W)Zentrum Nord;Coesfeld(Westf);10;teilweise;Münster Zentrum Nord;Warten auf einen entgegenkommenden Zug
08.10.2026;09:01;RRB RE14;89515;Bottrop Hbf;Essen Hbf;10;nein;Essen Hbf;
08.10.2026;09:01;S12;32233;Hennef (Sieg);Horrem;4;nein;Lövenich;
08.10.2026;09:01;S9;30922;Recklinghausen Hbf;Hagen Hbf;4;teilweise;Recklinghausen Hbf;Polizeieinsatz
08.10.2026;09:02;ERB RB67;79286;Münster (Westf) Hbf;Bielefeld Hbf;68;nein;Beelen;Defektes Stellwerk, Vorfahrt eines anderen Zuges, Verspätung aus vorheriger Fahrt
08.10.2026;09:02;ERB RB89;90060;Paderborn Hbf;Münster(Westf)Hbf;29;nein;Drensteinfurt;Vorfahrt eines anderen Zuges, Verspätung aus vorheriger Fahrt
08.10.2026;09:02;HLB RB90;61708;Betzdorf(Sieg);Siegen Hbf;11;nein;Siegen Hbf;
08.10.2026;09:02;ICE 644;644;Berlin Südkreuz;Düsseldorf Hbf;138;teilweise;Minden (Westf);Defekt an einem Signal, Defektes Stellwerk, Umleitung
08.10.2026;09:02;RB38;10258;Köln Messe/Deutz;Bedburg(Erft);7;nein;Paffendorf;Verspätung eines vorausfahrenden Zuges
08.10.2026;09:02;RRB RE14;89516;Essen Hbf;Bottrop Hbf;2;nein;Essen West;
08.10.2026;09:02;S19;52785;Troisdorf;Sindorf;9;nein;Sindorf;Verspätung eines vorausfahrenden Zuges
08.10.2026;09:02;SBH S5;34531;Hannover Flughafen;Paderborn Hbf;2;nein;Lügde;Vorfahrt eines anderen Zuges
08.10.2026;09:02;VIA RB35;52244;Oberhausen Hbf;Gelsenkirchen Hbf;13;ja;Oberhausen Hbf;Verspätung aus vorheriger Fahrt
08.10.2026;09:03;ERB RB69;89971;Hamm(Westf)Hbf;Bielefeld Hbf;23;teilweise;Beckum-Neubeckum;Defektes Stellwerk
08.10.2026;09:03;R S28;77174;Wuppertal Hbf;Kaarster See;14;nein;Neuss Hbf;Verspätung eines vorausfahrenden Zuges
08.10.2026;09:03;RB52;33808;Lüdenscheid;Rummenohl;1;nein;Lüdenscheid;
08.10.2026;09:03;RB54;14820;Menden(Sauerland);Fröndenberg;1;nein;Bösperde;
08.10.2026;09:03;S3;30320;Essen West;Hattingen(Ruhr) Mitte;19;teilweise;Essen West;Defekt an der Strecke
08.10.2026;09:04;ICE 646;646;Berlin Gesundbrunnen;Düsseldorf Hbf;43;nein;Düsseldorf Flughafen;Defekt an der Strecke, Vorfahrt eines anderen Zuges
08.10.2026;09:04;NWB RB75;75123;Bielefeld Hbf;Osnabrück Hbf;5;nein;Bielefeld-Brackwede;Defekt an einem Signal, Defekt an einer Weiche
08.10.2026;09:04;RB24;10416;Kall;Köln Messe/Deutz;4;nein;Köln Süd;Verspätung eines vorausfahrenden Zuges
08.10.2026;09:04;RRB RB36;26694;Oberhausen Hbf;Duisburg-Ruhrort;2;nein;Duisburg-Obermeiderich;
08.10.2026;09:04;RTB RB21;90734;Linnich Bhf;Düren;3;nein;Düren;
08.10.2026;09:05;Bus RE1;7759;Duisburg Hbf;Essen Hbf Kruppstraße/Am Thyssenhaus;;nein;Duisburg Hbf;
08.10.2026;09:05;NX RB48;17321;Wuppertal-Oberbarmen;Köln Hbf;6;nein;Köln Hbf;
08.10.2026;09:05;RB20;30010;Eschweiler-Weisweiler;Stolberg(Rheinl)Hbf Gl.44;7;nein;Aachen Schanz;Verspätung eines vorausfahrenden Zuges
08.10.2026;09:05;RB20;30060;Stolberg-Altstadt;Stolberg(Rheinl)Hbf Gl.44;7;nein;Aachen Schanz;Verspätung eines vorausfahrenden Zuges
08.10.2026;09:05;RB77;14556;Hildesheim Hbf;Herford;1;nein;Bad Oeynhausen Süd;Warten auf Anschlussreisende
08.10.2026;09:05;RTB RB21;90803;Untermaubach-Schlagstein;Düren;1;nein;Düren;
08.10.2026;09:05;VIA RB46;31434;Bochum Hbf;Gelsenkirchen Hbf;4;nein;Herne-Wanne-Eickel Hbf;
08.10.2026;09:05;VIA RE16;29966;Iserlohn-Letmathe;Iserlohn;;nein;Iserlohn-Letmathe;
08.10.2026;09:05;WFB RE15;90274;Münster(Westf)Hbf;Emden Hbf;1;nein;Münster (Westf) Hbf;
08.10.2026;09:06;Bus RE1;7748;Essen Hbf Kruppstraße/Am Thyssenhaus;Duisburg Hbf;;nein;Mülheim (Ruhr) Hbf;
08.10.2026;09:06;RE8;10811;Mönchengladbach Hbf;Köln Messe/Deutz;29;nein;Köln Messe/Deutz;Defekt an einem Bahnübergang
08.10.2026;09:06;S1;56328;Dortmund Hbf;Essen West;2;teilweise;Essen Hbf;Defekt an der Strecke
08.10.2026;09:07;NWB RB74;75018;Paderborn Hbf;Bielefeld Hbf;27;nein;Bielefeld Hbf;Defekt an einer Weiche
08.10.2026;09:07;NX RE1;26806;Hamm(Westf)Hbf;Aachen Hbf;16;nein;Aachen Hbf;Vorfahrt eines anderen Zuges
08.10.2026;09:07;NX RE5;28511;Wesel;Koblenz Hbf;22;teilweise;Wesel;Defekt an einem Bahnübergang
08.10.2026;09:07;NX RE7;17407;Rheine;Krefeld Hbf;37;teilweise;Neuss Hbf;Vorfahrt eines anderen Zuges
08.10.2026;09:07;RB40;30765;Essen Hbf;Hagen Hbf;2;nein;Essen Hbf;
08.10.2026;09:07;S23;32331;Rheinbach;Bonn Hbf;2;nein;Rheinbach Römerkanal;
08.10.2026;09:08;Bus RB54;54011;Ardey Bahnhof, Fröndenberg;Bahnhof, Unna;;nein;Fröndenberg-Frömern;
08.10.2026;09:08;Bus RE14;67529;Coesfeld (Westf);Dorsten;0;nein;Coesfeld (Westf);
08.10.2026;09:08;ERB RB59;90325;Dortmund Hbf;Soest;1;nein;Dortmund Signal Iduna Park;
08.10.2026;09:08;HLB RE34;28561;Siegen Hbf;Kirchhundem-Welschen Ennest;0;nein;Siegen Hbf;
08.10.2026;09:08;RRB RE44;26646;Bottrop Hbf;Moers;6;nein;Moers;
08.10.2026;09:08;S6;56051;Köln-Worringen;Köln-Dellbrück;5;nein;Köln-Geldernstr./Parkgürtel;
08.10.2026;09:09;Bus RB31;62015;Xanten;Moers;0;nein;Xanten;
08.10.2026;09:09;NX RE4;26412;Dortmund Hbf;Aachen Hbf;111;teilweise;Dortmund Hbf;Bauarbeiten, Technische Störung am Zug, Verspätung aus vorheriger Fahrt
08.10.2026;09:09;NX RE6;89714;Minden(Westf);Köln/Bonn Flughafen;109;teilweise;Gütersloh Hbf;Defekt an einem Signal, Defektes Stellwerk
08.10.2026;09:09;RB43;14759;Dortmund Hbf;Dorsten;7;nein;Herne;Warten auf einen entgegenkommenden Zug
08.10.2026;09:09;RB52;14658;Hagen Hbf;Dortmund Hbf;2;nein;Dortmund-Löttringhausen;
08.10.2026;09:09;RE49;30299;Wuppertal Hbf;Essen Hbf;;ja;Wuppertal Hbf;Polizeieinsatz
08.10.2026;09:09;S6;30635;Düsseldorf Hbf;Essen Hbf;5;nein;Essen Süd;
08.10.2026;09:09;VIA RB39;56650;Grevenbroich;Neuss Hbf;4;nein;Kapellen-Wevelinghoven;Vorfahrt eines anderen Zuges
08.10.2026;09:10;Bus RE1;7761;Duisburg Hbf;Essen Hbf Kruppstraße/Am Thyssenhaus;;nein;Duisburg Hbf;
08.10.2026;09:10;ERB RB66;90588;Münster(Westf)Hbf;Osnabrück Hbf;4;nein;Westbevern;Verspätung eines vorausfahrenden Zuges
08.10.2026;09:10;ERB RB67;79293;Bielefeld Hbf;Münster(Westf)Hbf;33;ja;Bielefeld Hbf;Defektes Stellwerk, Verspätung aus vorheriger Fahrt
08.10.2026;09:10;RB54;14819;Fröndenberg;Neuenrade;2;nein;Bösperde;
08.10.2026;09:10;S6;30642;Essen Hbf;Düsseldorf Hbf;6;nein;Düsseldorf Hbf;
08.10.2026;09:11;Bus RE1;7750;Essen Hbf Kruppstraße/Am Thyssenhaus;Duisburg Hbf;;nein;Mülheim (Ruhr) Hbf;
08.10.2026;09:11;ERB RB71;89641;Rahden;Bielefeld Hbf;7;nein;Espelkamp;Bauarbeiten, Verspätung aus vorheriger Fahrt
08.10.2026;09:11;ERB RE82;79345;Detmold;Bielefeld Hbf;21;nein;Bielefeld Hbf;Verspätung eines vorausfahrenden Zuges
08.10.2026;09:11;RB24;10418;Kall;Köln Messe/Deutz;2;nein;Scheven;
08.10.2026;09:12;Bus RE14;67512;Bottrop Hbf;Borken(Westf);1;nein;Gladbeck West;
08.10.2026;09:12;ERB RB61;20362;Bielefeld Hbf;Hengelo;14;nein;Bielefeld Hbf;Defekt an einem Signal
08.10.2026;09:12;ERB RE13;20071;Venlo;Hamm(Westf)Hbf;5;nein;Düsseldorf Hbf;Verspätung eines vorausfahrenden Zuges
08.10.2026;09:12;RE18;18919;Eygelshoven Markt;Aachen Hbf;12;nein;Aachen Hbf;
08.10.2026;09:12;RE49;56777;Oberhausen Hbf;Wesel;9;nein;Oberhausen-Sterkrade;
08.10.2026;09:12;RRB S7;29134;Solingen Hbf;Wuppertal Hbf;0;ja;Solingen Hbf;Kurzfristiger Personalausfall
08.10.2026;09:12;TRI RE100;28074;Essen Hbf;Düsseldorf Hbf;11;nein;Düsseldorf Hbf;
08.10.2026;09:13;ERB RB71;89639;Rahden;Bielefeld Hbf;24;nein;Bielefeld Hbf;Defekt an einem Signal, Vorfahrt eines anderen Zuges
08.10.2026;09:13;HLB RE99;15136;Gießen;Siegen Hbf;1;nein;Siegen Hbf;Außerplanmäßige Geschwindigkeitsbeschränkung
08.10.2026;09:13;RB64;14991;Steinfurt-Burgsteinfurt;Münster(Westf)Hbf;6;nein;Münster (Westf) Hbf;Längere Haltezeit am Bahnhof
08.10.2026;09:13;RRB RE44;26649;Moers;Bottrop Hbf;5;nein;Oberhausen Hbf;
08.10.2026;09:13;S11;32151;Bergisch Gladbach;Düsseldorf Flughafen Terminal;28;teilweise;Bergisch Gladbach;Defekt an der Strecke
08.10.2026;09:13;S23;32330;Bonn Hbf;Euskirchen;5;nein;Bonn-Endenich Nord;Verspätung eines vorausfahrenden Zuges
08.10.2026;09:13;S5;31525;Hagen Hbf;Dortmund Hbf;1;nein;Dortmund-Kruckel;
08.10.2026;09:13;WFB RE60;95772;Braunschweig Hbf;Rheine;41;nein;Hörstel;Witterungsbedingte Beeinträchtigungen, Defekt an einem Bahnübergang, Verspätung eines vorausfahrenden Zuges
08.10.2026;09:14;ERB RB61;20361;Hengelo;Bielefeld Hbf;7;nein;Rheine;Verspätung eines vorausfahrenden Zuges
08.10.2026;09:14;ICE 946;946;Berlin Südkreuz;Düsseldorf Hbf;106;teilweise;Dortmund Hbf;Defektes Stellwerk, Defekt an einem Bahnübergang
08.10.2026;09:14;RB25;10528;Köln Hansaring;Lüdenscheid;5;nein;Engelskirchen;Verspätung eines vorausfahrenden Zuges
08.10.2026;09:14;RE34;26083;Lennestadt-Altenhundem;Hagen Hbf;;ja;Lennestadt-Altenhundem;Bauarbeiten
08.10.2026;09:14;RE42;10116;Münster(Westf)Hbf;Essen Hbf;5;nein;Essen Hbf;Verspätung eines vorausfahrenden Zuges
08.10.2026;09:14;S1;30161;Solingen Hbf;Duisburg Hbf;7;nein;Duisburg-Rahm;Verspätung eines vorausfahrenden Zuges
08.10.2026;09:14;S2;30222;Essen Hbf;Dortmund Hbf;11;nein;Herne;Verspätung eines vorausfahrenden Zuges
08.10.2026;09:15;Bus RE1;7763;Duisburg Hbf;Essen Hbf Kruppstraße/Am Thyssenhaus;;nein;Duisburg Hbf;
08.10.2026;09:15;Bus RE14;67521;Dorsten;Bottrop Hbf;1;nein;Gladbeck-Zweckel;
08.10.2026;09:15;ERB RB50;89924;Dortmund Hbf;Münster(Westf)Hbf;35;nein;Münster-Amelsbüren;Defekt an der Strecke
08.10.2026;09:15;ERB RB89;90013;Münster(Westf)Hbf;Paderborn Hbf;6;nein;Lippstadt;Verspätung eines vorausfahrenden Zuges
08.10.2026;09:15;ES 400;400;Milano Porta Garibaldi;Bruxelles Midi;45;nein;Aachen Hbf;
08.10.2026;09:15;ICE 656;656;Hannover Hbf;Köln Hbf;32;nein;Köln Hbf;Vorfahrt eines anderen Zuges
08.10.2026;09:15;NWB RB74;75021;Bielefeld Hbf;Paderborn Hbf;28;nein;Paderborn Schloß Neuhaus;Defekt an einer Weiche
08.10.2026;09:15;NX RE6;89710;Minden(Westf);Köln/Bonn Flughafen;34;teilweise;Düsseldorf-Bilk;Defekt an einem Signal, Vorfahrt eines anderen Zuges
08.10.2026;09:15;RB43;14758;Dorsten;Dortmund Hbf;4;nein;Dortmund-Huckarde Nord;
08.10.2026;09:15;RRB RB31;26053;Moers;Duisburg Hbf;9;nein;Duisburg Hbf;
08.10.2026;09:15;RRB S7;29141;Wuppertal Hbf;Solingen Hbf;1;nein;Wuppertal-Unterbarmen;
08.10.2026;09:15;S23;32335;Bad Münstereifel;Bonn Hbf;2;nein;Euskirchen-Kreuzweingarten;
08.10.2026;09:16;Bus RE1;7752;Essen Hbf Kruppstraße/Am Thyssenhaus;Duisburg Hbf;;nein;Mülheim (Ruhr) Hbf;
08.10.2026;09:16;ERB RB59;90324;Soest;Dortmund Hbf;3;nein;Werl;Verspätung eines vorausfahrenden Zuges
08.10.2026;09:16;R S28;77180;Mettmann Stadtwald;Kaarster See;4;nein;Neuss Rheinparkcenter;
08.10.2026;09:16;RB24;10411;Köln Messe/Deutz;Kall;7;nein;Weilerswist;Verspätung eines vorausfahrenden Zuges
08.10.2026;09:16;RB38;10077;Bedburg (Erft);Horrem;5;nein;Glesch;Verspätung aus vorheriger Fahrt
08.10.2026;09:16;RE12;4180;Gerolstein;Köln Messe/Deutz;9;nein;Euskirchen;Verspätung eines vorausfahrenden Zuges
08.10.2026;09:16;RRB S7;29132;Solingen Hbf;Wuppertal Hbf;2;nein;Remscheid Hbf;
08.10.2026;09:16;S11;32149;Bergisch Gladbach;Düsseldorf Flughafen Terminal;13;nein;Köln Hansaring;Verspätung eines vorausfahrenden Zuges
08.10.2026;09:16;S11;32156;Düsseldorf Flughafen Terminal;Bergisch Gladbach;17;teilweise;Neuss Hbf;Defekt an der Strecke, Verspätung eines vorausfahrenden Zuges
08.10.2026;09:16;S19;31040;Düren;Troisdorf;8;nein;Köln/Bonn Flughafen;Verspätung eines vorausfahrenden Zuges
08.10.2026;09:16;S6;56044;Köln-Dellbrück;Köln-Worringen;3;nein;Köln Volkhovener Weg;
08.10.2026;09:16;S8;30836;Wuppertal-Oberbarmen;Mönchengladbach Hbf;3;nein;Kleinenbroich;
08.10.2026;09:16;TRI RE100;28075;Düsseldorf Hbf;Essen Hbf;12;nein;Essen Hbf;
08.10.2026;09:16;VIA RB46;31437;Gelsenkirchen Hbf;Bochum Hbf;1;nein;Gelsenkirchen Hbf;
08.10.2026;09:16;VIA RB91;21420;Kirchhundem-Welschen Ennest;Siegen Hbf;3;nein;Kreuztal-Eichen;
08.10.2026;09:17;ERB RB59;90370;Soest;Dortmund Hbf;4;nein;Dortmund-Hörde;
08.10.2026;09:17;RB20;32808;Düren;Eschweiler-Weisweiler;1;nein;Düren;
08.10.2026;09:17;RB51;14608;Dortmund Hbf;Lünen Hbf;3;nein;Dortmund-Kirchderne;
08.10.2026;09:17;RE17;10711;Hagen Hbf;Brilon Stadt;15;nein;Meschede;Verspätung eines vorausfahrenden Zuges
08.10.2026;09:17;RE49;30296;Essen Hbf;Wuppertal Hbf;23;nein;Essen-Steele;
08.10.2026;09:17;RRB RB31;26006;Duisburg Hbf;Moers;8;nein;Rheinhausen;
08.10.2026;09:18;S8;30844;Wuppertal-Oberbarmen;Mönchengladbach Hbf;3;nein;Wuppertal Hbf;
08.10.2026;09:19;Bus EV;93870;Aue-Wingeshausen;Bad Berleburg;0;nein;Aue-Wingeshausen;
08.10.2026;09:19;ERB RB65;52317;Rheine;Münster(Westf)Hbf;2;nein;Münster Zentrum Nord;
08.10.2026;09:19;EUR 9426;9426;Dortmund Hbf;Paris Nord;48;nein;Aachen Hbf;Verspätete Bereitstellung
08.10.2026;09:19;RB27;10606;Köln Messe/Deutz;Mönchengladbach Hbf;13;nein;Mönchengladbach Hbf;Verspätung eines vorausfahrenden Zuges
08.10.2026;09:19;RB64;20205;Enschede;Münster(Westf)Hbf;2;nein;Nordwalde;
08.10.2026;09:19;S19;31038;Düren;Blankenberg(Sieg);25;nein;Hennef Im Siegbogen;Verspätung aus vorheriger Fahrt
08.10.2026;09:20;Bus RE1;7765;Duisburg Hbf;Essen Hbf Kruppstraße/Am Thyssenhaus;;nein;Duisburg Hbf;
08.10.2026;09:20;ERB RB72;90656;Paderborn Hbf;Herford;2;nein;Bad Salzuflen;
08.10.2026;09:20;RB53;14918;Iserlohn;Dortmund Hbf;1;teilweise;Iserlohn;Technischer Defekt an einem anderen Zug
08.10.2026;09:20;RRB RB36;26693;Duisburg-Ruhrort;Oberhausen Hbf;1;nein;Duisburg-Meiderich Süd;
08.10.2026;09:20;RTB RB21;90804;Düren;Untermaubach-Schlagstein;0;nein;Düren;
08.10.2026;09:20;RTB RB28;90855;Düren;Euskirchen;0;nein;Düren;
08.10.2026;09:21;Bus RE1;7754;Essen Hbf Kruppstraße/Am Thyssenhaus;Duisburg Hbf;;nein;Mülheim (Ruhr) Hbf;
08.10.2026;09:21;Bus RE14;67516;Bottrop Hbf;Dorsten;0;nein;Bottrop Hbf;
08.10.2026;09:21;ERB RB61;20359;Hengelo;Bielefeld Hbf;4;nein;Hiddenhausen-Schweicheln;Längere Haltezeit am Bahnhof
08.10.2026;09:21;HLB RB96;61809;Betzdorf(Sieg);Dillenburg;2;nein;Holzhausen (Kr Siegen);
08.10.2026;09:21;NX RE4;26413;Aachen Hbf;Dortmund Hbf;2;teilweise;Aachen Hbf;
08.10.2026;09:21;RB40;30766;Hagen Hbf;Essen Hbf;4;nein;Hagen-Vorhalle;
08.10.2026;09:21;RE18;18922;Aachen Hbf;Eygelshoven Markt;21;nein;Aachen West;Verspätung aus vorheriger Fahrt
08.10.2026;09:21;RTB RB21;90737;Düren;Jülich-Nord;0;nein;Düren;
08.10.2026;09:21;S1;30150;Duisburg Hbf;Solingen Hbf;4;nein;Düsseldorf Wehrhahn;
08.10.2026;09:21;S1;30160;Dortmund Hbf;Essen Hbf;3;nein;Essen Hbf;
08.10.2026;09:21;S6;56046;Köln-Dellbrück;Köln-Worringen;8;nein;Köln Messe/Deutz;Verspätung eines vorausfahrenden Zuges
08.10.2026;09:21;TRI RB37;89407;Krefeld Hbf;Neuss Hbf;3;nein;Neuss Hbf;
08.10.2026;09:21;VIA RB34;90504;Dalheim;Mönchengladbach Hbf;8;nein;Rheydt Hbf;Vorfahrt eines anderen Zuges
08.10.2026;09:22;NWB RB58;75246;Bremen Hbf;Osnabrück Hbf;11;nein;Halen;Vorfahrt eines anderen Zuges
08.10.2026;09:22;NWB RB75;75120;Halle (Westf);Bielefeld Hbf;6;nein;Bielefeld Hbf;Verspätung eines vorausfahrenden Zuges
08.10.2026;09:22;RB RE22;10015;Kall;Trier Hbf;2;nein;Urft;Verspätung eines vorausfahrenden Zuges
08.10.2026;09:22;RE41;16220;Haltern am See;Bochum Hbf;1;nein;Marl-Sinsen;
08.10.2026;09:22;S1;56331;Essen West;Dortmund Hbf;3;teilweise;Essen West;
08.10.2026;09:22;S23;32333;Euskirchen;Bonn Hbf;2;nein;Rheinbach Römerkanal;
08.10.2026;09:22;S41;5008;Hergenrath;Aachen Hbf;0;nein;Aachen Hbf;
08.10.2026;09:22;TR RB26;25416;Mainz Hbf;Köln Messe/Deutz;4;ja;Bonn-Mehlem;
08.10.2026;09:23;Bus EV;93873;Bad Berleburg;Aue-Wingeshausen;0;nein;Bad Berleburg;
08.10.2026;09:23;RB RE22;10010;Trier Hbf;Kall;5;nein;Schmidtheim;Bauarbeiten
08.10.2026;09:23;S19;31037;Troisdorf;Düren;16;nein;Sindorf;Verspätung eines vorausfahrenden Zuges
08.10.2026;09:23;SBH S1;34114;Hannover Hbf;Minden (Westf);0;nein;Minden (Westf);Vorfahrt eines anderen Zuges
08.10.2026;09:24;NWB RB84;74964;Paderborn Hbf;Kreiensen;3;nein;Brakel (Kr Höxter);
08.10.2026;09:24;NWB RB85;74917;Paderborn Hbf;Göttingen;3;nein;Brakel (Kr Höxter);
08.10.2026;09:24;NX RE7;17406;Krefeld Hbf;Rheine;101;teilweise;Münster (Westf) Hbf;Defekt an einem Signal, Verspätete Bereitstellung, Verspätung aus vorheriger Fahrt
08.10.2026;09:25;Bus RE1;7767;Duisburg Hbf;Essen Hbf Kruppstraße/Am Thyssenhaus;;nein;Duisburg Hbf;
08.10.2026;09:25;Bus RE14;67508;Dorsten;Coesfeld(Westf);9;nein;Reken-Maria Veen;
08.10.2026;09:25;ERB RB89;90014;Paderborn Hbf;Münster(Westf)Hbf;6;nein;Scharmede;Verspätung eines vorausfahrenden Zuges
08.10.2026;09:25;ERB RE13;20069;Venlo;Hamm(Westf)Hbf;14;nein;Bönen;Defekt an der Oberleitung, Verspätung eines vorausfahrenden Zuges, Vorfahrt eines anderen Zuges
08.10.2026;09:25;NX RE5;28508;Koblenz Hbf;Wesel;68;teilweise;Oberhausen Hbf;Defekt an einem Signal, Defekt an der Strecke
08.10.2026;09:25;RB25;10525;Lüdenscheid;Köln Hansaring;25;teilweise;Köln Frankfurter Straße;Verspätung eines vorausfahrenden Zuges
08.10.2026;09:25;S8;30839;Mönchengladbach Hbf;Wuppertal-Oberbarmen;5;nein;Wuppertal-Unterbarmen;
08.10.2026;09:25;VIA RE19;20013;Arnhem Centraal;Düsseldorf Hbf;19;nein;Düsseldorf Flughafen;Defekt an der Strecke, Vorfahrt eines anderen Zuges
08.10.2026;09:25;VIA RE19;77013;Bocholt;Düsseldorf Hbf;19;nein;Düsseldorf Flughafen;Warten auf einen entgegenkommenden Zug
08.10.2026;09:26;Bus RE1;7756;Essen Hbf Kruppstraße/Am Thyssenhaus;Duisburg Hbf;;nein;Mülheim (Ruhr) Hbf;
08.10.2026;09:26;ERB RB50;89925;Münster(Westf)Hbf;Dortmund Hbf;18;nein;Dortmund Hbf;Defekt an der Strecke, Vorfahrt eines anderen Zuges
08.10.2026;09:26;ICE 956;956;Berlin Südkreuz;Köln Hbf;119;nein;Hagen Hbf;Defektes Stellwerk, Defekt an einem Bahnübergang
08.10.2026;09:26;RE57;10755;Dortmund Hbf;Winterberg(Westf);5;nein;Arnsberg (Westf);Verspätung eines vorausfahrenden Zuges
08.10.2026;09:26;RE57;10793;Dortmund Hbf;Warburg(Westf);5;nein;Arnsberg (Westf);Verspätung eines vorausfahrenden Zuges
08.10.2026;09:26;S19;31044;Düren;Troisdorf;24;teilweise;Köln Trimbornstr;Unbefugte Personen auf der Strecke, Verspätung eines vorausfahrenden Zuges
08.10.2026;09:26;S3;30323;Hattingen(Ruhr) Mitte;Essen West;16;teilweise;Essen Hbf;Defekt an der Strecke
08.10.2026;09:28;HLB RB90;61607;Siegen Hbf;Limburg(Lahn);1;nein;Siegen Hbf;
08.10.2026;09:28;ICE 1014;1014;München Hbf;Dortmund Hbf;8;nein;Gelsenkirchen Hbf;
08.10.2026;09:28;RB20;30563;Alsdorf-Annapark;Stolberg-Altstadt;3;nein;Aachen Schanz;Verspätung eines vorausfahrenden Zuges
08.10.2026;09:28;S1;30158;Duisburg Hbf;Solingen Hbf;10;teilweise;Duisburg Hbf;Verspätung eines vorausfahrenden Zuges
08.10.2026;09:28;S23;32332;Bonn Hbf;Euskirchen;2;nein;Bonn-Endenich Nord;
08.10.2026;09:28;S9;30920;Haltern am See;Wuppertal Hbf;24;nein;Essen-Überruhr;
08.10.2026;09:29;ERB RB71;89640;Bielefeld Hbf;Rahden;5;nein;Bad Holzhausen;Verspätung eines vorausfahrenden Zuges, Vorfahrt eines anderen Zuges
08.10.2026;09:29;NX RB48;17325;Wuppertal-Oberbarmen;Köln Hbf;6;nein;Haan-Gruiten;
08.10.2026;09:29;RB38;10260;Köln Messe/Deutz;Bedburg(Erft);8;nein;Köln Hbf;Verspätung eines vorausfahrenden Zuges
08.10.2026;09:29;RB64;20208;Münster(Westf)Hbf;Enschede;1;nein;Nordwalde;
08.10.2026;09:29;S6;30637;Düsseldorf Hbf;Essen Hbf;13;nein;Essen Süd;Verspätung eines vorausfahrenden Zuges
08.10.2026;09:29;VIA RB35;32906;Mönchengladbach Hbf;Duisburg-Hochfeld Süd;2;nein;Krefeld Hbf;
08.10.2026;09:29;WFB RE15;90273;Emden Hbf;Münster(Westf)Hbf;19;nein;Rheine;Witterungsbedingte Beeinträchtigungen, Defekt an einem Bahnübergang
08.10.2026;09:30;Bus RE1;7769;Duisburg Hbf;Essen Hbf Kruppstraße/Am Thyssenhaus;;nein;Duisburg Hbf;
08.10.2026;09:30;IC 2206;2206;Köln Hbf;Norddeich Mole;24;nein;Münster (Westf) Hbf;Vorfahrt eines anderen Zuges
08.10.2026;09:30;NWB RB75;75122;Osnabrück Hbf;Bielefeld Hbf;1;nein;Künsebeck;
08.10.2026;09:30;RB25;10530;Rösrath;Gummersbach;5;nein;Overath;
08.10.2026;09:30;RB53;14915;Dortmund Hbf;Iserlohn;2;teilweise;Kalthof (Kr Iserlohn);Technischer Defekt an einem anderen Zug
08.10.2026;09:30;RRB RE14;89519;Bottrop Hbf;Essen Hbf;18;nein;Essen Hbf;
08.10.2026;09:30;S12;32240;Horrem;Hennef(Sieg);4;nein;Spich;
08.10.2026;09:30;VIA RB35;32907;Duisburg-Hochfeld Süd;Mönchengladbach Hbf;13;nein;Krefeld Hbf;Vorfahrt eines anderen Zuges
08.10.2026;09:30;VIA RB39;56609;Düsseldorf Hbf;Bedburg(Erft);7;nein;Gustorf;
08.10.2026;09:31;Bus RE1;7758;Essen Hbf Kruppstraße/Am Thyssenhaus;Duisburg Hbf;;nein;Mülheim (Ruhr) Hbf;
08.10.2026;09:31;VIA RB34;90505;Mönchengladbach Hbf;Dalheim;6;nein;Mönchengladbach Hbf;Vorfahrt eines anderen Zuges
08.10.2026;09:32;ERB RB67;79291;Bielefeld Hbf;Münster(Westf)Hbf;71;nein;Telgte;Defektes Stellwerk, Verspätung eines vorausfahrenden Zuges, Vorfahrt eines anderen Zuges
08.10.2026;09:32;HLB RE34;28560;Kirchhundem-Welschen Ennest;Siegen Hbf;0;nein;Kirchhundem-Welschen Ennest;
08.10.2026;09:32;ICE 121;121;Amsterdam Centraal;Frankfurt(Main)Hbf;51;nein;Siegburg/Bonn;Verspätung im Ausland
08.10.2026;09:32;ICE 1612;1612;Frankfurt(Main)Hbf;Köln Hbf;13;nein;Köln Hbf;
08.10.2026;09:32;ICE 217;217;Dortmund Hbf;Friedrichshafen Stadt;13;nein;Düsseldorf Hbf;Vorfahrt eines anderen Zuges
08.10.2026;09:32;RB38;10076;Horrem;Bedburg (Erft);3;nein;Paffendorf;
08.10.2026;09:32;RTB RB28;90854;Euskirchen;Düren;1;nein;Euskirchen;
08.10.2026;09:33;ERB RB65;52314;Münster(Westf)Hbf;Rheine;1;nein;Emsdetten;
08.10.2026;09:33;ICE 220;220;Frankfurt(Main)Hbf;Amsterdam Centraal;16;nein;Oberhausen Hbf;Vorfahrt eines anderen Zuges
08.10.2026;09:33;ICE 654;654;Berlin Hbf;Köln Hbf;114;teilweise;Bielefeld Hbf;Defektes Stellwerk
08.10.2026;09:33;NWB RB58;75253;Osnabrück Hbf;Bremen Hbf;9;nein;Halen;Vorfahrt eines anderen Zuges
08.10.2026;09:33;RB32;31252;Oberhausen Hbf;Dortmund Hbf;8;teilweise;Oberhausen Hbf;Verspätung eines vorausfahrenden Zuges
08.10.2026;09:33;S11;32155;Bergisch Gladbach;Düsseldorf Flughafen Terminal;8;teilweise;Bergisch Gladbach;Defekt an einem Signal
08.10.2026;09:33;S3;30322;Essen West;Hattingen(Ruhr) Mitte;12;teilweise;Essen West;Defekt an der Strecke
08.10.2026;09:33;S8;30840;Wuppertal-Oberbarmen;Mönchengladbach Hbf;10;nein;Büttgen;
08.10.2026;09:33;S9;30924;Haltern am See;Wuppertal Hbf;36;teilweise;Haltern am See;Polizeieinsatz
08.10.2026;09:33;VIA RE16;31306;Essen Hbf;Iserlohn;10;nein;Letmathe-Dechenhöhle;Vorfahrt eines anderen Zuges
08.10.2026;09:34;ERB RB61;20360;Bielefeld Hbf;Hengelo;5;nein;Ibbenbüren-Esch;Verspätung eines vorausfahrenden Zuges
08.10.2026;09:34;RB20;32809;Eschweiler-Weisweiler;Düren;2;nein;Langerwehe;
08.10.2026;09:34;RB38;10257;Bedburg (Erft);Köln Messe/Deutz;6;nein;Köln Messe/Deutz;Verspätung eines vorausfahrenden Zuges
08.10.2026;09:34;RE41;16221;Bochum Hbf;Haltern am See;3;nein;Marl-Sinsen;
08.10.2026;09:34;RRB RB36;26696;Oberhausen Hbf;Duisburg-Ruhrort;1;nein;Duisburg-Obermeiderich;
08.10.2026;09:34;S19;31046;Sindorf;Blankenberg(Sieg);3;teilweise;Köln-Ehrenfeld;Unbefugte Personen auf der Strecke
08.10.2026;09:35;Bus RE1;7771;Duisburg Hbf;Essen Hbf Kruppstraße/Am Thyssenhaus;;nein;Duisburg Hbf;
08.10.2026;09:35;ERB RB65;52316;Münster(Westf)Hbf;Rheine;0;nein;Münster (Westf) Hbf;
08.10.2026;09:35;NX RE7;17412;Krefeld Hbf;Rheine;55;teilweise;Krefeld Hbf;Defekt an einem Signal
08.10.2026;09:35;RB33;10321;Duisburg Hbf;Aachen Hbf;8;teilweise;Duisburg Hbf;Defekt an der Strecke
08.10.2026;09:35;RTB RB21;90706;Jülich-Nord;Düren;3;nein;Düren;
08.10.2026;09:35;RTB RB21;90775;Heimbach (Eifel);Düren;1;nein;Düren;
08.10.2026;09:35;S5;31528;Dortmund Hbf;Hagen Hbf;1;nein;Dortmund-Barop;
08.10.2026;09:35;S8;30847;Mönchengladbach Hbf;Wuppertal-Oberbarmen;31;teilweise;Neuss Am Kaiser;Verspätung aus vorheriger Fahrt
08.10.2026;09:35;SBH S1;34119;Minden (Westf);Hannover Hbf;0;nein;Minden (Westf);
08.10.2026;09:35;VIA RB46;31436;Bochum Hbf;Gelsenkirchen Hbf;2;nein;Herne-Wanne-Eickel Hbf;
08.10.2026;09:36;Bus RE1;7760;Essen Hbf Kruppstraße/Am Thyssenhaus;Duisburg Hbf;;nein;Mülheim (Ruhr) Hbf;
08.10.2026;09:36;ERB RE3;89876;Hamm(Westf)Hbf;Essen Hbf;2;nein;Bönen-Nordbögge;
08.10.2026;09:36;ICE 240;240;Berlin Südkreuz;Amsterdam Centraal;7;nein;Rheine;Vorfahrt eines anderen Zuges
08.10.2026;09:36;ICE 822;822;München Hbf;Düsseldorf Hbf;22;nein;Düsseldorf Hbf;Defekt an einer Weiche
08.10.2026;09:36;RB77;14561;Herford;Hildesheim Hbf;0;nein;Herford;
08.10.2026;09:36;S1;56330;Dortmund Hbf;Essen West;6;teilweise;Essen Hbf;Defekt an der Strecke
08.10.2026;09:37;Bus RB31;62006;Moers;Xanten;0;nein;Moers;
08.10.2026;09:37;NWB RB74;75022;Paderborn Hbf;Bielefeld Hbf;27;nein;Bielefeld Hbf;Vorfahrt eines anderen Zuges
08.10.2026;09:37;NX RE4;26408;Dortmund Hbf;Aachen Hbf;35;nein;Aachen Hbf;
08.10.2026;09:37;R S28;77179;Kaarster See;Mettmann Stadtwald;8;nein;Neuss Hbf;Verspätung aus vorheriger Fahrt
08.10.2026;09:37;RB25;10531;Lüdenscheid;Köln Hansaring;4;nein;Ründeroth;
08.10.2026;09:37;RB33;10318;Aachen Hbf;Duisburg Hbf;7;teilweise;Aachen Hbf;Defekt an der Strecke
08.10.2026;09:37;RB33;10368;Aachen Hbf;Heinsberg(Rheinl);1;ja;Aachen Hbf;Defekt an der Strecke
08.10.2026;09:37;RB52;33809;Rummenohl;Lüdenscheid;3;nein;Schalksmühle;
08.10.2026;09:37;RRB RE14;89518;Essen Hbf;Bottrop Hbf;7;nein;Essen-Borbeck;Defekt an der Strecke
08.10.2026;09:37;S12;32239;Au (Sieg);Köln-Ehrenfeld;28;nein;Köln-Ehrenfeld;Verspätung eines vorausfahrenden Zuges
08.10.2026;09:37;S41;5030;Aachen Hbf;Hergenrath;1;nein;Aachen Hbf;Verspätung aus vorheriger Fahrt
08.10.2026;09:38;ERB RB73;90232;Lemgo-Lüttfeld;Bielefeld Hbf;12;nein;Oldentrup;Verspätung eines vorausfahrenden Zuges, Vorfahrt eines anderen Zuges
08.10.2026;09:38;ICE 845;845;Köln Hbf;Berlin Hbf;26;teilweise;Bielefeld Hbf;Defektes Stellwerk, Vorfahrt eines anderen Zuges
08.10.2026;09:38;ICE 855;855;Köln Hbf;Berlin Hbf;26;teilweise;Bielefeld Hbf;Defektes Stellwerk
08.10.2026;09:38;RB27;10615;Mönchengladbach Hbf;Köln Messe/Deutz;9;nein;Köln Hbf;Verspätung eines vorausfahrenden Zuges
08.10.2026;09:38;RE10;22504;Düsseldorf Hbf;Kleve;23;nein;Kevelaer;Verspätung eines vorausfahrenden Zuges
08.10.2026;09:39;ERB RB69;89973;Hamm(Westf)Hbf;Bielefeld Hbf;23;ja;Hamm (Westf) Hbf;Defektes Stellwerk
08.10.2026;09:39;RB27;10608;Köln Messe/Deutz;Mönchengladbach Hbf;23;nein;Pulheim;Verspätung eines vorausfahrenden Zuges
08.10.2026;09:39;RRB S7;29138;Solingen Hbf;Wuppertal Hbf;1;nein;Solingen Grünewald;
08.10.2026;09:39;S1;30173;Solingen Hbf;Duisburg Hbf;2;nein;Hilden Süd;
08.10.2026;09:40;Bus RE1;7773;Duisburg Hbf;Essen Hbf Kruppstraße/Am Thyssenhaus;;nein;Duisburg Hbf;
08.10.2026;09:40;NX RE1;26809;Aachen Hbf;Hamm(Westf)Hbf;52;nein;Hamm (Westf) Hbf;Defekt an einem Signal, Verspätung eines vorausfahrenden Zuges, Vorfahrt eines anderen Zuges
08.10.2026;09:40;NX RE1;26810;Hamm(Westf)Hbf;Aachen Hbf;24;nein;Düsseldorf Hbf;Defekt an einem Signal
08.10.2026;09:40;RE42;10117;Essen Hbf;Münster(Westf)Hbf;18;nein;Senden-Bösensell;
08.10.2026;09:41;Bus RE1;7762;Essen Hbf Kruppstraße/Am Thyssenhaus;Duisburg Hbf;;nein;Mülheim (Ruhr) Hbf;
08.10.2026;09:41;RB54;14822;Neuenrade;Fröndenberg;1;nein;Menden (Sauerland);
08.10.2026;09:41;VIA RB39;56653;Neuss Hbf;Grevenbroich;4;nein;Holzheim (b Neuss);Vorfahrt eines anderen Zuges
08.10.2026;09:42;RE17;10710;Brilon Stadt;Hagen Hbf;5;nein;Hagen Hbf;Verspätung eines vorausfahrenden Zuges
08.10.2026;09:42;RE18;18921;Eygelshoven Markt;Aachen Hbf;6;nein;Aachen Hbf;
08.10.2026;09:42;S4;30434;Dortmund-Lütgendortmund;Unna;3;nein;Dortmund-Dorstfeld;
08.10.2026;09:43;Bus RE14;67514;Dorsten;Coesfeld(Westf);0;nein;Dorsten;
08.10.2026;09:43;NWB RB84;74965;Holzminden;Paderborn Hbf;4;nein;Bad Driburg (Westf);Vorfahrt eines anderen Zuges
08.10.2026;09:43;NWB RB85;74910;Göttingen;Paderborn Hbf;4;nein;Bad Driburg (Westf);Vorfahrt eines anderen Zuges
08.10.2026;09:43;R S28;77182;Wuppertal Hbf;Kaarster See;9;nein;Neuss Hbf;Warten auf einen entgegenkommenden Zug
08.10.2026;09:43;S1;30172;Dortmund Hbf;Essen Hbf;5;nein;Dortmund-Dorstfeld Süd;
08.10.2026;09:43;S23;32334;Bonn Hbf;Bad Münstereifel;2;nein;Bonn-Endenich Nord;
08.10.2026;09:43;S5;31527;Witten Hbf;Dortmund Hbf;2;nein;Dortmund-Kruckel;
08.10.2026;09:43;VIA RB35;52251;Gelsenkirchen Hbf;Oberhausen Hbf;29;nein;Essen-Zollverein Nord;Vorfahrt eines anderen Zuges, Verspätung aus vorheriger Fahrt
08.10.2026;09:44;RB20;30513;Alsdorf-Annapark;Langerwehe;4;nein;Stolberg (Rheinl) Hbf;Verspätung eines vorausfahrenden Zuges
08.10.2026;09:44;S1;30155;Essen Hbf;Dortmund Hbf;6;nein;Dortmund Universität;
08.10.2026;09:44;S4;30431;Unna;Dortmund-Lütgendortmund;2;nein;Dortmund Möllerbrücke;
08.10.2026;09:45;Bus RE1;7775;Duisburg Hbf;Essen Hbf Kruppstraße/Am Thyssenhaus;;nein;Duisburg Hbf;
08.10.2026;09:45;ERB RB73;90231;Bielefeld Hbf;Lemgo-Lüttfeld;30;nein;Lage (Lippe);Längere Haltezeit am Bahnhof, Defekt an einem Signal, Vorfahrt eines anderen Zuges
08.10.2026;09:45;ERB RE13;20073;Venlo;Hamm(Westf)Hbf;3;teilweise;Mönchengladbach Hbf;Kurzfristiger Personalausfall
08.10.2026;09:45;ERB RE78;52277;Bielefeld Hbf;Nienburg(Weser);11;nein;Bad Oeynhausen;Verspätung eines vorausfahrenden Zuges
08.10.2026;09:45;NX RE11;26708;Kassel-Wilhelmshöhe;Essen Hbf;19;nein;Essen Hbf;Verspätung eines vorausfahrenden Zuges, Verspätete Bereitstellung
08.10.2026;09:45;RB52;14661;Dortmund Hbf;Hagen Hbf;4;nein;Dortmund Tierpark;
08.10.2026;09:45;S1;30154;Duisburg Hbf;Solingen Hbf;6;nein;Düsseldorf Hbf;Verspätung eines vorausfahrenden Zuges
08.10.2026;09:45;S9;30929;Hagen Hbf;Recklinghausen Hbf;19;teilweise;Hagen Hbf;Polizeieinsatz
08.10.2026;09:46;Bus RE1;7764;Essen Hbf Kruppstraße/Am Thyssenhaus;Duisburg Hbf;;nein;Mülheim (Ruhr) Hbf;
08.10.2026;09:46;RB38;10259;Bedburg (Erft);Köln Messe/Deutz;3;nein;Glesch;
08.10.2026;09:46;RE8;10810;Köln Messe/Deutz;Mönchengladbach Hbf;8;nein;Rheydt Hbf;Verspätung eines vorausfahrenden Zuges
08.10.2026;09:46;RRB RB31;26013;Moers;Duisburg Hbf;1;nein;Duisburg Hbf;
08.10.2026;09:46;RRB RB36;26695;Duisburg-Ruhrort;Oberhausen Hbf;1;nein;Duisburg-Ruhrort;
08.10.2026;09:47;ERB RB89;90012;Paderborn Hbf;Münster(Westf)Hbf;14;nein;Münster (Westf) Hbf;Verspätung eines vorausfahrenden Zuges, Vorfahrt eines anderen Zuges
08.10.2026;09:47;HLB RB95;28685;Siegen Hbf;Dillenburg;8;nein;Wilnsdorf-Rudersdorf;Verspätung eines vorausfahrenden Zuges
08.10.2026;09:47;IC 2007;2007;Emden Hbf;Köln Hbf;14;nein;Düsseldorf Hbf;Verspätung eines vorausfahrenden Zuges
08.10.2026;09:47;RB43;14760;Dorsten;Dortmund Hbf;5;nein;Herne;Verspätung eines vorausfahrenden Zuges
08.10.2026;09:47;RB51;14617;Lünen Hbf;Dortmund Hbf;5;nein;Dortmund Hbf;Verspätung eines vorausfahrenden Zuges
08.10.2026;09:47;S12;32242;Horrem;Au(Sieg);29;nein;Porz-Wahn;Verspätung eines vorausfahrenden Zuges
08.10.2026;09:47;S6;56053;Köln-Worringen;Köln-Dellbrück;25;nein;Köln-Mülheim;
08.10.2026;09:48;ERB RE82;79344;Bielefeld Hbf;Altenbeken;28;nein;Altenbeken;Defekt an einem Signal, Vorfahrt eines anderen Zuges, Verspätung aus vorheriger Fahrt
08.10.2026;09:48;S6;56055;Köln-Worringen;Köln-Dellbrück;9;teilweise;Köln-Geldernstr./Parkgürtel;Unbefugte Personen auf der Strecke
08.10.2026;09:48;VIA RE16;29973;Iserlohn;Iserlohn-Letmathe;3;nein;Iserlohn;
08.10.2026;09:49;Bus RB54;54010;Bahnhof, Unna;Ardey Bahnhof, Fröndenberg;;nein;Fröndenberg-Frömern;
08.10.2026;09:49;ERB RB50;89927;Münster(Westf)Hbf;Dortmund Hbf;52;nein;Ascheberg (Westf);Defekt an der Strecke, Verspätung aus vorheriger Fahrt
08.10.2026;09:49;RB20;30508;Langerwehe;Alsdorf-Annapark;10;nein;Herzogenrath;Verspätung eines vorausfahrenden Zuges
08.10.2026;09:49;RB20;30558;Stolberg-Altstadt;Alsdorf-Annapark;10;nein;Herzogenrath;Verspätung eines vorausfahrenden Zuges
08.10.2026;09:49;RB27;10617;Mönchengladbach Hbf;Köln Messe/Deutz;8;nein;Rheydt-Odenkirchen;Verspätung eines vorausfahrenden Zuges
08.10.2026;09:49;RB54;14821;Fröndenberg;Menden(Sauerland);0;nein;Fröndenberg;
08.10.2026;09:49;RE47;89317;Remscheid-Lennep;Düsseldorf Hbf;2;nein;Solingen Mitte;
08.10.2026;09:49;RRB RB31;26056;Duisburg Hbf;Moers;4;nein;Rheinhausen;
08.10.2026;09:49;S6;30641;Düsseldorf Hbf;Essen Hbf;3;nein;Essen Süd;
08.10.2026;09:49;S8;30842;Hagen Hbf;Mönchengladbach Hbf;6;nein;Neuss Hbf;Verspätung eines vorausfahrenden Zuges
08.10.2026;09:50;Bus RE1;7777;Duisburg Hbf;Essen Hbf Kruppstraße/Am Thyssenhaus;;nein;Duisburg Hbf;
08.10.2026;09:50;RB53;14920;Iserlohn;Dortmund Hbf;7;teilweise;Iserlohn;Technischer Defekt an einem anderen Zug
08.10.2026;09:50;RTB RB21;90709;Düren;Linnich Bhf;0;nein;Düren;
08.10.2026;09:50;RTB RB21;90776;Düren;Untermaubach-Schlagstein;0;nein;Düren;
08.10.2026;09:50;S6;30646;Essen Hbf;Düsseldorf Hbf;10;nein;Düsseldorf Hbf;
08.10.2026;09:50;TRI RB37;89406;Neuss Hbf;Krefeld Hbf;9;nein;Krefeld-Oppum;
08.10.2026;09:50;VIA RE19;77014;Düsseldorf Hbf;Bocholt;7;nein;Oberhausen Hbf;Vorfahrt eines anderen Zuges
08.10.2026;09:51;Bus RE1;7766;Essen Hbf Kruppstraße/Am Thyssenhaus;Duisburg Hbf;;nein;Mülheim (Ruhr) Hbf;
08.10.2026;09:51;Bus RE14;67525;Borken (Westf);Bottrop Hbf;3;nein;Gladbeck West;
08.10.2026;09:51;ERB RB65;52319;Rheine;Münster(Westf)Hbf;8;nein;Münster (Westf) Hbf;Verspätung eines vorausfahrenden Zuges
08.10.2026;09:51;RB24;10413;Köln Messe/Deutz;Kall;15;nein;Köln West;Verspätung eines vorausfahrenden Zuges
08.10.2026;09:51;RB94;23156;Marburg(Lahn);Erndtebrück;16;nein;Erndtebrück;Umgestürzter Baum auf der Strecke
08.10.2026;09:51;RE12;4181;Köln Messe/Deutz;Gerolstein;3;nein;Mechernich;Verspätung eines vorausfahrenden Zuges
08.10.2026;09:51;RE17;10713;Hagen Hbf;Brilon Wald;2;nein;Arnsberg-Neheim-Hüsten;
08.10.2026;09:51;RE49;56778;Wesel;Oberhausen Hbf;6;nein;Oberhausen Hbf;
08.10.2026;09:51;RE9;10907;Aachen Hbf;Siegen Hbf;36;nein;Siegen Hbf;Verspätung eines vorausfahrenden Zuges
08.10.2026;09:51;S1;30164;Dortmund Hbf;Essen Hbf;10;nein;Essen Hbf;
08.10.2026;09:51;SBH S5;34544;Paderborn Hbf;Hannover Flughafen;4;nein;Schieder;Verspätung eines vorausfahrenden Zuges, Vorfahrt eines anderen Zuges
08.10.2026;09:51;WFB RE60;95777;Rheine;Braunschweig Hbf;3;nein;Löhne (Westf);
08.10.2026;09:52;FLX 30;1321;Köln Hbf;Berlin Hbf;20;nein;Hamm (Westf) Hbf;Technische Untersuchung am Zug
08.10.2026;09:52;HLB RB96;61811;Betzdorf(Sieg);Neunkirchen(Kr Siegen);0;nein;Struthütten;
08.10.2026;09:52;RE2;10209;Essen Hbf;Osnabrück Hbf;18;nein;Kattenvenne;Verspätung eines vorausfahrenden Zuges
08.10.2026;09:52;RRB S7;29140;Solingen Hbf;Wuppertal Hbf;3;nein;Solingen Hbf;
08.10.2026;09:52;S1;56333;Essen West;Dortmund Hbf;6;teilweise;Essen West;Defekt an der Strecke, Verspätung eines vorausfahrenden Zuges
08.10.2026;09:52;S19;31043;Blankenberg (Sieg);Düren;7;nein;Merzenich;
08.10.2026;09:52;S6;30645;Düsseldorf Hbf;Essen Hbf;1;nein;Düsseldorf Wehrhahn;
08.10.2026;09:52;VIA RB39;56608;Bedburg (Erft);Düsseldorf Hbf;4;teilweise;Neuss Hbf;Vorfahrt eines anderen Zuges
08.10.2026;09:52;WFB RE60;95774;Braunschweig Hbf;Rheine;2;nein;Minden (Westf);
08.10.2026;09:53;RRB RE10;82258;Düsseldorf Hbf;Kleve;16;nein;Meerbusch-Osterath;Verzögerungen im Betriebsablauf
08.10.2026;09:53;S11;32157;Bergisch Gladbach;Düsseldorf Flughafen Terminal;54;teilweise;Bergisch Gladbach;Technische Störung am Zug, Defekt an der Strecke
08.10.2026;09:53;S9;30927;Wuppertal Hbf;Haltern am See;5;teilweise;Wuppertal Hbf;Technische Störung am Zug
08.10.2026;09:54;HLB RE99;15107;Siegen Hbf;Frankfurt(Main)Hbf;8;nein;Siegen Hbf;
08.10.2026;09:54;ICE 515;515;Hamburg-Altona;München Hbf;21;nein;Köln Hbf;Vorfahrt eines anderen Zuges
08.10.2026;09:54;S1;30169;Solingen Hbf;Duisburg Hbf;2;nein;Duisburg-Rahm;
08.10.2026;09:54;S19;31048;Düren;Troisdorf;8;teilweise;Köln-Ehrenfeld;Unbefugte Personen auf der Strecke
08.10.2026;09:54;S2;30225;Dortmund Hbf;Essen Hbf;13;nein;Gelsenkirchen Hbf;Verspätung aus vorheriger Fahrt
08.10.2026;09:54;S6;30650;Essen Hbf;Düsseldorf Hbf;6;nein;Ratingen Ost;
08.10.2026;09:54;S6;56048;Köln-Dellbrück;Köln-Worringen;7;nein;Köln-Longerich;
08.10.2026;09:54;S8;30853;Mönchengladbach Hbf;Hagen Hbf;6;nein;Mönchengladbach Hbf;
08.10.2026;09:55;Bus RE1;7779;Duisburg Hbf;Essen Hbf Kruppstraße/Am Thyssenhaus;;nein;Duisburg Hbf;
08.10.2026;09:55;ERB RB66;90589;Osnabrück Hbf;Münster(Westf)Hbf;7;nein;Münster (Westf) Hbf;Verspätung eines vorausfahrenden Zuges, Vorfahrt eines anderen Zuges
08.10.2026;09:55;RB20;30510;Langerwehe;Alsdorf-Annapark;1;nein;Langerwehe;
08.10.2026;09:55;RRB S7;29147;Wuppertal Hbf;Solingen Hbf;1;nein;Wuppertal-Unterbarmen;
08.10.2026;09:55;VIA RE16;31313;Iserlohn;Essen Hbf;9;nein;Wetter (Ruhr);Vorfahrt eines anderen Zuges
08.10.2026;09:56;Bus RE1;7768;Essen Hbf Kruppstraße/Am Thyssenhaus;Duisburg Hbf;;nein;Mülheim (Ruhr) Hbf;
08.10.2026;09:56;ICE 616;616;Stuttgart Hbf;Hamburg-Altona;40;nein;Münster (Westf) Hbf;Defekt an der Strecke, Verspätung eines vorausfahrenden Zuges
08.10.2026;09:56;RB33;10369;Heinsberg(Rheinl);Aachen Hbf;4;ja;Lindern;Defekt an der Strecke
08.10.2026;09:56;RB63;14713;Coesfeld(Westf);Münster(W)Zentrum Nord;11;nein;Münster Zentrum Nord;Warten auf einen entgegenkommenden Zug
08.10.2026;09:56;S12;32241;Hennef (Sieg);Horrem;25;nein;Köln-Ehrenfeld;Verspätung eines vorausfahrenden Zuges
08.10.2026;09:56;S3;30325;Hattingen(Ruhr) Mitte;Essen West;18;teilweise;Essen Hbf;Defekt an der Strecke
08.10.2026;09:56;S9;30921;Hagen Hbf;Recklinghausen Hbf;17;nein;Recklinghausen Hbf;
08.10.2026;09:57;NWB RB74;75024;Paderborn Hbf;Bielefeld Hbf;18;nein;Bielefeld-Senne;Verspätung aus vorheriger Fahrt, Defekt an einer Weiche
08.10.2026;09:57;R S28;77183;Kaarster See;Wuppertal Hbf;7;nein;Neuss Hbf;Verspätung aus vorheriger Fahrt
08.10.2026;09:57;RB43;14761;Dortmund Hbf;Dorsten;4;nein;Castrop-Rauxel Süd;Verspätung eines vorausfahrenden Zuges
08.10.2026;09:57;S4;30433;Unna;Dortmund-Lütgendortmund;3;nein;Dortmund-Wickede West;
08.10.2026;09:57;VIA RB39;56611;Düsseldorf Hbf;Bedburg(Erft);5;nein;Düsseldorf-Bilk;Vorfahrt eines anderen Zuges
08.10.2026;09:58;ICE 621;621;Düsseldorf Hbf;München Hbf;2;nein;Siegburg/Bonn;
08.10.2026;09:58;RB51;20262;Dortmund Hbf;Enschede;11;nein;Dortmund-Kirchderne;Vorfahrt eines anderen Zuges, Verspätung aus vorheriger Fahrt
08.10.2026;09:58;S11;32164;Düsseldorf Flughafen Terminal;Bergisch Gladbach;11;teilweise;Düsseldorf Hbf;Defekt an der Strecke
08.10.2026;09:59;S1;30177;Solingen Hbf;Duisburg Hbf;1;nein;Hilden Süd;
08.10.2026;09:59;VIA RB46;31439;Gelsenkirchen Hbf;Bochum Hbf;3;nein;Bochum-Riemke;
08.10.2026;10:00;Bus EV;92946;Finnentrop;Olpe;0;nein;Finnentrop;
08.10.2026;10:00;Bus RE1;7781;Duisburg Hbf;Essen Hbf Kruppstraße/Am Thyssenhaus;;nein;Duisburg Hbf;
08.10.2026;10:00;HLB RB93;61874;Siegen Hbf;Aue-Wingeshausen;11;nein;Siegen-Weidenau;Verspätung eines vorausfahrenden Zuges, Warten auf einen entgegenkommenden Zug
08.10.2026;10:00;NX RB48;17324;Köln Hbf;Wuppertal-Oberbarmen;18;nein;Köln-Mülheim;Vorfahrt eines anderen Zuges
08.10.2026;10:00;RB51;20260;Dortmund Hbf;Enschede;4;nein;Coesfeld (Westf);
08.10.2026;10:00;RB53;14917;Dortmund Hbf;Iserlohn;2;teilweise;Kalthof (Kr Iserlohn);Technischer Defekt an einem anderen Zug
08.10.2026;10:00;RE18;18923;Heerlen;Aachen Hbf;;ja;Herzogenrath;Verspätung im Ausland
08.10.2026;10:00;RE18;18924;Aachen Hbf;Eygelshoven Markt;8;nein;Herzogenrath;Verspätung aus vorheriger Fahrt
08.10.2026;10:00;RE47;89314;Düsseldorf Hbf;Remscheid-Lennep;6;nein;Solingen Hbf;Verspätung eines vorausfahrenden Zuges
08.10.2026;10:00;RRB RE44;26648;Bottrop Hbf;Moers;3;nein;Rheinhausen;
08.10.2026;10:00;S19;52787;Troisdorf;Sindorf;51;teilweise;Horrem;Ärztliche Versorgung eines Fahrgastes, Unbefugte Personen auf der Strecke
08.10.2026;10:00;S9;30918;Recklinghausen Hbf;Hagen Hbf;27;nein;Gevelsberg-Kipp;
08.10.2026;10:00;VIA RB91;31342;Hagen Hbf;Lennestadt-Altenhundem;2;teilweise;Iserlohn-Letmathe;
08.10.2026;10:01;Bus EV;92921;Olpe;Finnentrop;0;nein;Olpe;
08.10.2026;10:01;Bus RE1;7770;Essen Hbf Kruppstraße/Am Thyssenhaus;Duisburg Hbf;;nein;Mülheim (Ruhr) Hbf;
08.10.2026;10:01;ICE 820;820;München Hbf;Düsseldorf Hbf;14;nein;Siegburg/Bonn;Verspätung eines vorausfahrenden Zuges
08.10.2026;10:01;RRB RE10;82256;Düsseldorf Hbf;Kleve;5;nein;Geldern;
08.10.2026;10:01;RRB RE14;89521;Bottrop Hbf;Essen Hbf;12;nein;Essen Hbf;
08.10.2026;10:01;S12;32248;Horrem;Hennef(Sieg);23;nein;Köln-Müngersdorf Technologiepark;
08.10.2026;10:02;ERB RE78;52278;Nienburg(Weser);Bielefeld Hbf;3;nein;Minden (Westf);Verspätung eines vorausfahrenden Zuges
08.10.2026;10:02;HLB RB90;61705;Siegen Hbf;Betzdorf(Sieg);1;nein;Eiserfeld (Sieg);
08.10.2026;10:02;HLB RB90;61710;Betzdorf(Sieg);Siegen Hbf;7;nein;Siegen Hbf;
08.10.2026;10:02;HLB RB93;61871;Aue-Wingeshausen;Siegen Hbf;9;nein;Siegen Hbf;Verspätung eines vorausfahrenden Zuges
08.10.2026;10:02;RB94;23161;Erndtebrück;Marburg(Lahn);9;nein;Erndtebrück;
08.10.2026;10:02;RE9;10908;Siegen Hbf;Aachen Hbf;18;nein;Horrem;Verspätung eines vorausfahrenden Zuges
08.10.2026;10:02;RRB RE14;89522;Essen Hbf;Bottrop Hbf;10;nein;Essen West;Defekt an der Strecke
08.10.2026;10:03;HLB RB96;61810;Neunkirchen(Kr Siegen);Betzdorf(Sieg);0;nein;Neunkirchen (Kr Siegen);
08.10.2026;10:03;R S28;77186;Wuppertal Hbf;Kaarster See;18;nein;Neuss Hbf;Verspätung eines vorausfahrenden Zuges
08.10.2026;10:03;RB54;14824;Menden(Sauerland);Fröndenberg;1;nein;Bösperde;
08.10.2026;10:03;RE8;10813;Mönchengladbach Hbf;Köln Messe/Deutz;16;nein;Köln Hbf;Verspätung eines vorausfahrenden Zuges
08.10.2026;10:03;S1;30159;Essen Hbf;Dortmund Hbf;4;nein;Bochum-Langendreer West;
08.10.2026;10:03;S11;32160;Düsseldorf Flughafen Terminal;Bergisch Gladbach;27;teilweise;Köln-Worringen;Defekt an der Strecke, Verspätung eines vorausfahrenden Zuges
08.10.2026;10:03;S3;30324;Essen West;Hattingen(Ruhr) Mitte;14;teilweise;Essen West;Defekt an der Strecke
08.10.2026;10:03;VIA RB91;21421;Siegen Hbf;Welschen Ennest;1;nein;Kirchhundem-Welschen Ennest;
08.10.2026;10:04;ERB RB59;90371;Dortmund Hbf;Soest;10;nein;Lünern;Vorfahrt eines anderen Zuges, Verspätung aus vorheriger Fahrt
08.10.2026;10:04;ICE 545;545;Köln Hbf;Berlin Hbf;43;nein;Hamm (Westf) Hbf;Defektes Stellwerk, Vorfahrt eines anderen Zuges
08.10.2026;10:04;NWB RB75;75127;Bielefeld Hbf;Osnabrück Hbf;2;nein;Bielefeld-Brackwede;
08.10.2026;10:04;RRB RB36;26698;Oberhausen Hbf;Duisburg-Ruhrort;1;nein;Duisburg-Obermeiderich;
08.10.2026;10:04;RTB RB21;90736;Linnich Bhf;Düren;0;nein;Düren;
08.10.2026;10:05;Bus RE1;7783;Duisburg Hbf;Essen Hbf Kruppstraße/Am Thyssenhaus;;nein;Duisburg Hbf;
08.10.2026;10:05;HLB RE99;15108;Frankfurt(Main)Hbf;Siegen Hbf;9;nein;Siegen Hbf;
08.10.2026;10:05;RB20;30012;Eschweiler-Weisweiler;Stolberg(Rheinl)Hbf Gl.44;8;nein;Aachen Schanz;Verspätete Bereitstellung
08.10.2026;10:05;RB20;30062;Stolberg-Altstadt;Stolberg(Rheinl)Hbf Gl.44;8;nein;Aachen Schanz;Verspätete Bereitstellung
08.10.2026;10:05;RRB S7;29143;Wuppertal Hbf;Solingen Hbf;1;nein;Remscheid Hbf;
08.10.2026;10:05;RTB RB21;90805;Untermaubach-Schlagstein;Düren;0;nein;Düren;
08.10.2026;10:05;S5;31530;Dortmund Hbf;Witten Hbf;1;nein;Dortmund-Barop;
08.10.2026;10:05;S6;30652;Essen Hbf;Düsseldorf Hbf;6;nein;Kettwig Stausee;
08.10.2026;10:05;VIA RB46;31438;Bochum Hbf;Gelsenkirchen Hbf;9;nein;Herne-Wanne-Eickel Hbf;Vorfahrt eines anderen Zuges
08.10.2026;10:05;WFB RE15;90276;Münster(Westf)Hbf;Emden Hbf;14;nein;Münster (Westf) Hbf;Verspätung aus vorheriger Fahrt
08.10.2026;10:06;Bus RE1;7772;Essen Hbf Kruppstraße/Am Thyssenhaus;Duisburg Hbf;;nein;Mülheim (Ruhr) Hbf;
08.10.2026;10:06;RE42;10119;Mönchengladbach Hbf;Münster(Westf)Hbf;27;teilweise;Nottuln-Appelhülsen;Außerplanmäßige Geschwindigkeitsbeschränkung, Verspätung eines vorausfahrenden Zuges
08.10.2026;10:06;S1;56332;Dortmund Hbf;Essen West;3;teilweise;Essen Hbf;Defekt an der Strecke
08.10.2026;10:06;S8;30851;Mönchengladbach Hbf;Wuppertal-Oberbarmen;5;nein;Düsseldorf-Friedrichstadt;
08.10.2026;10:06;VIA RB35;52246;Oberhausen Hbf;Gelsenkirchen Hbf;33;nein;Essen-Dellwig;Vorfahrt eines anderen Zuges
08.10.2026;10:07;Bus RE14;67527;Dorsten;Bottrop Hbf;3;nein;Feldhausen;
08.10.2026;10:07;Bus RE14;67531;Borken (Westf);Bottrop Hbf;5;teilweise;Deuten;
08.10.2026;10:07;NX RE11;26711;Essen Hbf;Kassel-Wilhelmshöhe;5;nein;Hamm (Westf) Hbf;
08.10.2026;10:07;RB25;10533;Gummersbach;Rösrath;3;nein;Ründeroth;
08.10.2026;10:07;RB54;14826;Neuenrade;Fröndenberg;2;nein;Neuenrade-Küntrop;
08.10.2026;10:07;S12;32244;Köln-Ehrenfeld;Hennef(Sieg);48;nein;Porz-Wahn;Ärztliche Versorgung eines Fahrgastes
08.10.2026;10:07;VIA RB34;90506;Dalheim;Mönchengladbach Hbf;3;nein;Wegberg;
08.10.2026;10:07;VIA RE16;29968;Iserlohn-Letmathe;Iserlohn;4;nein;Letmathe-Dechenhöhle;
08.10.2026;10:08;Bus RB54;54013;Ardey Bahnhof, Fröndenberg;Bahnhof, Unna;;nein;Fröndenberg-Frömern;
08.10.2026;10:08;HLB RE34;28563;Siegen Hbf;Kirchhundem-Welschen Ennest;0;nein;Siegen Hbf;
08.10.2026;10:08;NX RE7;17415;Rheine;Krefeld Hbf;102;teilweise;Rheine;Defekt an einem Signal, Verspätung aus vorheriger Fahrt
08.10.2026;10:08;RB54;14823;Fröndenberg;Neuenrade;0;nein;Fröndenberg;
08.10.2026;10:08;RB63;14712;Münster(W)Zentrum Nord;Coesfeld(Westf);12;nein;Münster (Westf) Hbf;Verspätung aus vorheriger Fahrt
08.10.2026;10:08;RB64;20210;Münster(Westf)Hbf;Enschede;3;nein;Münster (Westf) Hbf;
08.10.2026;10:08;RE42;10122;Münster(Westf)Hbf;Mönchengladbach Hbf;10;nein;Haltern am See;Verspätung eines vorausfahrenden Zuges
08.10.2026;10:08;RRB RB31;26055;Moers;Duisburg Hbf;4;nein;Rheinhausen;
08.10.2026;10:08;S6;56052;Köln-Dellbrück;Köln-Worringen;2;nein;Köln-Nippes;
08.10.2026;10:09;ERB RB69;89972;Bielefeld Hbf;Hamm(Westf)Hbf;27;nein;Ahlen (Westf);Defekt an einem Signal, Vorfahrt eines anderen Zuges
08.10.2026;10:09;ERB RE13;20072;Hamm(Westf)Hbf;Venlo;22;nein;Ennepetal (Gevelsberg);Defekt an einem Signal, Verspätung eines vorausfahrenden Zuges, Vorfahrt eines anderen Zuges
08.10.2026;10:09;S6;30643;Düsseldorf Hbf;Essen Hbf;10;nein;Essen Süd;
08.10.2026;10:09;TRI RB37;89409;Krefeld Hbf;Neuss Hbf;7;nein;Krefeld-Oppum;
08.10.2026;10:10;Bus RE1;7785;Duisburg Hbf;Essen Hbf Kruppstraße/Am Thyssenhaus;;nein;Duisburg Hbf;
08.10.2026;10:10;ERB RB50;89926;Dortmund Hbf;Münster(Westf)Hbf;23;nein;Davensberg;Defekt an der Strecke, Verspätung aus vorheriger Fahrt
08.10.2026;10:10;ICE 204;204;Basel SBB;Hamburg-Altona;21;nein;Gelsenkirchen Hbf;Polizeieinsatz, Pass- und Zollkontrolle
08.10.2026;10:10;S2;30226;Essen Hbf;Dortmund Hbf;6;nein;Herne-Wanne-Eickel Hbf;
08.10.2026;10:10;S6;56054;Köln-Dellbrück;Köln-Worringen;14;nein;Köln-Holweide;Verspätung eines vorausfahrenden Zuges
08.10.2026;10:11;Bus RE1;7774;Essen Hbf Kruppstraße/Am Thyssenhaus;Duisburg Hbf;;nein;Mülheim (Ruhr) Hbf;
08.10.2026;10:11;ERB RB71;89643;Rahden;Bielefeld Hbf;2;nein;Espelkamp;
08.10.2026;10:11;ERB RE82;79347;Altenbeken;Bielefeld Hbf;8;nein;Bielefeld Hbf;Verspätung eines vorausfahrenden Zuges
08.10.2026;10:11;NX RE11;26709;Essen Hbf;Kassel-Wilhelmshöhe;20;nein;Willebadessen;Vorfahrt eines anderen Zuges
08.10.2026;10:11;NX RE5;28513;Wesel;Koblenz Hbf;29;teilweise;Wesel;Defekt an der Strecke, Verspätung eines vorausfahrenden Zuges
08.10.2026;10:11;RB24;10420;Kall;Köln Messe/Deutz;6;nein;Scheven;Verspätung eines vorausfahrenden Zuges
08.10.2026;10:11;RB64;20207;Enschede;Münster(Westf)Hbf;2;nein;Steinfurt-Grottenkamp;
08.10.2026;10:11;RE2;10210;Osnabrück Hbf;Essen Hbf;12;nein;Gelsenkirchen Hbf;Defekt an einem Signal
08.10.2026;10:12;RB25;10534;Rösrath;Gummersbach;2;nein;Hoffnungsthal;
08.10.2026;10:12;RE49;56779;Oberhausen Hbf;Wesel;3;nein;Oberhausen-Sterkrade;
08.10.2026;10:12;S6;30649;Düsseldorf Hbf;Essen Hbf;2;nein;Düsseldorf Wehrhahn;
08.10.2026;10:12;TRI RE100;28078;Essen Hbf;Düsseldorf Hbf;11;nein;Düsseldorf Hbf;
08.10.2026;10:13;RB38;10079;Bedburg (Erft);Horrem;3;nein;Bedburg (Erft);Verspätung eines vorausfahrenden Zuges
08.10.2026;10:13;RRB RE44;26651;Moers;Bottrop Hbf;6;nein;Oberhausen Hbf;
08.10.2026;10:13;RRB S7;29149;Wuppertal Hbf;Solingen Hbf;0;ja;Wuppertal Hbf;Kurzfristiger Personalausfall
08.10.2026;10:13;S1;30176;Dortmund Hbf;Essen Hbf;7;nein;Dortmund-Dorstfeld Süd;Verspätung eines vorausfahrenden Zuges
08.10.2026;10:13;S11;32159;Bergisch Gladbach;Düsseldorf Flughafen Terminal;;ja;Bergisch Gladbach;Defekt an der Strecke
08.10.2026;10:13;S11;32162;Düsseldorf Flughafen Terminal;Bergisch Gladbach;15;teilweise;Dormagen;Defekt an der Strecke, Defekt an einer Weiche
08.10.2026;10:14;ERB RB66;90590;Münster(Westf)Hbf;Osnabrück Hbf;8;nein;Ostbevern;Vorfahrt eines anderen Zuges, Verspätung aus vorheriger Fahrt
08.10.2026;10:14;ICE 27;27;Dortmund Hbf;Nürnberg Hbf;50;nein;Bonn Hbf;Defekt an einem Signal, Verspätung eines vorausfahrenden Zuges, Verspätete Bereitstellung
08.10.2026;10:14;NX RE6;89711;Köln/Bonn Flughafen;Minden(Westf);36;nein;Löhne (Westf);Defekt an einem Signal
08.10.2026;10:14;RB20;30013;Stolberg(Rheinl)Hbf Gl.44;Eschweiler-Weisweiler;9;nein;Stolberg (Rheinl) Hbf;Defektes Stellwerk, Verspätung eines vorausfahrenden Zuges
08.10.2026;10:14;RB32;31253;Dortmund Hbf;Oberhausen Hbf;12;nein;Essen-Dellwig;Verspätung eines vorausfahrenden Zuges
08.10.2026;10:14;RE42;10120;Münster(Westf)Hbf;Essen Hbf;25;nein;Essen Hbf;Verspätung aus vorheriger Fahrt
08.10.2026;10:14;S8;30845;Mönchengladbach Hbf;Hagen Hbf;8;nein;Wuppertal-Langerfeld;
08.10.2026;10:14;VIA RB35;32909;Duisburg-Hochfeld Süd;Mönchengladbach Hbf;3;nein;Rheinhausen;Vorfahrt eines anderen Zuges
08.10.2026;10:14;VIA RB91;31355;Lennestadt-Altenhundem;Hagen Hbf;2;teilweise;Lennestadt-Altenhundem;
08.10.2026;10:15;Bus RE1;7787;Duisburg Hbf;Essen Hbf Kruppstraße/Am Thyssenhaus;;nein;Duisburg Hbf;
08.10.2026;10:15;ERB RB73;90233;Bielefeld Hbf;Lemgo-Lüttfeld;6;nein;Bielefeld Hbf;Verspätung eines vorausfahrenden Zuges
08.10.2026;10:15;NWB RB84;74966;Paderborn Hbf;Holzminden;6;nein;Bad Driburg (Westf);Vorfahrt eines anderen Zuges
08.10.2026;10:15;NWB RB85;74921;Paderborn Hbf;Göttingen;6;nein;Bad Driburg (Westf);Vorfahrt eines anderen Zuges
08.10.2026;10:15;NX RE6;89712;Minden(Westf);Köln/Bonn Flughafen;41;teilweise;Düsseldorf-Bilk;Defekt an einem Signal, Außerplanmäßige Geschwindigkeitsbeschränkung
08.10.2026;10:15;R S28;77177;Kaarster See;Wuppertal Hbf;8;nein;Wuppertal-Steinbeck;
08.10.2026;10:15;RB40;30767;Essen Hbf;Hagen Hbf;3;nein;Wattenscheid;
08.10.2026;10:15;RB43;14762;Dorsten;Dortmund Hbf;2;nein;Gladbeck-Zweckel;
08.10.2026;10:15;S1;30167;Essen Hbf;Dortmund Hbf;1;nein;Essen-Steele;
08.10.2026;10:16;Bus RE1;7776;Essen Hbf Kruppstraße/Am Thyssenhaus;Duisburg Hbf;;nein;Mülheim (Ruhr) Hbf;
08.10.2026;10:16;R S28;77190;Mettmann Stadtwald;Kaarster See;9;nein;Neuss Rheinparkcenter;Verspätung eines vorausfahrenden Zuges, Verspätung aus vorheriger Fahrt
08.10.2026;10:16;RB20;30063;Stolberg(Rheinl)Hbf Gl.44;Stolberg-Altstadt;10;nein;Stolberg (Rheinl) Hbf;Verspätung eines vorausfahrenden Zuges
08.10.2026;10:16;RE22;10017;Köln Messe/Deutz;Kall;11;nein;Kall;
08.10.2026;10:16;RRB RB36;26697;Duisburg-Ruhrort;Oberhausen Hbf;1;nein;Duisburg-Ruhrort;
08.10.2026;10:16;S19;31054;Sindorf;Blankenberg(Sieg);41;teilweise;Sindorf;Verspätung aus vorheriger Fahrt
08.10.2026;10:16;S5;31529;Hagen Hbf;Dortmund Hbf;2;nein;Dortmund-Barop;
08.10.2026;10:16;S6;56061;Köln-Worringen;Köln-Dellbrück;4;nein;Köln-Blumenberg;
08.10.2026;10:17;ERB RB67;79290;Münster (Westf) Hbf;Bielefeld Hbf;11;nein;Münster (Westf) Hbf;Defektes Stellwerk
08.10.2026;10:17;ERB RB89;90062;Paderborn Hbf;Münster(Westf)Hbf;5;nein;Münster (Westf) Hbf;Verspätung eines vorausfahrenden Zuges
08.10.2026;10:17;R S28;77185;Kaarster See;Wuppertal Hbf;7;nein;Neuss Hbf;
08.10.2026;10:17;RB20;32810;Düren;Eschweiler-Weisweiler;0;nein;Düren;
08.10.2026;10:17;RB51;14610;Dortmund Hbf;Lünen Hbf;8;nein;Dortmund-Kirchderne;Defekt an einem Signal, Verspätung eines vorausfahrenden Zuges
08.10.2026;10:17;RE18;18926;Aachen Hbf;Eygelshoven Markt;1;ja;Aachen Hbf;Verspätung im Ausland
08.10.2026;10:17;RE57;10792;Warburg(Westf);Dortmund Hbf;10;nein;Dortmund Hbf;Warten auf einen entgegenkommenden Zug
08.10.2026;10:17;S12;32245;Hennef (Sieg);Köln-Ehrenfeld;14;nein;Köln-Ehrenfeld;
08.10.2026;10:18;RB52;14660;Hagen Hbf;Dortmund Hbf;6;nein;Dortmund Signal Iduna Park;Verspätung eines vorausfahrenden Zuges
08.10.2026;10:18;RE62;11504;Löhne(Westf);Rheine;5;nein;Rheine;
08.10.2026;10:18;S8;30848;Wuppertal-Oberbarmen;Mönchengladbach Hbf;10;nein;Düsseldorf Völklinger Straße;Verspätung eines vorausfahrenden Zuges
08.10.2026;10:19;Bus EV;93872;Aue-Wingeshausen;Bad Berleburg;0;nein;Aue-Wingeshausen;
08.10.2026;10:19;ERB RB65;52321;Rheine;Münster(Westf)Hbf;5;nein;Münster Zentrum Nord;Bauarbeiten, Verspätung eines vorausfahrenden Zuges
08.10.2026;10:19;ICE 13;13;Bruxelles Midi;Frankfurt(Main)Hbf;7;nein;Köln Hbf;Vorfahrt eines anderen Zuges
08.10.2026;10:19;ICE 623;623;Düsseldorf Hbf;München Hbf;1;nein;Düsseldorf Hbf;
08.10.2026;10:19;NX RE11;26713;Essen Hbf;Hamm(Westf)Hbf;2;nein;Wattenscheid;
08.10.2026;10:19;RE17;10712;Brilon Wald;Hagen Hbf;8;nein;Fröndenberg;Verspätung eines vorausfahrenden Zuges
08.10.2026;10:19;S1;30181;Solingen Hbf;Duisburg Hbf;4;nein;Hilden Süd;
08.10.2026;10:20;Bus RE1;7789;Duisburg Hbf;Essen Hbf Kruppstraße/Am Thyssenhaus;;nein;Duisburg Hbf;
08.10.2026;10:20;ERB RB72;90658;Paderborn Hbf;Herford;3;nein;Bad Salzuflen;
08.10.2026;10:20;ICE 316;316;Frankfurt(Main)Hbf;Bruxelles Midi;27;nein;Aachen Hbf;Verspätete Bereitstellung
08.10.2026;10:20;RB53;14922;Iserlohn;Dortmund Hbf;3;teilweise;Iserlohn;Technischer Defekt an einem anderen Zug
08.10.2026;10:20;RRB RE10;82263;Kleve;Düsseldorf Hbf;14;nein;Düsseldorf-Bilk;Vorfahrt eines anderen Zuges
08.10.2026;10:20;RTB RB21;90806;Düren;Heimbach (Eifel);0;nein;Düren;
08.10.2026;10:20;RTB RB28;90857;Düren;Euskirchen;1;nein;Düren;
08.10.2026;10:20;S11;32168;Düsseldorf Flughafen Terminal;Bergisch Gladbach;8;nein;Düsseldorf-Friedrichstadt;Defekt an einem Signal
08.10.2026;10:20;VIA RB39;56652;Grevenbroich;Neuss Hbf;4;nein;Neuss Hbf;
08.10.2026;10:21;Bus RE1;7778;Essen Hbf Kruppstraße/Am Thyssenhaus;Duisburg Hbf;;nein;Mülheim (Ruhr) Hbf;
08.10.2026;10:21;Bus RE14;67522;Bottrop Hbf;Dorsten;0;nein;Bottrop Hbf;
08.10.2026;10:21;ERB RE3;89873;Essen Hbf;Hamm(Westf)Hbf;7;nein;Bönen-Nordbögge;Defekt an der Strecke
08.10.2026;10:21;RB25;10536;Köln Hansaring;Lüdenscheid;23;teilweise;Köln Hansaring;Warten auf einen entgegenkommenden Zug
08.10.2026;10:21;RB52;33810;Lüdenscheid;Rummenohl;1;nein;Schalksmühle;
08.10.2026;10:21;RE22;10019;Köln Messe/Deutz;Kall;9;nein;Köln Hbf;Verspätung eines vorausfahrenden Zuges
08.10.2026;10:21;RRB S7;29142;Solingen Hbf;Wuppertal Hbf;1;nein;Solingen Mitte;
08.10.2026;10:21;RTB RB21;90739;Düren;Jülich-Nord;0;nein;Düren;
08.10.2026;10:22;NWB RB58;75248;Bremen Hbf;Osnabrück Hbf;11;nein;Halen;Vorfahrt eines anderen Zuges
08.10.2026;10:22;RB RE22;10017;Kall;Trier Hbf;10;nein;Urft;Verspätung eines vorausfahrenden Zuges
08.10.2026;10:22;RE41;16222;Haltern am See;Bochum Hbf;6;nein;Marl-Sinsen;
08.10.2026;10:22;S1;56335;Essen West;Dortmund Hbf;5;teilweise;Essen West;Defekt an der Strecke
08.10.2026;10:22;S41;5009;Hergenrath;Aachen Hbf;0;nein;Aachen Hbf;
08.10.2026;10:22;TR RB26;25418;Mainz Hbf;Köln Messe/Deutz;10;ja;Bonn-Mehlem;
08.10.2026;10:22;VIA RE19;20014;Düsseldorf Hbf;Arnhem Centraal;8;nein;Wesel-Feldmark;Vorfahrt eines anderen Zuges
08.10.2026;10:23;Bus EV;93875;Bad Berleburg;Aue-Wingeshausen;0;nein;Bad Berleburg;
08.10.2026;10:23;HLB RB95;28688;Dillenburg;Siegen Hbf;16;nein;Siegen Hbf;Verspätung eines vorausfahrenden Zuges
08.10.2026;10:23;RB77;14558;Hildesheim Hbf;Herford;2;nein;Herford;Verspätung eines vorausfahrenden Zuges
08.10.2026;10:23;SBH S1;34116;Hannover Hbf;Minden (Westf);1;nein;Minden (Westf);
08.10.2026;10:24;ERB RB59;90327;Dortmund Hbf;Soest;4;nein;Holzwickede;Verspätung eines vorausfahrenden Zuges
08.10.2026;10:24;RE41;16223;Bochum Hbf;Haltern am See;4;nein;Recklinghausen Süd;
08.10.2026;10:24;S8;30850;Hagen Hbf;Mönchengladbach Hbf;6;nein;Düsseldorf-Gerresheim;Verspätung eines vorausfahrenden Zuges
08.10.2026;10:25;Bus RE1;7791;Duisburg Hbf;Essen Hbf Kruppstraße/Am Thyssenhaus;;nein;Duisburg Hbf;
08.10.2026;10:25;ERB RE13;20070;Hamm(Westf)Hbf;Venlo;15;nein;Mönchengladbach Hbf;Verspätung eines vorausfahrenden Zuges, Vorfahrt eines anderen Zuges, Verspätete Bereitstellung
08.10.2026;10:25;NWB RB74;75025;Bielefeld Hbf;Paderborn Hbf;31;nein;Paderborn Kasseler Tor;Defekt an einem Signal, Defekt an einer Weiche
08.10.2026;10:25;NX RE7;17413;Rheine;Krefeld Hbf;24;nein;Schwerte (Ruhr);Vorfahrt eines anderen Zuges
08.10.2026;10:25;S23;32336;Bonn Hbf;Euskirchen;2;nein;Alfter-Witterschlick;
08.10.2026;10:25;VIA RE19;20015;Arnhem Centraal;Düsseldorf Hbf;6;nein;Düsseldorf Flughafen;Warten auf Anschlussreisende, Vorfahrt eines anderen Zuges
08.10.2026;10:25;VIA RE19;77015;Bocholt;Düsseldorf Hbf;6;nein;Düsseldorf Flughafen;Vorfahrt eines anderen Zuges
08.10.2026;10:26;Bus RE1;7780;Essen Hbf Kruppstraße/Am Thyssenhaus;Duisburg Hbf;;nein;Mülheim (Ruhr) Hbf;
08.10.2026;10:26;ERB RB59;90372;Soest;Dortmund Hbf;9;nein;Dortmund Hbf;Verspätung eines vorausfahrenden Zuges, Vorfahrt eines anderen Zuges
08.10.2026;10:26;HLB RB90;61604;Limburg(Lahn);Siegen Hbf;10;nein;Eiserfeld (Sieg);Verspätung eines vorausfahrenden Zuges, Verzögerungen im Betriebsablauf
08.10.2026;10:26;ICE 143;143;Amsterdam Centraal;Hannover Hbf;8;nein;Rheine;Verspätetes Personal aus vorheriger Fahrt
08.10.2026;10:26;RE57;10757;Dortmund Hbf;Bestwig;6;nein;Arnsberg (Westf);Verspätung eines vorausfahrenden Zuges
08.10.2026;10:26;S3;30327;Hattingen(Ruhr) Mitte;Essen West;14;teilweise;Essen Hbf;
08.10.2026;10:26;S4;30438;Dortmund-Lütgendortmund;Unna;1;nein;Dortmund-Lütgendortmund;
08.10.2026;10:27;ICE 1036;1036;Köln Hbf;Rostock Hbf;26;nein;Münster (Westf) Hbf;Vorfahrt eines anderen Zuges
08.10.2026;10:27;ICE 555;555;Köln Hbf;Berlin Gesundbrunnen;15;teilweise;Bielefeld Hbf;Defektes Stellwerk, Technischer Defekt an einem anderen Zug
08.10.2026;10:27;RE42;10121;Essen Hbf;Münster(Westf)Hbf;18;nein;Dülmen;Verspätung eines vorausfahrenden Zuges, Zusätzlicher Halt
08.10.2026;10:27;RRB RB31;26008;Duisburg Hbf;Moers;6;nein;Moers;
08.10.2026;10:27;S1;30162;Duisburg Hbf;Solingen Hbf;5;nein;Düsseldorf Volksgarten;Verspätung eines vorausfahrenden Zuges
08.10.2026;10:27;S4;30435;Unna;Dortmund-Lütgendortmund;3;nein;Dortmund-Wickede West;
08.10.2026;10:27;TR RB26;33631;Köln Messe/Deutz;Mainz Hbf;34;teilweise;Bonn Hbf;Defekt an einem Signal
08.10.2026;10:28;NX RB48;17326;Bonn-Mehlem;Wuppertal-Oberbarmen;71;nein;Köln Messe/Deutz;Defekt an einem Signal, Verspätung aus vorheriger Fahrt
08.10.2026;10:29;ERB RB59;90326;Soest;Dortmund Hbf;8;nein;Unna;Vorfahrt eines anderen Zuges
08.10.2026;10:29;VIA RB35;32908;Mönchengladbach Hbf;Duisburg-Hochfeld Süd;12;nein;Krefeld Hbf;Vorfahrt eines anderen Zuges
08.10.2026;10:29;VIA RB46;31441;Gelsenkirchen Hbf;Bochum Hbf;8;nein;Bochum-Riemke;Vorfahrt eines anderen Zuges
08.10.2026;10:29;WFB RE15;90275;Emden Hbf;Münster(Westf)Hbf;1;nein;Rheine;
08.10.2026;10:30;Bus RE1;7793;Duisburg Hbf;Essen Hbf Kruppstraße/Am Thyssenhaus;;nein;Duisburg Hbf;
08.10.2026;10:30;RB25;10532;Köln Hansaring;Lüdenscheid;62;teilweise;Dieringhausen;Unbefugte Personen auf der Strecke
08.10.2026;10:30;RB53;14919;Dortmund Hbf;Iserlohn;1;teilweise;Kalthof (Kr Iserlohn);Technischer Defekt an einem anderen Zug
08.10.2026;10:30;RRB RE14;89525;Bottrop Hbf;Essen Hbf;14;nein;Essen Hbf;
08.10.2026;10:30;S19;31052;Düren;Troisdorf;36;nein;Köln Frankfurter Straße;
08.10.2026;10:31;Bus RE1;7782;Essen Hbf Kruppstraße/Am Thyssenhaus;Duisburg Hbf;;nein;Mülheim (Ruhr) Hbf;
08.10.2026;10:31;RB20;30565;Alsdorf-Annapark;Stolberg-Altstadt;12;nein;Aachen Hbf;Verspätung eines vorausfahrenden Zuges
08.10.2026;10:31;VIA RE16;31308;Essen Hbf;Iserlohn;9;nein;Iserlohn-Letmathe;Bereitstellung weiterer Wagen, Vorfahrt eines anderen Zuges
08.10.2026;10:32;HLB RB90;61609;Siegen Hbf;Limburg(Lahn);30;nein;Eiserfeld (Sieg);Verzögerungen im Betriebsablauf
08.10.2026;10:32;HLB RE34;28562;Kirchhundem-Welschen Ennest;Siegen Hbf;0;nein;Kirchhundem-Welschen Ennest;
08.10.2026;10:32;RB38;10078;Horrem;Bedburg (Erft);3;nein;Paffendorf;
08.10.2026;10:32;RE47;89319;Remscheid-Lennep;Düsseldorf Hbf;2;nein;Remscheid-Lennep;
08.10.2026;10:32;RTB RB28;90856;Euskirchen;Düren;0;nein;Euskirchen;
08.10.2026;10:32;S12;32247;Au (Sieg);Köln-Ehrenfeld;5;teilweise;Köln Hansaring;Unbefugte Personen auf der Strecke
08.10.2026;10:32;S19;31049;Troisdorf;Düren;36;nein;Merzenich;Verspätung eines vorausfahrenden Zuges
08.10.2026;10:32;S19;31057;Troisdorf;Düren;4;ja;Troisdorf;Unbefugte Personen auf der Strecke
08.10.2026;10:32;S6;56059;Köln-Worringen;Köln-Dellbrück;12;nein;Köln-Dellbrück;
08.10.2026;10:32;VIA RB91;21422;Kirchhundem-Welschen Ennest;Siegen Hbf;2;nein;Siegen Hbf;
08.10.2026;10:33;NWB RB58;75255;Osnabrück Hbf;Bremen Hbf;10;nein;Halen;Vorfahrt eines anderen Zuges
08.10.2026;10:33;RE42;10118;Münster(Westf)Hbf;Mönchengladbach Hbf;50;nein;Viersen;Verspätung aus vorheriger Fahrt
08.10.2026;10:33;S11;32163;Bergisch Gladbach;Düsseldorf Flughafen Terminal;3;teilweise;Bergisch Gladbach;Defekt an der Strecke
08.10.2026;10:33;S3;30326;Essen West;Hattingen(Ruhr) Mitte;14;teilweise;Essen West;Defekt an der Strecke
08.10.2026;10:34;ERB RB71;89642;Bielefeld Hbf;Rahden;5;nein;Lübbecke (Westf);Defekt an einem Signal, Vorfahrt eines anderen Zuges
08.10.2026;10:34;ERB RB89;90015;Münster(Westf)Hbf;Paderborn Hbf;44;nein;Scharmede;Defekt an der Strecke, Außerplanmäßige Geschwindigkeitsbeschränkung
08.10.2026;10:34;HLB RB96;61812;Dillenburg;Betzdorf(Sieg);1;nein;Niederdresselndorf;
08.10.2026;10:34;NX RE7;17408;Krefeld Hbf;Rheine;66;teilweise;Greven;Defekt an einem Signal
08.10.2026;10:34;RB20;32811;Eschweiler-Weisweiler;Düren;48;ja;Langerwehe;Defektes Stellwerk, Verspätung aus vorheriger Fahrt
08.10.2026;10:34;RB51;14619;Lünen Hbf;Dortmund Hbf;5;nein;Lünen Preußen;Verspätung aus vorheriger Fahrt
08.10.2026;10:34;RB52;33811;Rummenohl;Lüdenscheid;5;nein;Dahlerbrück;
08.10.2026;10:34;RRB RB36;82322;Oberhausen Hbf;Duisburg-Ruhrort;1;nein;Duisburg-Obermeiderich;
08.10.2026;10:35;Bus RE1;7795;Duisburg Hbf;Essen Hbf Kruppstraße/Am Thyssenhaus;;nein;Duisburg Hbf;
08.10.2026;10:35;ERB RB65;52318;Münster(Westf)Hbf;Rheine;2;nein;Münster (Westf) Hbf;Verspätung eines vorausfahrenden Zuges
08.10.2026;10:35;RB20;30560;Stolberg-Altstadt;Alsdorf-Annapark;1;nein;Aachen Schanz;
08.10.2026;10:35;RB51;20259;Enschede;Dortmund Hbf;7;nein;Selm;Warten auf einen entgegenkommenden Zug
08.10.2026;10:35;RTB RB21;90708;Jülich-Nord;Düren;3;nein;Düren;
08.10.2026;10:35;RTB RB21;90777;Heimbach (Eifel);Düren;0;nein;Düren;
08.10.2026;10:35;SBH S1;34121;Minden (Westf);Hannover Hbf;0;nein;Minden (Westf);
08.10.2026;10:35;VIA RB34;90507;Mönchengladbach Hbf;Dalheim;9;nein;Rheydt Hbf;Vorfahrt eines anderen Zuges
08.10.2026;10:36;Bus RE1;7784;Essen Hbf Kruppstraße/Am Thyssenhaus;Duisburg Hbf;;nein;Mülheim (Ruhr) Hbf;
08.10.2026;10:36;ICE 1022;1022;Nürnberg Hbf;Hamburg-Altona;41;nein;Düsseldorf Hbf;Defekt an einem Signal
08.10.2026;10:36;RB77;14563;Herford;Hildesheim Hbf;0;nein;Herford;
08.10.2026;10:36;S1;56334;Dortmund Hbf;Essen West;2;teilweise;Essen Hbf;Defekt an der Strecke
08.10.2026;10:37;Bus RB31;62008;Moers;Xanten;0;nein;Moers;
08.10.2026;10:37;ERB RB66;90591;Osnabrück Hbf;Münster(Westf)Hbf;1;nein;Kattenvenne;
08.10.2026;10:37;ERB RB67;79288;Münster (Westf) Hbf;Bielefeld Hbf;35;nein;Isselhorst-Avenwedde;Defektes Stellwerk, Verspätung eines vorausfahrenden Zuges
08.10.2026;10:37;R S28;77187;Kaarster See;Mettmann Stadtwald;13;nein;Neuss Hbf;Verspätung aus vorheriger Fahrt
08.10.2026;10:37;RB33;10320;Aachen Hbf;Duisburg Hbf;6;teilweise;Aachen Hbf;Defekt an der Strecke
08.10.2026;10:37;RB33;10370;Aachen Hbf;Heinsberg(Rheinl);4;ja;Aachen Hbf;Defekt an der Strecke
08.10.2026;10:37;RE42;10126;Münster(Westf)Hbf;Mönchengladbach Hbf;11;teilweise;Münster (Westf) Hbf;Außerplanmäßige Geschwindigkeitsbeschränkung, Verspätung aus vorheriger Fahrt
08.10.2026;10:37;S19;31061;Blankenberg (Sieg);Düren;;ja;Blankenberg (Sieg);Unbefugte Personen auf der Strecke
08.10.2026;10:37;S41;5031;Aachen Hbf;Hergenrath;1;nein;Aachen Hbf;
08.10.2026;10:37;TRI RB37;89408;Neuss Hbf;Krefeld Hbf;1;nein;Neuss Hbf;
08.10.2026;10:38;Bus RB31;62017;Xanten;Moers;0;nein;Alpen;
08.10.2026;10:38;ERB RB59;90373;Dortmund Hbf;Soest;14;nein;Dortmund Signal Iduna Park;Verspätung eines vorausfahrenden Zuges, Vorfahrt eines anderen Zuges, Verspätung aus vorheriger Fahrt
08.10.2026;10:38;ERB RB61;20364;Bielefeld Hbf;Hengelo;4;nein;Hiddenhausen-Schweicheln;Verspätung eines vorausfahrenden Zuges
08.10.2026;10:38;RB RE22;10012;Trier Hbf;Kall;5;nein;Urft;Verspätung eines vorausfahrenden Zuges
08.10.2026;10:38;RE18;18925;Eygelshoven Markt;Aachen Hbf;11;nein;Aachen West;
08.10.2026;10:38;RE62;11505;Rheine;Löhne(Westf);1;nein;Löhne (Westf);
08.10.2026;10:38;RRB S7;29151;Wuppertal Hbf;Solingen Hbf;3;nein;Wuppertal-Barmen;
08.10.2026;10:38;S11;32170;Düsseldorf Flughafen Terminal;Bergisch Gladbach;5;teilweise;Düsseldorf Hbf;Defekt an der Strecke
08.10.2026;10:39;RB27;10610;Köln Messe/Deutz;Mönchengladbach Hbf;7;nein;Pulheim;Verspätung eines vorausfahrenden Zuges
08.10.2026;10:39;RB32;31254;Oberhausen Hbf;Dortmund Hbf;13;nein;Essen-Dellwig;Verspätung eines vorausfahrenden Zuges
08.10.2026;10:39;RE42;10124;Münster(Westf)Hbf;Essen Hbf;18;nein;Haltern am See;Vorfahrt eines anderen Zuges, Verspätung aus vorheriger Fahrt
08.10.2026;10:40;Bus RE1;7797;Duisburg Hbf;Essen Hbf Kruppstraße/Am Thyssenhaus;;nein;Duisburg Hbf;
08.10.2026;10:40;NX RE1;26811;Aachen Hbf;Hamm(Westf)Hbf;33;nein;Hamm (Westf) Hbf;Verspätung eines vorausfahrenden Zuges
08.10.2026;10:40;NX RE1;26812;Hamm(Westf)Hbf;Aachen Hbf;31;nein;Düsseldorf Hbf;Vorfahrt eines anderen Zuges
08.10.2026;10:40;S1;30171;Essen Hbf;Dortmund Hbf;3;nein;Essen Hbf;
08.10.2026;10:40;S19;31053;Blankenberg (Sieg);Düren;28;teilweise;Horrem;Unbefugte Personen auf der Strecke, Verspätung eines vorausfahrenden Zuges
08.10.2026;10:41;Bus RE1;7786;Essen Hbf Kruppstraße/Am Thyssenhaus;Duisburg Hbf;;nein;Mülheim (Ruhr) Hbf;
08.10.2026;10:41;ERB RB72;90653;Herford;Paderborn Hbf;7;nein;Paderborn Hbf;Verspätung eines vorausfahrenden Zuges, Vorfahrt eines anderen Zuges
08.10.2026;10:41;RB33;10323;Duisburg Hbf;Aachen Hbf;2;nein;Rheinhausen Ost;
08.10.2026;10:41;RE8;10815;Mönchengladbach Hbf;Köln Messe/Deutz;10;nein;Stommeln;Verspätung eines vorausfahrenden Zuges
08.10.2026;10:41;VIA RB39;56655;Neuss Hbf;Grevenbroich;1;nein;Holzheim (b Neuss);
08.10.2026;10:41;VIA RB46;31440;Bochum Hbf;Gelsenkirchen Hbf;3;nein;Gelsenkirchen Hbf;
08.10.2026;10:42;RE22;10010;Kall;Köln Messe/Deutz;5;nein;Köln Hbf;Bauarbeiten
08.10.2026;10:42;RE22;10012;Kall;Köln Messe/Deutz;7;nein;Kall;Verspätung eines vorausfahrenden Zuges
08.10.2026;10:42;RE34;26084;Hagen Hbf;Lennestadt-Altenhundem;;ja;Hagen Hbf;Bauarbeiten
08.10.2026;10:42;RE42;10123;Mönchengladbach Hbf;Münster(Westf)Hbf;6;nein;Marl-Sinsen;Vorfahrt eines anderen Zuges
08.10.2026;10:42;RE8;10812;Köln Messe/Deutz;Mönchengladbach Hbf;17;nein;Rheydt-Odenkirchen;Verspätung eines vorausfahrenden Zuges
08.10.2026;10:43;ICE 148;148;Hannover Hbf;Amsterdam Centraal;5;nein;Bünde (Westf);
08.10.2026;10:43;ICE 1515;1515;Köln Hbf;Frankfurt(Main)Hbf;4;nein;Siegburg/Bonn;
08.10.2026;10:43;NWB RB74;75029;Bielefeld Hbf;Paderborn Hbf;28;nein;Bielefeld-Senne;Defekt an einer Weiche
08.10.2026;10:43;NX RB48;17330;Bonn-Mehlem;Wuppertal-Oberbarmen;38;teilweise;Bonn-Mehlem;Defekt an einem Signal, Defekt an der Strecke
08.10.2026;10:43;R S28;77192;Wuppertal Hbf;Kaarster See;5;nein;Neuss Hbf;
08.10.2026;10:43;RRB RE14;89524;Essen Hbf;Bottrop Hbf;5;nein;Bottrop Hbf;
08.10.2026;10:43;S19;31060;Düren;Troisdorf;32;teilweise;Düren;Unbefugte Personen auf der Strecke
08.10.2026;10:43;VIA RB35;52253;Gelsenkirchen Hbf;Oberhausen Hbf;21;nein;Essen-Zollverein Nord;Vorfahrt eines anderen Zuges, Verspätung aus vorheriger Fahrt
08.10.2026;10:44;IC 2049;2049;Stuttgart Hbf;Dresden-Neustadt;3;ja;Bonn Hbf;Defekt an der Strecke
08.10.2026;10:44;NWB RB74;75028;Paderborn Hbf;Bielefeld Hbf;3;nein;Schloß Holte;Verspätung eines vorausfahrenden Zuges
08.10.2026;10:44;S12;32252;Köln-Ehrenfeld;Hennef(Sieg);12;teilweise;Köln-Ehrenfeld;Unbefugte Personen auf der Strecke
08.10.2026;10:44;S8;30858;Hagen Hbf;Mönchengladbach Hbf;4;nein;Wuppertal-Langerfeld;
08.10.2026;10:44;SBH S5;34548;Paderborn Hbf;Hannover Flughafen;2;nein;Steinheim (Westf);
08.10.2026;10:44;VIA RB91;21423;Siegen Hbf;Welschen Ennest;19;nein;Siegen-Weidenau;Polizeieinsatz, Bauarbeiten
08.10.2026;10:45;Bus RE1;7799;Duisburg Hbf;Essen Hbf Kruppstraße/Am Thyssenhaus;;nein;Duisburg Hbf;
08.10.2026;10:45;ERB RB73;90234;Lemgo-Lüttfeld;Bielefeld Hbf;32;nein;Bielefeld Hbf;Defekt an einem Signal, Defekt an der Strecke, Vorfahrt eines anderen Zuges
08.10.2026;10:45;ERB RB89;90065;Münster(Westf)Hbf;Paderborn Hbf;22;nein;Lippstadt;Außerplanmäßige Geschwindigkeitsbeschränkung, Vorfahrt eines anderen Zuges, Verspätung aus vorheriger Fahrt
08.10.2026;10:45;ERB RE13;20075;Venlo;Hamm(Westf)Hbf;9;nein;Mönchengladbach Hbf;Verspätung eines vorausfahrenden Zuges
08.10.2026;10:45;NX RE11;26710;Kassel-Wilhelmshöhe;Essen Hbf;18;nein;Essen Hbf;Verspätete Bereitstellung, Behördliche Maßnahme
08.10.2026;10:45;RB52;14663;Dortmund Hbf;Hagen Hbf;5;nein;Dortmund Tierpark;Verspätung eines vorausfahrenden Zuges
08.10.2026;10:45;RB64;20209;Enschede;Münster(Westf)Hbf;2;nein;Gronau (Westf);
08.10.2026;10:45;RE47;89316;Düsseldorf Hbf;Remscheid-Lennep;5;nein;Düsseldorf-Eller Mitte;
08.10.2026;10:45;RE49;30298;Essen Hbf;Wuppertal Hbf;8;nein;Wuppertal-Vohwinkel;
08.10.2026;10:46;Bus RE1;7788;Essen Hbf Kruppstraße/Am Thyssenhaus;Duisburg Hbf;;nein;Mülheim (Ruhr) Hbf;
08.10.2026;10:46;NWB RB75;75126;Osnabrück Hbf;Bielefeld Hbf;3;nein;Bielefeld-Brackwede;
08.10.2026;10:46;RB27;10619;Mönchengladbach Hbf;Köln Messe/Deutz;11;nein;Rheydt Hbf;Verspätung eines vorausfahrenden Zuges
08.10.2026;10:46;RB38;10261;Bedburg (Erft);Köln Messe/Deutz;1;nein;Glesch;
08.10.2026;10:46;RRB RB31;26015;Moers;Duisburg Hbf;2;nein;Duisburg Hbf;
08.10.2026;10:46;RRB RB36;26699;Duisburg-Ruhrort;Oberhausen Hbf;1;nein;Duisburg-Ruhrort;
08.10.2026;10:46;S23;32337;Euskirchen;Bonn Hbf;3;nein;Bonn-Endenich Nord;
08.10.2026;10:46;SBH S5;34535;Hannover Flughafen;Paderborn Hbf;17;nein;Paderborn Hbf;Vorfahrt eines anderen Zuges
08.10.2026;10:46;VIA RB46;31443;Gelsenkirchen Hbf;Bochum Hbf;0;nein;Gelsenkirchen Hbf;
08.10.2026;10:47;RB40;30768;Hagen Hbf;Essen Hbf;2;nein;Wattenscheid;
08.10.2026;10:47;RE49;30391;Wuppertal Hbf;Essen Hbf;16;nein;Essen Hbf;
08.10.2026;10:47;RE9;10910;Siegen Hbf;Aachen Hbf;7;nein;Köln Hbf;Verspätung eines vorausfahrenden Zuges
08.10.2026;10:47;RRB RE14;89527;Bottrop Hbf;Essen Hbf;0;ja;Bottrop Hbf;Technische Störung am Zug, Defekt an der Strecke
08.10.2026;10:47;S1;30166;Duisburg Hbf;Solingen Hbf;7;nein;Düsseldorf Volksgarten;Verspätung eines vorausfahrenden Zuges
08.10.2026;10:48;ERB RE82;79346;Bielefeld Hbf;Altenbeken;25;nein;Altenbeken;Verspätung eines vorausfahrenden Zuges, Vorfahrt eines anderen Zuges, Verspätung aus vorheriger Fahrt
08.10.2026;10:48;FLX 20;1800;Köln Hbf;Hamburg Hbf;10;nein;Münster (Westf) Hbf;
08.10.2026;10:48;S6;30654;Essen Hbf;Düsseldorf Hbf;3;nein;Düsseldorf Wehrhahn;
08.10.2026;10:48;S8;30852;Wuppertal-Oberbarmen;Mönchengladbach Hbf;2;nein;Düsseldorf-Flingern;
08.10.2026;10:48;VIA RE16;29975;Iserlohn;Iserlohn-Letmathe;3;nein;Iserlohn;Vorfahrt eines anderen Zuges
08.10.2026;10:49;Bus RB54;54012;Bahnhof, Unna;Ardey Bahnhof, Fröndenberg;;nein;Fröndenberg-Frömern;
08.10.2026;10:49;ERB RB50;89929;Münster(Westf)Hbf;Dortmund Hbf;24;nein;Ascheberg (Westf);Defekt an der Strecke, Vorfahrt eines anderen Zuges, Verspätung aus vorheriger Fahrt
08.10.2026;10:49;ERB RE82;79348;Bielefeld Hbf;Altenbeken;;ja;Bielefeld Hbf;Defektes Stellwerk
08.10.2026;10:49;RB20;30015;Stolberg(Rheinl)Hbf Gl.44;Eschweiler-Weisweiler;2;nein;Kohlscheid;Defektes Stellwerk, Verspätung eines vorausfahrenden Zuges
08.10.2026;10:49;RRB RB31;26058;Duisburg Hbf;Moers;15;nein;Rheinhausen;
08.10.2026;10:50;Bus RE1;7801;Duisburg Hbf;Essen Hbf Kruppstraße/Am Thyssenhaus;;nein;Duisburg Hbf;
08.10.2026;10:50;RB20;30014;Eschweiler-Weisweiler;Stolberg(Rheinl)Hbf Gl.44;66;ja;Stolberg (Rheinl) Hbf;Defektes Stellwerk, Verspätung eines vorausfahrenden Zuges
08.10.2026;10:50;RB53;14924;Iserlohn;Dortmund Hbf;1;teilweise;Iserlohn;Technischer Defekt an einem anderen Zug
08.10.2026;10:50;RTB RB21;90711;Düren;Linnich Bhf;0;nein;Düren;
08.10.2026;10:50;RTB RB21;90778;Düren;Untermaubach-Schlagstein;0;nein;Düren;
08.10.2026;10:50;S4;30436;Dortmund-Lütgendortmund;Unna;3;nein;Unna West;
08.10.2026;10:51;Bus RE1;7790;Essen Hbf Kruppstraße/Am Thyssenhaus;Duisburg Hbf;;nein;Mülheim (Ruhr) Hbf;
08.10.2026;10:51;ERB RB89;90066;Paderborn Hbf;Münster(Westf)Hbf;23;teilweise;Paderborn Hbf;Defekt an einem Signal, Defekt an der Strecke, Verspätung eines vorausfahrenden Zuges
08.10.2026;10:51;RB24;10415;Köln Messe/Deutz;Kall;5;nein;Köln West;Verspätung eines vorausfahrenden Zuges
08.10.2026;10:51;RB54;14825;Fröndenberg;Menden(Sauerland);1;nein;Bösperde;
08.10.2026;10:51;RE49;56780;Wesel;Oberhausen Hbf;2;nein;Oberhausen Hbf;
08.10.2026;10:51;RE9;10909;Aachen Hbf;Siegen Hbf;45;nein;Siegen Hbf;Verspätung eines vorausfahrenden Zuges
08.10.2026;10:52;ERB RE3;89878;Hamm(Westf)Hbf;Essen Hbf;16;nein;Dortmund-Scharnhorst;Defekt an einem Signal, Verspätung eines vorausfahrenden Zuges, Vorfahrt eines anderen Zuges
08.10.2026;10:52;NWB RB84;74967;Kreiensen;Paderborn Hbf;5;nein;Altenbeken;Vorfahrt eines anderen Zuges
08.10.2026;10:52;NWB RB85;74912;Göttingen;Paderborn Hbf;5;nein;Altenbeken;
08.10.2026;10:52;RB63;14715;Coesfeld(Westf);Münster(W)Zentrum Nord;11;teilweise;Münster (Westf) Hbf;Warten auf einen entgegenkommenden Zug
08.10.2026;10:52;S1;56337;Essen West;Dortmund Hbf;4;teilweise;Essen West;
08.10.2026;10:52;S23;32339;Bad Münstereifel;Bonn Hbf;3;nein;Rheinbach Römerkanal;Verspätung eines vorausfahrenden Zuges
08.10.2026;10:52;S5;31531;Witten Hbf;Dortmund Hbf;2;nein;Dortmund Hbf;
08.10.2026;10:52;S8;30859;Mönchengladbach Hbf;Wuppertal-Oberbarmen;1;nein;Neuss Hbf;
08.10.2026;10:52;WFB RE70;95826;Braunschweig Hbf;Bielefeld Hbf;4;nein;Minden (Westf);Verspätung eines vorausfahrenden Zuges
08.10.2026;10:52;WFB RE70;95827;Bielefeld Hbf;Braunschweig Hbf;6;nein;Bad Oeynhausen;Verspätung eines vorausfahrenden Zuges
08.10.2026;10:53;ERB RB72;90660;Paderborn Hbf;Herford;20;nein;Horn-Bad Meinberg;Defekt an einem Bahnübergang, Verspätung eines vorausfahrenden Zuges, Vorfahrt eines anderen Zuges
08.10.2026;10:53;ICE 2013;2013;Köln Hbf;Stuttgart Hbf;1;ja;Köln Hbf;Technische Störung am Zug
08.10.2026;10:53;RRB RE10;82265;Kleve;Düsseldorf Hbf;10;nein;Düsseldorf Hbf;Warten auf einen entgegenkommenden Zug
08.10.2026;10:53;S1;30185;Solingen Hbf;Duisburg Hbf;10;nein;Düsseldorf Volksgarten;Verspätung eines vorausfahrenden Zuges
08.10.2026;10:53;S11;32165;Bergisch Gladbach;Düsseldorf Flughafen Terminal;20;teilweise;Bergisch Gladbach;Defekt an der Strecke
08.10.2026;10:54;ICE 105;105;Hamburg-Altona;Zürich HB;22;teilweise;Köln Hbf;Defekt an einem Signal, Vorfahrt eines anderen Zuges, Umleitung
08.10.2026;10:54;VIA RB39;56613;Düsseldorf Hbf;Bedburg(Erft);1;teilweise;Düsseldorf Hbf;
08.10.2026;10:55;Bus RE1;7803;Duisburg Hbf;Essen Hbf Kruppstraße/Am Thyssenhaus;;nein;Duisburg Hbf;
08.10.2026;10:55;ERB RB89;90017;Münster(Westf)Hbf;Paderborn Hbf;5;nein;Welver;Verspätung eines vorausfahrenden Zuges
08.10.2026;10:55;HLB RE99;15135;Siegen Hbf;Gießen;7;nein;Wilnsdorf-Rudersdorf;
08.10.2026;10:55;RRB S7;29155;Wuppertal Hbf;Solingen Hbf;1;nein;Wuppertal-Unterbarmen;
08.10.2026;10:55;VIA RE16;31315;Iserlohn;Essen Hbf;3;nein;Wetter (Ruhr);Vorfahrt eines anderen Zuges
08.10.2026;10:55;VIA RE19;20016;Düsseldorf Hbf;Arnhem Centraal;9;nein;Oberhausen-Sterkrade;Vorfahrt eines anderen Zuges
08.10.2026;10:55;VIA RE19;77016;Düsseldorf Hbf;Bocholt;9;nein;Oberhausen-Sterkrade;Vorfahrt eines anderen Zuges
08.10.2026;10:56;Bus RE1;7792;Essen Hbf Kruppstraße/Am Thyssenhaus;Duisburg Hbf;;nein;Mülheim (Ruhr) Hbf;
08.10.2026;10:56;Bus RE14;67518;Bottrop Hbf;Borken(Westf);6;teilweise;Deuten;
08.10.2026;10:56;HLB RB90;61712;Betzdorf(Sieg);Siegen Hbf;25;nein;Eiserfeld (Sieg);Verzögerungen im Betriebsablauf
08.10.2026;10:56;R S28;77196;Wuppertal Hbf;Kaarster See;5;nein;Neuss Rheinparkcenter;
08.10.2026;10:56;RB33;10371;Heinsberg(Rheinl);Aachen Hbf;5;ja;Lindern;Defekt an der Strecke
08.10.2026;10:56;RE2;10211;Essen Hbf;Osnabrück Hbf;16;nein;Lengerich (Westf);Verspätung eines vorausfahrenden Zuges
08.10.2026;10:56;S3;30329;Hattingen(Ruhr) Mitte;Essen West;13;teilweise;Essen Hbf;Defekt an der Strecke
08.10.2026;10:56;S5;31533;Hagen Hbf;Dortmund Hbf;3;nein;Hagen-Vorhalle;
08.10.2026;10:56;S6;30660;Essen Hbf;Düsseldorf Hbf;1;nein;Essen-Hügel;
08.10.2026;10:56;S6;56056;Köln-Dellbrück;Köln-Worringen;7;nein;Köln Volkhovener Weg;Verspätung eines vorausfahrenden Zuges
08.10.2026;10:56;S6;56067;Köln-Worringen;Köln-Dellbrück;10;nein;Köln-Blumenberg;Verspätung eines vorausfahrenden Zuges
08.10.2026;10:57;Bus RE14;67533;Dorsten;Bottrop Hbf;0;nein;Dorsten;
08.10.2026;10:57;R S28;77191;Kaarster See;Wuppertal Hbf;8;nein;Neuss Hbf;Verspätung eines vorausfahrenden Zuges, Verspätung aus vorheriger Fahrt
08.10.2026;10:57;S2;30229;Dortmund Hbf;Essen Hbf;8;nein;Gelsenkirchen-Rotthausen;Verspätung eines vorausfahrenden Zuges
08.10.2026;10:58;HLB RB90;61707;Siegen Hbf;Betzdorf(Sieg);7;nein;Siegen Hbf;Verspätung eines vorausfahrenden Zuges
08.10.2026;10:58;RB51;20264;Dortmund Hbf;Enschede;5;nein;Dortmund-Kirchderne;
08.10.2026;10:58;S5;31532;Dortmund Hbf;Hagen Hbf;2;nein;Hagen-Vorhalle;
08.10.2026;10:58;S9;30926;Recklinghausen Hbf;Hagen Hbf;19;nein;Essen-Überruhr;
08.10.2026;10:59;ERB RB69;89974;Bielefeld Hbf;Hamm(Westf)Hbf;22;nein;Ahlen (Westf);Defekt an der Strecke
08.10.2026;10:59;ERB RB89;90016;Paderborn Hbf;Münster(Westf)Hbf;25;nein;Borgeln;Verspätung eines vorausfahrenden Zuges, Vorfahrt eines anderen Zuges
08.10.2026;10:59;S1;30189;Solingen Hbf;Duisburg Hbf;2;nein;Hilden Süd;
08.10.2026;11:00;Bus EV;92948;Finnentrop;Olpe;0;nein;Finnentrop;
08.10.2026;11:00;Bus RE1;7805;Duisburg Hbf;Essen Hbf Kruppstraße/Am Thyssenhaus;;nein;Duisburg Hbf;
08.10.2026;11:00;RB53;14921;Dortmund Hbf;Iserlohn;1;teilweise;Kalthof (Kr Iserlohn);Technischer Defekt an einem anderen Zug
08.10.2026;11:00;RE18;18927;Eygelshoven Markt;Aachen Hbf;1;nein;Herzogenrath;
08.10.2026;11:00;RE18;18928;Aachen Hbf;Eygelshoven Markt;12;nein;Herzogenrath;Verspätung eines vorausfahrenden Zuges
08.10.2026;11:00;VIA RB39;56610;Bedburg (Erft);Düsseldorf Hbf;4;nein;Düsseldorf-Bilk;
08.10.2026;11:01;Bus EV;92923;Olpe;Finnentrop;0;nein;Olpe;
08.10.2026;11:01;Bus RE1;7794;Essen Hbf Kruppstraße/Am Thyssenhaus;Duisburg Hbf;;nein;Mülheim (Ruhr) Hbf;
08.10.2026;11:01;ERB RB50;89928;Dortmund Hbf;Münster(Westf)Hbf;49;teilweise;Capelle (Westf);Defekt an der Strecke, Verspätung aus vorheriger Fahrt
08.10.2026;11:01;ERB RB67;79295;Bielefeld Hbf;Münster(Westf)Hbf;11;nein;Beelen;Verspätung eines vorausfahrenden Zuges, Vorfahrt eines anderen Zuges
08.10.2026;11:01;HLB RB93;61876;Siegen Hbf;Aue-Wingeshausen;20;nein;Siegen-Weidenau;Verzögerungen im Betriebsablauf
08.10.2026;11:01;RB63;14714;Münster(W)Zentrum Nord;Coesfeld(Westf);7;teilweise;Münster Zentrum Nord;Warten auf einen entgegenkommenden Zug
08.10.2026;11:01;S12;32249;Hennef (Sieg);Horrem;9;nein;Lövenich;Verspätung eines vorausfahrenden Zuges
08.10.2026;11:02;ERB RE3;89875;Essen Hbf;Hamm(Westf)Hbf;6;nein;Dortmund Hbf;Vorfahrt eines anderen Zuges
08.10.2026;11:02;HLB RB93;61873;Aue-Wingeshausen;Siegen Hbf;25;nein;Siegen Hbf;Verspätung eines vorausfahrenden Zuges, Warten auf einen entgegenkommenden Zug, Vorfahrt eines anderen Zuges
08.10.2026;11:02;RB38;10262;Köln Messe/Deutz;Bedburg(Erft);5;nein;Paffendorf;Verspätung eines vorausfahrenden Zuges
08.10.2026;11:02;RRB RE14;89528;Essen Hbf;Bottrop Hbf;10;nein;Essen West;Defekt an der Strecke
08.10.2026;11:02;S19;52789;Troisdorf;Sindorf;14;nein;Sindorf;Verspätung eines vorausfahrenden Zuges
08.10.2026;11:02;SBH S5;34539;Hannover Flughafen;Paderborn Hbf;34;ja;Lügde;Umgestürzter Baum auf der Strecke, Technische Störung am Zug, Behobener Defekt am Zug
08.10.2026;11:03;Bus RE14;67535;Coesfeld (Westf);Dorsten;3;nein;Wulfen (Westf);
08.10.2026;11:03;ERB RB66;90592;Münster(Westf)Hbf;Osnabrück Hbf;2;nein;Münster (Westf) Hbf;Verspätung aus vorheriger Fahrt
08.10.2026;11:03;ERB RB69;89975;Hamm(Westf)Hbf;Bielefeld Hbf;8;nein;Beckum-Neubeckum;Verspätung eines vorausfahrenden Zuges, Vorfahrt eines anderen Zuges
08.10.2026;11:03;RB20;30515;Alsdorf-Annapark;Langerwehe;52;nein;Langerwehe;Defektes Stellwerk, Verspätung eines vorausfahrenden Zuges
08.10.2026;11:03;RB54;14828;Menden(Sauerland);Fröndenberg;2;nein;Bösperde;
08.10.2026;11:03;S3;30328;Essen West;Hattingen(Ruhr) Mitte;9;teilweise;Essen West;Defekt an der Strecke
08.10.2026;11:03;S6;56063;Köln-Worringen;Köln-Dellbrück;8;nein;Köln-Buchforst;
08.10.2026;11:04;NWB RB75;75131;Bielefeld Hbf;Osnabrück Hbf;6;nein;Bielefeld-Brackwede;Vorfahrt eines anderen Zuges
08.10.2026;11:04;RRB RB36;82324;Oberhausen Hbf;Duisburg-Ruhrort;1;nein;Duisburg-Obermeiderich;
08.10.2026;11:04;RTB RB21;90738;Linnich Bhf;Düren;2;nein;Düren;
08.10.2026;11:04;S6;56060;Köln-Dellbrück;Köln-Worringen;7;nein;Köln Hbf;Verspätung eines vorausfahrenden Zuges
08.10.2026;11:04;VIA RB39;56654;Grevenbroich;Neuss Hbf;1;nein;Grevenbroich;
08.10.2026;11:05;Bus RE1;7807;Duisburg Hbf;Essen Hbf Kruppstraße/Am Thyssenhaus;;nein;Duisburg Hbf;
08.10.2026;11:05;ICE 1521;1521;Rostock Hbf;Köln Hbf;35;nein;Duisburg Hbf;Verspätung eines vorausfahrenden Zuges
08.10.2026;11:05;NX RB48;17329;Wuppertal-Oberbarmen;Köln Hbf;2;nein;Köln Hbf;
08.10.2026;11:05;RB20;30064;Stolberg-Altstadt;Stolberg(Rheinl)Hbf Gl.44;14;nein;Aachen Schanz;Defektes Stellwerk, Verspätung eines vorausfahrenden Zuges
08.10.2026;11:05;RB24;10422;Kall;Köln Messe/Deutz;1;nein;Kall;
08.10.2026;11:05;RTB RB21;90807;Untermaubach-Schlagstein;Düren;0;nein;Düren;
08.10.2026;11:05;S1;30170;Duisburg Hbf;Solingen Hbf;5;nein;Düsseldorf Hbf;
08.10.2026;11:05;S12;32250;Köln-Ehrenfeld;Au(Sieg);17;nein;Hennef (Sieg);Verspätung eines vorausfahrenden Zuges
08.10.2026;11:05;S5;31534;Dortmund Hbf;Witten Hbf;3;nein;Dortmund-Barop;
08.10.2026;11:05;TRI RB37;89411;Krefeld Hbf;Neuss Hbf;2;nein;Krefeld Hbf;
08.10.2026;11:05;VIA RB46;31442;Bochum Hbf;Gelsenkirchen Hbf;14;nein;Herne-Wanne-Eickel Hbf;Vorfahrt eines anderen Zuges
08.10.2026;11:06;Bus RE1;7796;Essen Hbf Kruppstraße/Am Thyssenhaus;Duisburg Hbf;;nein;Mülheim (Ruhr) Hbf;
08.10.2026;11:06;HLB RB96;61813;Betzdorf(Sieg);Dillenburg;1;nein;Wahlbach (Kr Siegen);
08.10.2026;11:06;S1;56336;Dortmund Hbf;Essen West;9;teilweise;Essen Hbf;Defekt an der Strecke
08.10.2026;11:06;VIA RB35;52248;Oberhausen Hbf;Gelsenkirchen Hbf;26;nein;Essen-Dellwig;Verspätung aus vorheriger Fahrt
08.10.2026;11:07;Bus RE14;67520;Dorsten;Coesfeld(Westf);7;nein;Lembeck;
08.10.2026;11:07;Bus RE14;67537;Borken (Westf);Bottrop Hbf;2;teilweise;Deuten;
08.10.2026;11:07;VIA RE16;29970;Iserlohn-Letmathe;Iserlohn;2;nein;Letmathe-Dechenhöhle;
08.10.2026;11:08;Bus RB54;54015;Ardey Bahnhof, Fröndenberg;Bahnhof, Unna;;nein;Fröndenberg-Frömern;
08.10.2026;11:08;Bus RE14;67541;Coesfeld (Westf);Dorsten;0;nein;Coesfeld (Westf);
08.10.2026;11:08;ERB RB59;90329;Dortmund Hbf;Soest;3;nein;Dortmund Signal Iduna Park;Verspätung aus vorheriger Fahrt
08.10.2026;11:08;HLB RE34;28565;Siegen Hbf;Kirchhundem-Welschen Ennest;0;nein;Siegen Hbf;
08.10.2026;11:08;NX RE7;17417;Rheine;Krefeld Hbf;100;teilweise;Rheine;Defekt an einem Signal, Defekt an der Strecke, Verspätung eines vorausfahrenden Zuges
08.10.2026;11:08;RB64;20212;Münster(Westf)Hbf;Enschede;4;nein;Münster (Westf) Hbf;
08.10.2026;11:08;RRB RE44;26650;Bottrop Hbf;Moers;10;nein;Moers;Defekt an der Strecke
08.10.2026;11:08;VIA RB91;21424;Kirchhundem-Welschen Ennest;Siegen Hbf;20;nein;Kirchhundem-Welschen Ennest;Verspätung aus vorheriger Fahrt
08.10.2026;11:09;NX RE4;26416;Dortmund Hbf;Aachen Hbf;108;teilweise;Dortmund Hbf;Bauarbeiten
08.10.2026;11:09;RE42;10127;Mönchengladbach Hbf;Münster(Westf)Hbf;12;nein;Oberhausen Hbf;Verspätung eines vorausfahrenden Zuges
08.10.2026;11:09;S23;32343;Bad Münstereifel;Bonn Hbf;4;nein;Bad Münstereifel-Iversheim;Verspätung eines vorausfahrenden Zuges
08.10.2026;11:09;S6;30651;Düsseldorf Hbf;Essen Hbf;2;nein;Essen Süd;
08.10.2026;11:10;Bus RE1;7809;Duisburg Hbf;Essen Hbf Kruppstraße/Am Thyssenhaus;;nein;Duisburg Hbf;
08.10.2026;11:10;S1;30179;Essen Hbf;Dortmund Hbf;1;nein;Essen Hbf;
08.10.2026;11:10;S6;30658;Essen Hbf;Düsseldorf Hbf;3;nein;Düsseldorf Hbf;
08.10.2026;11:10;S6;56062;Köln-Dellbrück;Köln-Worringen;1;nein;Köln-Holweide;
08.10.2026;11:11;Bus RE1;7798;Essen Hbf Kruppstraße/Am Thyssenhaus;Duisburg Hbf;;nein;Mülheim (Ruhr) Hbf;
08.10.2026;11:11;ERB RE82;79349;Altenbeken;Bielefeld Hbf;25;nein;Bielefeld Hbf;Vorfahrt eines anderen Zuges, Verspätung aus vorheriger Fahrt
08.10.2026;11:11;ICE 128;128;Frankfurt(Main)Hbf;Amsterdam Centraal;12;nein;Düsseldorf Hbf;Vorfahrt eines anderen Zuges
08.10.2026;11:11;RE2;10212;Osnabrück Hbf;Essen Hbf;18;nein;Gelsenkirchen Hbf;Verspätung eines vorausfahrenden Zuges
08.10.2026;11:11;VIA RB35;32911;Duisburg-Hochfeld Süd;Mönchengladbach Hbf;5;nein;Rheinhausen Ost;Vorfahrt eines anderen Zuges
08.10.2026;11:12;ERB RB61;20363;Hengelo;Bielefeld Hbf;6;nein;Bünde (Westf);Verspätung eines vorausfahrenden Zuges
08.10.2026;11:12;ERB RB61;20366;Bielefeld Hbf;Hengelo;6;nein;Bielefeld Hbf;Warten auf Anschlussreisende, Verspätung eines vorausfahrenden Zuges
08.10.2026;11:12;NX RB48;17333;Wuppertal-Oberbarmen;Köln Hbf;7;nein;Wuppertal-Oberbarmen;
08.10.2026;11:12;RE49;56781;Oberhausen Hbf;Wesel;2;nein;Oberhausen-Sterkrade;
08.10.2026;11:12;RRB S7;29150;Solingen Hbf;Wuppertal Hbf;2;teilweise;Solingen Hbf;Kurzfristiger Personalausfall
08.10.2026;11:12;S12;32253;Hennef (Sieg);Köln-Ehrenfeld;49;teilweise;Köln Hansaring;Verspätung aus vorheriger Fahrt
08.10.2026;11:13;HLB RE99;15140;Gießen;Siegen Hbf;3;nein;Siegen Hbf;Defekt an einem Signal
08.10.2026;11:13;IC 2009;2009;Emden Hbf;Köln Hbf;22;nein;Gelsenkirchen Hbf;Vorfahrt eines anderen Zuges
08.10.2026;11:13;NX RB48;17327;Wuppertal-Oberbarmen;Bonn-Mehlem;16;nein;Bonn-Bad Godesberg;Verspätung eines vorausfahrenden Zuges
08.10.2026;11:13;S11;32167;Bergisch Gladbach;Düsseldorf Flughafen Terminal;2;teilweise;Bergisch Gladbach;Defekt an der Strecke
08.10.2026;11:13;S12;32255;Au (Sieg);Köln-Ehrenfeld;8;nein;Porz (Rhein);Verspätung eines vorausfahrenden Zuges
08.10.2026;11:13;S23;32340;Bonn Hbf;Euskirchen;2;nein;Bonn-Endenich Nord;
08.10.2026;11:14;ERB RB61;20365;Hengelo;Bielefeld Hbf;13;nein;Rheine;Verspätung aus vorheriger Fahrt
08.10.2026;11:14;NX RE6;89713;Köln/Bonn Flughafen;Minden(Westf);45;nein;Löhne (Westf);Bauarbeiten, Defekt an einem Signal
08.10.2026;11:14;S23;32338;Bonn Hbf;Bad Münstereifel;6;nein;Swisttal-Odendorf;Verspätung eines vorausfahrenden Zuges
08.10.2026;11:14;S4;30437;Unna;Dortmund-Lütgendortmund;3;nein;Dortmund Möllerbrücke;
08.10.2026;11:14;S6;30653;Düsseldorf Hbf;Essen Hbf;5;nein;Kettwig Stausee;
08.10.2026;11:14;VIA RB91;31357;Lennestadt-Altenhundem;Hagen Hbf;5;teilweise;Lennestadt-Altenhundem;Bauarbeiten
08.10.2026;11:15;Bus RE1;7811;Duisburg Hbf;Essen Hbf Kruppstraße/Am Thyssenhaus;;nein;Duisburg Hbf;
08.10.2026;11:15;EUR 9411;9411;Paris Nord;Köln Hbf;47;nein;Köln Hbf;Verzögerungen im Betriebsablauf
08.10.2026;11:15;ICE 944;944;Berlin Hbf;Düsseldorf Hbf;70;teilweise;Dortmund Hbf;Defekt an einem Signal, Defekt an der Strecke, Defektes Stellwerk, Vorfahrt eines anderen Zuges, Umleitung
08.10.2026;11:15;RB25;10537;Gummersbach;Rösrath;9;nein;Engelskirchen;Verspätung eines vorausfahrenden Zuges
08.10.2026;11:15;RB54;14827;Fröndenberg;Neuenrade;4;nein;Menden (Sauerland);
08.10.2026;11:15;RB77;14560;Hildesheim Hbf;Herford;15;nein;Löhne (Westf);Verspätung eines vorausfahrenden Zuges
08.10.2026;11:15;RRB RB31;26057;Moers;Duisburg Hbf;9;nein;Duisburg Hbf;
08.10.2026;11:16;Bus RE1;7800;Essen Hbf Kruppstraße/Am Thyssenhaus;Duisburg Hbf;;nein;Mülheim (Ruhr) Hbf;
08.10.2026;11:16;ICE 1748;1748;Leipzig Hbf;Dortmund Hbf;20;nein;Dortmund Hbf;Verspätung eines vorausfahrenden Zuges
08.10.2026;11:16;R S28;77200;Mettmann Stadtwald;Kaarster See;1;nein;Neuss Rheinparkcenter;
08.10.2026;11:16;RB20;30065;Stolberg(Rheinl)Hbf Gl.44;Stolberg-Altstadt;5;nein;Stolberg (Rheinl) Hbf;Verspätung eines vorausfahrenden Zuges
08.10.2026;11:16;RB38;10081;Bedburg (Erft);Horrem;4;nein;Glesch;Verspätung eines vorausfahrenden Zuges
08.10.2026;11:16;S6;30662;Essen Hbf;Düsseldorf Hbf;3;nein;Essen-Hügel;
08.10.2026;11:16;TRI RE100;28079;Düsseldorf Hbf;Essen Hbf;5;nein;Essen Hbf;
08.10.2026;11:17;ERB RB73;90236;Lemgo-Lüttfeld;Bielefeld Hbf;3;nein;Lage (Lippe);Verspätung eines vorausfahrenden Zuges
08.10.2026;11:17;ERB RB89;90064;Paderborn Hbf;Münster(Westf)Hbf;25;nein;Münster (Westf) Hbf;Defekt an der Strecke
08.10.2026;11:17;ICE 625;625;Düsseldorf Hbf;München Hbf;11;nein;Düsseldorf Hbf;Verspätung eines vorausfahrenden Zuges
08.10.2026;11:17;RB20;32812;Düren;Eschweiler-Weisweiler;0;ja;Düren;Defektes Stellwerk
08.10.2026;11:17;RB51;14612;Dortmund Hbf;Lünen Hbf;6;nein;Dortmund-Kirchderne;Warten auf einen entgegenkommenden Zug
08.10.2026;11:17;RE57;10754;Bestwig;Dortmund Hbf;10;nein;Dortmund Hbf;Verspätung eines vorausfahrenden Zuges
08.10.2026;11:18;RRB S7;29157;Wuppertal Hbf;Solingen Hbf;4;nein;Wuppertal-Barmen;
08.10.2026;11:18;S11;32176;Düsseldorf Flughafen Terminal;Bergisch Gladbach;1;teilweise;Düsseldorf Hbf;Defekt an einer Weiche
08.10.2026;11:19;Bus EV;93874;Aue-Wingeshausen;Bad Berleburg;0;nein;Aue-Wingeshausen;
08.10.2026;11:19;ERB RB65;52323;Rheine;Münster(Westf)Hbf;5;nein;Münster Zentrum Nord;Verspätung eines vorausfahrenden Zuges
08.10.2026;11:19;RB27;10612;Köln Messe/Deutz;Mönchengladbach Hbf;1;nein;Köln Messe/Deutz;
08.10.2026;11:19;RE8;10817;Mönchengladbach Hbf;Köln Messe/Deutz;9;nein;Hochneukirch;Verspätung eines vorausfahrenden Zuges
08.10.2026;11:20;Bus RE1;7813;Duisburg Hbf;Essen Hbf Kruppstraße/Am Thyssenhaus;;nein;Duisburg Hbf;
08.10.2026;11:20;NWB RB75;75130;Osnabrück Hbf;Bielefeld Hbf;2;nein;Halle (Westf.) OWL-Arena;
08.10.2026;11:20;NX RE7;17411;Rheine;Krefeld Hbf;13;nein;Krefeld-Oppum;
08.10.2026;11:20;RB32;31255;Dortmund Hbf;Oberhausen Hbf;10;nein;Oberhausen Hbf;Verspätung eines vorausfahrenden Zuges
08.10.2026;11:20;RB43;14763;Dortmund Hbf;Dorsten;7;nein;Herne-Wanne-Eickel Hbf;Warten auf einen entgegenkommenden Zug
08.10.2026;11:20;RB53;14926;Iserlohn;Dortmund Hbf;1;teilweise;Iserlohn;Technischer Defekt an einem anderen Zug
08.10.2026;11:20;RRB RB36;82325;Duisburg-Ruhrort;Oberhausen Hbf;1;nein;Duisburg-Meiderich Süd;
08.10.2026;11:20;RTB RB21;90808;Düren;Heimbach (Eifel);0;nein;Düren;
08.10.2026;11:21;Bus RE1;7802;Essen Hbf Kruppstraße/Am Thyssenhaus;Duisburg Hbf;;nein;Mülheim (Ruhr) Hbf;
08.10.2026;11:21;Bus RE14;67528;Bottrop Hbf;Dorsten;3;nein;Bottrop Hbf;
08.10.2026;11:21;ERB RB59;90374;Soest;Dortmund Hbf;8;nein;Dortmund Signal Iduna Park;
08.10.2026;11:21;ERB RB89;90067;Münster(Westf)Hbf;Paderborn Hbf;3;nein;Hamm-Westtünnen;
08.10.2026;11:21;NX RE11;26712;Hamm(Westf)Hbf;Essen Hbf;23;nein;Dortmund Hbf;Defekt an einem Signal
08.10.2026;11:21;NX RE4;26417;Aachen Hbf;Dortmund Hbf;18;teilweise;Aachen Hbf;Bauarbeiten
08.10.2026;11:21;RB40;30770;Hagen Hbf;Essen Hbf;5;nein;Hagen-Vorhalle;
08.10.2026;11:21;RE22;10021;Köln Messe/Deutz;Kall;2;nein;Köln Hbf;
08.10.2026;11:21;RE42;10131;Mönchengladbach Hbf;Münster(Westf)Hbf;11;nein;Mönchengladbach Hbf;Verspätung aus vorheriger Fahrt
08.10.2026;11:21;RE57;10798;Warburg(Westf);Bestwig;3;nein;Beringhausen;
08.10.2026;11:21;RRB S7;29146;Solingen Hbf;Wuppertal Hbf;3;nein;Wuppertal-Barmen;
08.10.2026;11:21;RTB RB21;90741;Düren;Jülich-Nord;0;nein;Düren;
08.10.2026;11:21;S1;30184;Dortmund Hbf;Essen Hbf;3;nein;Essen Hbf;
08.10.2026;11:21;VIA RB34;90508;Dalheim;Mönchengladbach Hbf;7;nein;Rheydt Hbf;Vorfahrt eines anderen Zuges
08.10.2026;11:22;NWB RB58;75250;Bremen Hbf;Osnabrück Hbf;10;nein;Halen;Vorfahrt eines anderen Zuges
08.10.2026;11:22;RRB RE44;26653;Moers;Bottrop Hbf;9;nein;Bottrop-Vonderort;Verspätung eines vorausfahrenden Zuges
08.10.2026;11:22;S1;56339;Essen West;Dortmund Hbf;12;teilweise;Essen West;Technische Störung am Zug, Defekt an der Strecke
08.10.2026;11:22;S23;32341;Euskirchen;Bonn Hbf;6;nein;Rheinbach Römerkanal;Verspätung eines vorausfahrenden Zuges
08.10.2026;11:22;S41;5010;Hergenrath;Aachen Hbf;5;nein;Aachen Hbf;
08.10.2026;11:22;TR RB26;25420;Mainz Hbf;Köln Messe/Deutz;1;ja;Bonn-Mehlem;
08.10.2026;11:23;Bus EV;93877;Bad Berleburg;Aue-Wingeshausen;0;nein;Bad Berleburg;
08.10.2026;11:23;RB RE22;10014;Trier Hbf;Kall;16;nein;Schmidtheim;Verspätung eines vorausfahrenden Zuges
08.10.2026;11:23;RB52;14662;Hagen Hbf;Dortmund Hbf;8;nein;Dortmund Hbf;Verspätung eines vorausfahrenden Zuges
08.10.2026;11:23;RB52;33812;Lüdenscheid;Rummenohl;1;nein;Dahlerbrück;
08.10.2026;11:23;RRB RE10;82267;Kleve;Düsseldorf Hbf;7;nein;Düsseldorf Hbf;Warten auf einen entgegenkommenden Zug
08.10.2026;11:23;SBH S1;34118;Hannover Hbf;Minden (Westf);3;nein;Minden (Westf);Vorfahrt eines anderen Zuges
08.10.2026;11:24;HLB RB90;61606;Limburg(Lahn);Siegen Hbf;15;nein;Niederschelden Nord Hp;Verspätung eines vorausfahrenden Zuges
08.10.2026;11:24;NWB RB84;74968;Paderborn Hbf;Kreiensen;14;nein;Brakel (Kr Höxter);Defekt an einem Bahnübergang, Verspätung eines vorausfahrenden Zuges
08.10.2026;11:24;NWB RB85;74923;Paderborn Hbf;Göttingen;14;nein;Brakel (Kr Höxter);Verspätung eines vorausfahrenden Zuges
08.10.2026;11:24;RE41;16225;Bochum Hbf;Haltern am See;3;nein;Recklinghausen Süd;
08.10.2026;11:24;S12;32258;Köln-Ehrenfeld;Au(Sieg);61;teilweise;Köln-Ehrenfeld;
08.10.2026;11:25;Bus RE1;7815;Duisburg Hbf;Essen Hbf Kruppstraße/Am Thyssenhaus;;nein;Duisburg Hbf;
08.10.2026;11:25;RE9;10912;Siegen Hbf;Aachen Hbf;27;nein;Porz (Rhein);Verspätung aus vorheriger Fahrt
08.10.2026;11:25;VIA RE19;20017;Arnhem Centraal;Düsseldorf Hbf;17;nein;Düsseldorf Flughafen;Bereitstellung weiterer Wagen
08.10.2026;11:25;VIA RE19;77017;Bocholt;Düsseldorf Hbf;17;nein;Düsseldorf Flughafen;Bereitstellung weiterer Wagen, Warten auf einen entgegenkommenden Zug
08.10.2026;11:26;Bus RE1;7804;Essen Hbf Kruppstraße/Am Thyssenhaus;Duisburg Hbf;;nein;Mülheim (Ruhr) Hbf;
08.10.2026;11:26;S3;30331;Hattingen(Ruhr) Mitte;Essen West;11;teilweise;Essen Hbf;Defekt an der Strecke
08.10.2026;11:27;ERB RB72;90655;Herford;Paderborn Hbf;10;nein;Altenbeken;Defekt an einem Bahnübergang, Vorfahrt eines anderen Zuges, Verspätung aus vorheriger Fahrt
08.10.2026;11:27;RE62;11506;Löhne(Westf);Rheine;1;nein;Bünde (Westf);
08.10.2026;11:27;RRB RB31;26010;Duisburg Hbf;Moers;7;nein;Moers;
08.10.2026;11:27;S19;31056;Düren;Troisdorf;8;nein;Troisdorf;Verspätung eines vorausfahrenden Zuges
08.10.2026;11:27;TR RB26;25421;Köln Messe/Deutz;Mainz Hbf;13;teilweise;Bonn Hbf;Defekt an einem Signal, Verspätung eines vorausfahrenden Zuges
08.10.2026;11:28;S6;56069;Köln-Worringen;Köln-Dellbrück;5;nein;Köln-Geldernstr./Parkgürtel;
08.10.2026;11:28;S8;30855;Mönchengladbach Hbf;Wuppertal-Oberbarmen;6;nein;Wuppertal-Barmen;
08.10.2026;11:28;S9;30928;Haltern am See;Wuppertal Hbf;28;nein;Essen-Überruhr;
08.10.2026;11:29;ERB RB59;90328;Soest;Dortmund Hbf;2;nein;Unna;
08.10.2026;11:29;RB38;10080;Horrem;Bedburg (Erft);2;nein;Zieverich;
08.10.2026;11:29;RB38;10264;Köln Messe/Deutz;Bedburg(Erft);2;nein;Köln Hbf;
08.10.2026;11:29;RE17;10716;Brilon Stadt;Hagen Hbf;6;nein;Schwerte (Ruhr);Verspätung eines vorausfahrenden Zuges
08.10.2026;11:29;VIA RB35;32910;Mönchengladbach Hbf;Duisburg-Hochfeld Süd;4;nein;Krefeld Hbf;Vorfahrt eines anderen Zuges
08.10.2026;11:29;VIA RB46;31445;Gelsenkirchen Hbf;Bochum Hbf;17;nein;Bochum-Riemke;Vorfahrt eines anderen Zuges
08.10.2026;11:30;Bus RE1;7817;Duisburg Hbf;Essen Hbf Kruppstraße/Am Thyssenhaus;;nein;Duisburg Hbf;
08.10.2026;11:30;RB25;10535;Lüdenscheid;Köln Hansaring;4;nein;Köln Trimbornstr;
08.10.2026;11:30;RB25;10538;Rösrath;Gummersbach;7;nein;Overath;Verspätung eines vorausfahrenden Zuges
08.10.2026;11:30;RB53;14923;Dortmund Hbf;Iserlohn;3;teilweise;Kalthof (Kr Iserlohn);Technischer Defekt an einem anderen Zug
08.10.2026;11:30;RE18;18929;Eygelshoven Markt;Aachen Hbf;3;nein;Herzogenrath;
08.10.2026;11:30;RE18;18930;Aachen Hbf;Eygelshoven Markt;9;nein;Herzogenrath;Verspätung eines vorausfahrenden Zuges
08.10.2026;11:30;RRB RE10;82264;Düsseldorf Hbf;Kleve;8;nein;Krefeld-Oppum;Vorfahrt eines anderen Zuges
08.10.2026;11:30;RRB RE14;89531;Bottrop Hbf;Essen Hbf;18;nein;Essen Hbf;Defekt an der Strecke
08.10.2026;11:31;Bus RE1;7806;Essen Hbf Kruppstraße/Am Thyssenhaus;Duisburg Hbf;;nein;Mülheim (Ruhr) Hbf;
08.10.2026;11:31;NX RE5;28512;Koblenz Hbf;Wesel;26;teilweise;Oberhausen-Sterkrade;Defekt an einem Signal, Defekt an der Strecke
08.10.2026;11:31;NX RE5;28514;Koblenz Hbf;Wesel;11;nein;Köln Hbf;Verspätung eines vorausfahrenden Zuges
08.10.2026;11:31;RE42;10125;Essen Hbf;Münster(Westf)Hbf;11;nein;Buldern;Verspätung aus vorheriger Fahrt
08.10.2026;11:31;RE49;30390;Essen Hbf;Wuppertal Hbf;8;nein;Velbert-Langenberg;
08.10.2026;11:31;RRB RE10;82260;Düsseldorf Hbf;Kleve;5;nein;Bedburg-Hau;
08.10.2026;11:31;RRB RE14;89530;Essen Hbf;Bottrop Hbf;7;ja;Essen Hbf;Technische Störung am Zug
08.10.2026;11:31;S2;30230;Essen Hbf;Dortmund Hbf;5;nein;Dortmund-Westerfilde;
08.10.2026;11:32;ICE 225;225;Amsterdam Centraal;München Hbf;15;nein;Siegburg/Bonn;Vorfahrt eines anderen Zuges
08.10.2026;11:32;RB25;10543;Lüdenscheid;Köln Hansaring;3;teilweise;Lüdenscheid;Unbefugte Personen auf der Strecke
08.10.2026;11:32;RTB RB28;90858;Euskirchen;Düren;0;nein;Euskirchen;
08.10.2026;11:32;S1;30178;Duisburg Hbf;Solingen Hbf;1;nein;Düsseldorf Flughafen;
08.10.2026;11:32;S4;30439;Unna;Dortmund-Lütgendortmund;3;nein;Dortmund-Brackel;
08.10.2026;11:33;ICE 1610;1610;Frankfurt(Main)Hbf;Köln Hbf;14;nein;Köln Hbf;Verspätung eines vorausfahrenden Zuges
08.10.2026;11:33;NWB RB58;75257;Osnabrück Hbf;Bremen Hbf;8;nein;Halen;Verspätung eines vorausfahrenden Zuges, Vorfahrt eines anderen Zuges
08.10.2026;11:33;NX RE1;26814;Hamm(Westf)Hbf;Aachen Hbf;51;nein;Düsseldorf Flughafen;Vorfahrt eines anderen Zuges, Verspätung aus vorheriger Fahrt
08.10.2026;11:33;RB RE22;10019;Kall;Trier Hbf;7;nein;Blankenheim (Wald);Verspätung eines vorausfahrenden Zuges
08.10.2026;11:33;RE41;16224;Haltern am See;Bochum Hbf;4;nein;Recklinghausen Süd;
08.10.2026;11:33;S11;32171;Bergisch Gladbach;Düsseldorf Flughafen Terminal;6;teilweise;Bergisch Gladbach;Defekt an der Strecke
08.10.2026;11:33;S3;30330;Essen West;Hattingen(Ruhr) Mitte;5;teilweise;Essen West;Defekt an der Strecke
08.10.2026;11:33;S8;30856;Wuppertal-Oberbarmen;Mönchengladbach Hbf;2;nein;Büttgen;
08.10.2026;11:33;VIA RE16;31310;Essen Hbf;Iserlohn;18;nein;Letmathe-Dechenhöhle;Vorfahrt eines anderen Zuges
08.10.2026;11:33;WFB RE15;90278;Münster(Westf)Hbf;Emden Hbf;1;nein;Rheine;
08.10.2026;11:34;ERB RB50;89931;Münster(Westf)Hbf;Dortmund Hbf;42;teilweise;Münster (Westf) Hbf;Defekt an der Strecke, Verspätung eines vorausfahrenden Zuges
08.10.2026;11:34;ERB RB71;89644;Bielefeld Hbf;Rahden;6;nein;Lübbecke (Westf);Bauarbeiten, Verspätung eines vorausfahrenden Zuges
08.10.2026;11:34;HLB RB96;61814;Dillenburg;Betzdorf(Sieg);1;nein;Niederdresselndorf;
08.10.2026;11:34;ICE 202;202;Basel SBB;Hamburg-Altona;7;nein;Düsseldorf Hbf;Polizeieinsatz, Verspätung eines vorausfahrenden Zuges
08.10.2026;11:34;NX RE7;17410;Krefeld Hbf;Rheine;52;teilweise;Greven;Defekt an einem Signal
08.10.2026;11:34;RB20;32813;Eschweiler-Weisweiler;Düren;0;ja;Langerwehe;Defektes Stellwerk
08.10.2026;11:34;RE42;10128;Münster(Westf)Hbf;Essen Hbf;21;nein;Sythen;Verspätung eines vorausfahrenden Zuges
08.10.2026;11:34;RE57;10973;Bestwig;Warburg(Westf);3;nein;Beringhausen;
08.10.2026;11:34;RE8;10814;Köln Messe/Deutz;Mönchengladbach Hbf;4;nein;Jüchen;
08.10.2026;11:34;RRB RB36;82326;Oberhausen Hbf;Duisburg-Ruhrort;1;nein;Duisburg-Obermeiderich;
08.10.2026;11:34;S12;32256;Horrem;Hennef(Sieg);17;nein;Troisdorf;Verspätung eines vorausfahrenden Zuges
08.10.2026;11:35;Bus RE1;7819;Duisburg Hbf;Essen Hbf Kruppstraße/Am Thyssenhaus;;nein;Duisburg Hbf;
08.10.2026;11:35;ERB RB65;52320;Münster(Westf)Hbf;Rheine;1;nein;Münster (Westf) Hbf;
08.10.2026;11:35;HLB RB90;61608;Limburg(Lahn);Siegen Hbf;3;nein;Geilhausen;Verspätung eines vorausfahrenden Zuges
08.10.2026;11:35;RTB RB21;90710;Jülich-Nord;Düren;0;nein;Düren;
08.10.2026;11:35;RTB RB21;90779;Untermaubach-Schlagstein;Düren;0;nein;Düren;
08.10.2026;11:35;SBH S1;34123;Minden (Westf);Hannover Hbf;6;nein;Minden (Westf);Vorfahrt eines anderen Zuges
08.10.2026;11:35;VIA RB46;31444;Bochum Hbf;Gelsenkirchen Hbf;6;nein;Herne-Wanne-Eickel Hbf;Vorfahrt eines anderen Zuges
08.10.2026;11:36;Bus RE1;7808;Essen Hbf Kruppstraße/Am Thyssenhaus;Duisburg Hbf;;nein;Mülheim (Ruhr) Hbf;
08.10.2026;11:36;ERB RE3;89880;Hamm(Westf)Hbf;Essen Hbf;4;nein;Bönen-Nordbögge;Verspätung eines vorausfahrenden Zuges
08.10.2026;11:36;NX RB48;17331;Wuppertal-Oberbarmen;Bonn-Mehlem;28;nein;Köln Hbf;Defekt an einem Signal, Vorfahrt eines anderen Zuges
08.10.2026;11:36;R S28;77202;Wuppertal Hbf;Kaarster See;4;nein;Neuss Rheinparkcenter;
08.10.2026;11:36;S1;56338;Dortmund Hbf;Essen West;4;teilweise;Essen Hbf;Defekt an der Strecke
08.10.2026;11:36;VIA RB39;56657;Neuss Hbf;Grevenbroich;1;nein;Neuss Hbf;
08.10.2026;11:37;ERB RB66;90593;Osnabrück Hbf;Münster(Westf)Hbf;1;nein;Kattenvenne;
08.10.2026;11:37;ERB RB69;89976;Bielefeld Hbf;Hamm(Westf)Hbf;;ja;Bielefeld Hbf;Defektes Stellwerk
08.10.2026;11:37;ICE 728;728;München Hbf;Düsseldorf Hbf;11;nein;Düsseldorf Hbf;Verspätung eines vorausfahrenden Zuges
08.10.2026;11:37;NX RB48;17328;Köln Hbf;Wuppertal-Oberbarmen;12;nein;Wuppertal Hbf;
08.10.2026;11:37;R S28;77195;Kaarster See;Mettmann Stadtwald;3;nein;Neuss Hbf;
08.10.2026;11:37;RB32;31256;Oberhausen Hbf;Dortmund Hbf;13;nein;Essen-Dellwig;Verspätung eines vorausfahrenden Zuges
08.10.2026;11:37;RB33;10372;Aachen Hbf;Heinsberg(Rheinl);0;ja;Aachen Hbf;Defekt an der Strecke
08.10.2026;11:37;RB52;33813;Rummenohl;Lüdenscheid;8;nein;Schalksmühle;Verspätung eines vorausfahrenden Zuges
08.10.2026;11:37;S1;30188;Dortmund Hbf;Essen Hbf;12;nein;Wattenscheid-Höntrop;
08.10.2026;11:37;S19;31069;Blankenberg (Sieg);Düren;29;teilweise;Blankenberg (Sieg);Verspätung aus vorheriger Fahrt, Behördliche Maßnahme
08.10.2026;11:37;S41;5032;Aachen Hbf;Hergenrath;1;nein;Aachen Hbf;
08.10.2026;11:38;Bus RB31;62019;Xanten;Moers;1;nein;Alpen;
08.10.2026;11:38;ICE 847;847;Köln Hbf;Berlin Hbf;24;nein;Bielefeld Hbf;Defektes Stellwerk, Vorfahrt eines anderen Zuges
08.10.2026;11:38;ICE 857;857;Köln Hbf;Berlin Hbf;24;nein;Bielefeld Hbf;Defektes Stellwerk, Vorfahrt eines anderen Zuges
08.10.2026;11:38;S5;31536;Dortmund Hbf;Hagen Hbf;1;nein;Dortmund-Kruckel;
08.10.2026;11:39;NX RE1;26813;Aachen Hbf;Hamm(Westf)Hbf;32;nein;Hamm (Westf) Hbf;Verspätung eines vorausfahrenden Zuges, Vorfahrt eines anderen Zuges
08.10.2026;11:39;RE2;10214;Osnabrück Hbf;Essen Hbf;7;nein;Dülmen;Verspätung eines vorausfahrenden Zuges
08.10.2026;11:39;S1;30197;Solingen Hbf;Duisburg Hbf;4;nein;Hilden Süd;
08.10.2026;11:39;TRI RE100;28076;Essen Hbf;Düsseldorf Hbf;2;nein;Essen Hbf;
08.10.2026;11:39;VIA RB35;52255;Gelsenkirchen Hbf;Oberhausen Hbf;9;nein;Gelsenkirchen Hbf;Verspätung aus vorheriger Fahrt
08.10.2026;11:40;Bus RE1;7821;Duisburg Hbf;Essen Hbf Kruppstraße/Am Thyssenhaus;;nein;Duisburg Hbf;
08.10.2026;11:40;ERB RE3;89877;Essen Hbf;Hamm(Westf)Hbf;3;nein;Essen Hbf;Defekt an der Strecke, Verspätung eines vorausfahrenden Zuges
08.10.2026;11:40;NX RB48;17335;Wuppertal-Oberbarmen;Bonn-Mehlem;50;teilweise;Wuppertal-Oberbarmen;Verspätung aus vorheriger Fahrt
08.10.2026;11:40;RB40;30769;Essen Hbf;Hagen Hbf;5;nein;Hagen-Vorhalle;
08.10.2026;11:40;RE47;89318;Düsseldorf Hbf;Remscheid-Lennep;0;nein;Düsseldorf Hbf;
08.10.2026;11:40;S19;52791;Troisdorf;Sindorf;23;teilweise;Köln Hbf;Verspätung eines vorausfahrenden Zuges, Verspätung aus vorheriger Fahrt
08.10.2026;11:40;S5;31535;Witten Hbf;Dortmund Hbf;1;nein;Witten-Annen Nord;
08.10.2026;11:40;VIA RB91;31359;Siegen Hbf;Welschen Ennest;19;nein;Siegen Hbf;Bauarbeiten
08.10.2026;11:41;Bus RE1;7810;Essen Hbf Kruppstraße/Am Thyssenhaus;Duisburg Hbf;;nein;Mülheim (Ruhr) Hbf;
08.10.2026;11:41;NX RE4;26415;Aachen Hbf;Dortmund Hbf;17;nein;Düsseldorf Hbf;
08.10.2026;11:41;RB27;10621;Mönchengladbach Hbf;Köln Messe/Deutz;5;nein;Mönchengladbach Hbf;Verspätung eines vorausfahrenden Zuges
08.10.2026;11:41;RB51;14621;Lünen Hbf;Dortmund Hbf;11;nein;Dortmund-Kirchderne;Verspätung eines vorausfahrenden Zuges, Verspätung aus vorheriger Fahrt
08.10.2026;11:41;RB54;14830;Neuenrade;Fröndenberg;2;nein;Menden (Sauerland);
08.10.2026;11:42;ERB RB59;90375;Dortmund Hbf;Soest;6;nein;Dortmund-Hörde;Verspätung aus vorheriger Fahrt
08.10.2026;11:42;ICE 954;954;Berlin Hbf;Köln Hbf;69;nein;Wuppertal Hbf;Defekt an der Strecke, Defektes Stellwerk, Vorfahrt eines anderen Zuges
08.10.2026;11:42;RE22;10014;Kall;Köln Messe/Deutz;14;nein;Kall;Verspätung eines vorausfahrenden Zuges
08.10.2026;11:42;RE57;10759;Dortmund Hbf;Winterberg(Westf);15;nein;Meschede;Verspätung eines vorausfahrenden Zuges
08.10.2026;11:42;RE57;10795;Dortmund Hbf;Warburg(Westf);15;nein;Meschede;Verspätung eines vorausfahrenden Zuges
08.10.2026;11:42;RRB S7;29159;Wuppertal Hbf;Solingen Hbf;4;nein;Wuppertal-Oberbarmen;
08.10.2026;11:42;VIA RB34;90509;Mönchengladbach Hbf;Dalheim;4;nein;Mönchengladbach-Rheindahlen;Vorfahrt eines anderen Zuges
08.10.2026;11:43;RE2;10213;Essen Hbf;Osnabrück Hbf;4;nein;Westbevern;Verspätung eines vorausfahrenden Zuges
08.10.2026;11:43;S1;30196;Dortmund Hbf;Essen Hbf;4;nein;Dortmund-Dorstfeld Süd;
08.10.2026;11:43;S19;31068;Düren;Troisdorf;15;teilweise;Düren;Unbefugte Personen auf der Strecke
08.10.2026;11:43;S23;32342;Bonn Hbf;Bad Münstereifel;1;nein;Bonn-Endenich Nord;
08.10.2026;11:43;S6;30666;Essen Hbf;Düsseldorf Hbf;3;nein;Kettwig;
08.10.2026;11:44;S1;30174;Duisburg Hbf;Solingen Hbf;2;nein;Solingen Vogelpark;
08.10.2026;11:44;S11;32180;Düsseldorf Flughafen Terminal;Bergisch Gladbach;17;teilweise;Düsseldorf Flughafen Terminal;Technische Störung am Zug
08.10.2026;11:44;S2;30233;Dortmund Hbf;Essen Hbf;7;nein;Herne;Verspätung eines vorausfahrenden Zuges
08.10.2026;11:44;S9;30931;Wuppertal Hbf;Haltern am See;10;nein;Essen West;
08.10.2026;11:45;Bus RE1;7823;Duisburg Hbf;Essen Hbf Kruppstraße/Am Thyssenhaus;;nein;Duisburg Hbf;
08.10.2026;11:45;ERB RE78;52279;Bielefeld Hbf;Nienburg(Weser);12;nein;Bad Oeynhausen;Verspätung eines vorausfahrenden Zuges
08.10.2026;11:45;RB25;10539;Lüdenscheid;Köln Hansaring;5;nein;Engelskirchen;
08.10.2026;11:45;RE17;10715;Hagen Hbf;Brilon Stadt;4;nein;Brilon Wald;Verspätung eines vorausfahrenden Zuges
08.10.2026;11:45;WFB RE15;90277;Emden Hbf;Münster(Westf)Hbf;3;nein;Greven;Verspätung eines vorausfahrenden Zuges
08.10.2026;11:46;Bus RE1;7812;Essen Hbf Kruppstraße/Am Thyssenhaus;Duisburg Hbf;;nein;Mülheim (Ruhr) Hbf;
08.10.2026;11:46;RRB RB31;26017;Moers;Duisburg Hbf;1;nein;Duisburg Hbf;
08.10.2026;11:47;HLB RB95;28687;Siegen Hbf;Dillenburg;3;nein;Wilnsdorf-Rudersdorf;
08.10.2026;11:47;RB20;30567;Alsdorf-Annapark;Stolberg-Altstadt;6;nein;Stolberg (Rheinl) Hbf;
08.10.2026;11:47;RE49;30393;Wuppertal Hbf;Essen Hbf;7;nein;Essen Hbf;
08.10.2026;11:47;RRB S7;29148;Solingen Hbf;Wuppertal Hbf;9;nein;Wuppertal Hbf;
08.10.2026;11:47;S1;30183;Essen Hbf;Dortmund Hbf;4;nein;Essen-Steele Ost;
08.10.2026;11:47;S4;30440;Dortmund-Lütgendortmund;Unna;28;teilweise;Unna-Königsborn;Polizeieinsatz
08.10.2026;11:48;VIA RE16;29977;Iserlohn;Iserlohn-Letmathe;12;nein;Iserlohn;Vorfahrt eines anderen Zuges
08.10.2026;11:49;Bus RB54;54014;Bahnhof, Unna;Ardey Bahnhof, Fröndenberg;;nein;Fröndenberg-Frömern;
08.10.2026;11:49;ERB RB89;90069;Münster(Westf)Hbf;Paderborn Hbf;17;nein;Rinkerode;Defekt an der Strecke, Defekt an einem Bahnübergang, Verspätung aus vorheriger Fahrt
08.10.2026;11:49;ICE 1745;1745;Dortmund Hbf;Leipzig Hbf;8;nein;Paderborn Hbf;Vorfahrt eines anderen Zuges
08.10.2026;11:49;RB20;30512;Langerwehe;Alsdorf-Annapark;25;teilweise;Herzogenrath;Defektes Stellwerk, Verspätung aus vorheriger Fahrt
08.10.2026;11:49;RB20;30562;Stolberg-Altstadt;Alsdorf-Annapark;18;teilweise;Herzogenrath;Defektes Stellwerk, Verspätung aus vorheriger Fahrt
08.10.2026;11:49;RRB RB31;26060;Duisburg Hbf;Moers;6;nein;Rheinhausen;
08.10.2026;11:49;S6;30657;Düsseldorf Hbf;Essen Hbf;5;nein;Essen Süd;
08.10.2026;11:50;Bus RE1;7825;Duisburg Hbf;Essen Hbf Kruppstraße/Am Thyssenhaus;;nein;Duisburg Hbf;
08.10.2026;11:50;ERB RB71;89645;Rahden;Bielefeld Hbf;6;nein;Kirchlengern;Verspätung eines vorausfahrenden Zuges
08.10.2026;11:50;ERB RB73;90235;Bielefeld Hbf;Lemgo-Lüttfeld;3;nein;Hörstmar (Lippe);Verspätung eines vorausfahrenden Zuges
08.10.2026;11:50;ERB RE82;79351;Altenbeken;Bielefeld Hbf;23;nein;Lage (Lippe);Defekt an einem Bahnübergang, Vorfahrt eines anderen Zuges, Verspätung aus vorheriger Fahrt
08.10.2026;11:50;HLB RE34;28564;Kirchhundem-Welschen Ennest;Siegen Hbf;13;nein;Siegen Hbf;Verzögerungen im Betriebsablauf
08.10.2026;11:50;ICE 1012;1012;München Hbf;Dortmund Hbf;56;nein;Dortmund Hbf;Bereitstellung weiterer Wagen, Technische Störung am Zug, Defekt an der Strecke
08.10.2026;11:50;ICE 849;849;Düsseldorf Hbf;Berlin Hbf;56;teilweise;Düsseldorf Hbf;Bereitstellung weiterer Wagen, Defektes Stellwerk
08.10.2026;11:50;RB20;30016;Eschweiler-Weisweiler;Stolberg(Rheinl)Hbf Gl.44;4;ja;Stolberg (Rheinl) Hbf;Defektes Stellwerk
08.10.2026;11:50;RB32;31257;Dortmund Hbf;Oberhausen Hbf;11;nein;Herne;Verspätung eines vorausfahrenden Zuges
08.10.2026;11:50;RB53;14928;Iserlohn;Dortmund Hbf;2;teilweise;Iserlohn;Technischer Defekt an einem anderen Zug
08.10.2026;11:50;RE10;22505;Kleve;Düsseldorf Hbf;9;nein;Düsseldorf-Bilk;Verspätung eines vorausfahrenden Zuges
08.10.2026;11:50;RRB RB36;82327;Duisburg-Ruhrort;Oberhausen Hbf;1;nein;Duisburg-Meiderich Süd;
08.10.2026;11:50;RTB RB21;90713;Düren;Linnich Bhf;0;nein;Düren;
08.10.2026;11:50;RTB RB21;90780;Düren;Untermaubach-Schlagstein;0;nein;Düren;
08.10.2026;11:50;S12;32260;Köln-Ehrenfeld;Hennef(Sieg);8;nein;Köln Hbf;Verspätung eines vorausfahrenden Zuges
08.10.2026;11:50;TRI RB37;89410;Neuss Hbf;Krefeld Hbf;11;nein;Krefeld-Oppum;
08.10.2026;11:51;Bus RE1;7814;Essen Hbf Kruppstraße/Am Thyssenhaus;Duisburg Hbf;;nein;Mülheim (Ruhr) Hbf;
08.10.2026;11:51;ERB RE13;20074;Hamm(Westf)Hbf;Venlo;11;nein;Düsseldorf-Bilk;Verspätung eines vorausfahrenden Zuges, Vorfahrt eines anderen Zuges
08.10.2026;11:51;RB24;10417;Köln Messe/Deutz;Kall;9;nein;Köln West;Verspätung eines vorausfahrenden Zuges
08.10.2026;11:51;RB54;14829;Fröndenberg;Menden(Sauerland);2;nein;Bösperde;
08.10.2026;11:51;RB94;23160;Marburg(Lahn);Erndtebrück;9;nein;Erndtebrück;Verspätung aus vorheriger Fahrt
08.10.2026;11:51;RE49;56782;Wesel;Oberhausen Hbf;2;nein;Oberhausen Hbf;
08.10.2026;11:51;RE9;10911;Aachen Hbf;Siegen Hbf;28;nein;Siegen Hbf;Verspätung eines vorausfahrenden Zuges
08.10.2026;11:51;SBH S5;34552;Paderborn Hbf;Hannover Flughafen;7;nein;Schieder;Verspätung eines vorausfahrenden Zuges, Vorfahrt eines anderen Zuges
08.10.2026;11:52;NWB RB84;74969;Holzminden;Paderborn Hbf;7;nein;Altenbeken;
08.10.2026;11:52;NWB RB85;74916;Göttingen;Paderborn Hbf;7;nein;Altenbeken;Vorfahrt eines anderen Zuges
08.10.2026;11:52;NX RB48;17332;Köln Hbf;Wuppertal-Oberbarmen;4;nein;Köln Hbf;
08.10.2026;11:52;RB63;14717;Coesfeld(Westf);Münster(W)Zentrum Nord;10;teilweise;Münster (Westf) Hbf;Längere Haltezeit am Bahnhof, Warten auf einen entgegenkommenden Zug
08.10.2026;11:52;RRB RE10;82262;Düsseldorf Hbf;Kleve;15;nein;Goch;Verspätung eines vorausfahrenden Zuges
08.10.2026;11:52;S1;30193;Solingen Hbf;Duisburg Hbf;5;nein;Angermund;
08.10.2026;11:52;S1;56341;Essen West;Dortmund Hbf;2;teilweise;Essen West;Defekt an der Strecke
08.10.2026;11:53;S11;32173;Bergisch Gladbach;Düsseldorf Flughafen Terminal;1;ja;Bergisch Gladbach;Defekt an einem Signal, Defekt an der Strecke
08.10.2026;11:53;VIA RB46;31447;Gelsenkirchen Hbf;Bochum Hbf;6;nein;Herne-Wanne-Eickel Hbf;Vorfahrt eines anderen Zuges
08.10.2026;11:54;HLB RB90;61714;Betzdorf(Sieg);Siegen Hbf;23;nein;Niederschelden Nord Hp;Verzögerungen im Betriebsablauf
08.10.2026;11:54;HLB RE99;15109;Siegen Hbf;Frankfurt(Main)Hbf;12;nein;Siegen Hbf;Vorfahrt eines anderen Zuges
08.10.2026;11:54;ICE 517;517;Hamburg-Altona;München Hbf;58;nein;Köln Hbf;Defekt an der Strecke, Verspätung eines vorausfahrenden Zuges
08.10.2026;11:54;R S28;77206;Wuppertal Hbf;Kaarster See;3;nein;Düsseldorf-Hamm;
08.10.2026;11:55;Bus RE1;7827;Duisburg Hbf;Essen Hbf Kruppstraße/Am Thyssenhaus;;nein;Duisburg Hbf;
08.10.2026;11:55;RRB S7;29163;Wuppertal Hbf;Solingen Hbf;7;nein;Wuppertal-Unterbarmen;Vorfahrt eines anderen Zuges
08.10.2026;11:55;VIA RE16;31317;Iserlohn;Essen Hbf;3;nein;Wetter (Ruhr);
08.10.2026;11:56;Bus RE1;7816;Essen Hbf Kruppstraße/Am Thyssenhaus;Duisburg Hbf;;nein;Mülheim (Ruhr) Hbf;
08.10.2026;11:56;Bus RE14;67524;Bottrop Hbf;Borken(Westf);1;teilweise;Deuten;
08.10.2026;11:56;IC 2204;2204;Köln Hbf;Emden Außenhafen;21;nein;Rheine;Verspätete Bereitstellung
08.10.2026;11:56;ICE 614;614;München Hbf;Hamburg-Altona;27;nein;Münster (Westf) Hbf;Defekt an der Strecke
08.10.2026;11:56;RB33;10373;Heinsberg(Rheinl);Aachen Hbf;6;ja;Lindern;Defekt an der Strecke
08.10.2026;11:56;S3;30333;Hattingen(Ruhr) Mitte;Essen West;8;teilweise;Essen Hbf;Defekt an der Strecke
08.10.2026;11:56;S6;30661;Düsseldorf Hbf;Essen Hbf;1;nein;Düsseldorf-Derendorf;
08.10.2026;11:56;S6;56064;Köln-Dellbrück;Köln-Worringen;3;nein;Köln Volkhovener Weg;
08.10.2026;11:57;RTB RB28;90859;Düren;Euskirchen;1;nein;Euskirchen;
08.10.2026;11:57;S6;56071;Köln-Worringen;Köln-Dellbrück;5;nein;Köln Hbf;
08.10.2026;11:58;RB51;20266;Dortmund Hbf;Enschede;22;nein;Dortmund-Kirchderne;Verspätung aus vorheriger Fahrt
08.10.2026;11:58;S4;30444;Dortmund-Lütgendortmund;Unna;2;nein;Dortmund-Somborn;
08.10.2026;11:59;RB77;14565;Herford;Hildesheim Hbf;13;nein;Vlotho;Verspätung eines vorausfahrenden Zuges
08.10.2026;12:00;Bus EV;92950;Finnentrop;Olpe;0;nein;Finnentrop;
08.10.2026;12:00;Bus RE1;7829;Duisburg Hbf;Essen Hbf Kruppstraße/Am Thyssenhaus;;nein;Duisburg Hbf;
08.10.2026;12:00;RB51;20261;Enschede;Dortmund Hbf;6;nein;Dortmund-Kirchderne;Warten auf einen entgegenkommenden Zug
08.10.2026;12:00;RB53;14925;Dortmund Hbf;Iserlohn;3;teilweise;Kalthof (Kr Iserlohn);Technischer Defekt an einem anderen Zug
08.10.2026;12:00;RB54;14832;Menden(Sauerland);Fröndenberg;0;nein;Menden (Sauerland);
08.10.2026;12:00;RE18;18931;Eygelshoven Markt;Aachen Hbf;2;nein;Herzogenrath;
08.10.2026;12:00;RE18;18932;Aachen Hbf;Eygelshoven Markt;10;nein;Herzogenrath;Verspätung aus vorheriger Fahrt
08.10.2026;12:00;RRB RE10;82266;Düsseldorf Hbf;Kleve;6;nein;Krefeld-Oppum;Verspätung eines vorausfahrenden Zuges, Vorfahrt eines anderen Zuges
08.10.2026;12:00;RRB RE44;26652;Bottrop Hbf;Moers;13;nein;Rheinhausen;
08.10.2026;12:00;S1;30186;Duisburg Hbf;Solingen Hbf;1;nein;Duisburg-Buchholz;
08.10.2026;12:00;S8;30861;Mönchengladbach Hbf;Hagen Hbf;9;nein;Wuppertal-Steinbeck;Verspätung eines vorausfahrenden Zuges
08.10.2026;12:00;VIA RB39;56612;Bedburg (Erft);Düsseldorf Hbf;8;nein;Düsseldorf-Bilk;Verzögerungen im Betriebsablauf
08.10.2026;12:00;VIA RB91;31346;Hagen Hbf;Lennestadt-Altenhundem;3;teilweise;Iserlohn-Letmathe;
08.10.2026;12:01;Bus EV;92925;Olpe;Finnentrop;0;nein;Olpe;
08.10.2026;12:01;Bus RE1;7818;Essen Hbf Kruppstraße/Am Thyssenhaus;Duisburg Hbf;;nein;Mülheim (Ruhr) Hbf;
08.10.2026;12:01;ERB RB50;89930;Dortmund Hbf;Münster(Westf)Hbf;30;nein;Capelle (Westf);Defekt an einem Signal, Defekt an der Strecke, Vorfahrt eines anderen Zuges, Verspätung aus vorheriger Fahrt
08.10.2026;12:01;ICE 726;726;München Hbf;Düsseldorf Hbf;9;nein;Siegburg/Bonn;Längere Haltezeit am Bahnhof, Verfügbarkeit der Gleise derzeit eingeschränkt
08.10.2026;12:01;RB52;14664;Hagen Hbf;Dortmund Hbf;5;nein;Herdecke;Außerplanmäßige Geschwindigkeitsbeschränkung
08.10.2026;12:01;RB63;14716;Münster(W)Zentrum Nord;Coesfeld(Westf);7;teilweise;Münster Zentrum Nord;Längere Haltezeit am Bahnhof
08.10.2026;12:01;RRB RE14;89533;Bottrop Hbf;Essen Hbf;8;nein;Essen Hbf;
08.10.2026;12:01;S19;31064;Düren;Troisdorf;3;nein;Köln Hbf;Unbefugte Personen auf der Strecke
08.10.2026;12:01;S4;30442;Dortmund-Lütgendortmund;Unna;4;teilweise;Dortmund-Asseln Mitte;Polizeieinsatz
08.10.2026;12:02;ERB RE78;52280;Nienburg(Weser);Bielefeld Hbf;3;nein;Minden (Westf);Defekt an einer Weiche
08.10.2026;12:02;HLB RB90;61709;Siegen Hbf;Betzdorf(Sieg);16;nein;Eiserfeld (Sieg);Vorfahrt eines anderen Zuges
08.10.2026;12:02;HLB RB93;61875;Aue-Wingeshausen;Siegen Hbf;19;nein;Siegen Hbf;Verspätung eines vorausfahrenden Zuges, Warten auf einen entgegenkommenden Zug
08.10.2026;12:02;NX RB48;17334;Bonn-Mehlem;Wuppertal-Oberbarmen;15;nein;Bornheim-Sechtem;Vorfahrt eines anderen Zuges
08.10.2026;12:02;RB94;23165;Erndtebrück;Marburg(Lahn);6;nein;Erndtebrück;
08.10.2026;12:02;SBH S5;34543;Hannover Flughafen;Paderborn Hbf;0;ja;Lügde;
08.10.2026;12:03;ERB RB89;90018;Paderborn Hbf;Münster(Westf)Hbf;15;nein;Welver;Außerplanmäßige Geschwindigkeitsbeschränkung, Verspätung aus vorheriger Fahrt
08.10.2026;12:03;RB20;30517;Alsdorf-Annapark;Langerwehe;9;nein;Langerwehe;Verspätung eines vorausfahrenden Zuges
08.10.2026;12:03;S3;30332;Essen West;Hattingen(Ruhr) Mitte;7;teilweise;Essen West;Defekt an der Strecke
08.10.2026;12:03;S6;30668;Essen Hbf;Düsseldorf Hbf;2;nein;Kettwig;
08.10.2026;12:04;ERB RB89;90068;Paderborn Hbf;Münster(Westf)Hbf;10;nein;Geseke;Verspätung eines vorausfahrenden Zuges, Vorfahrt eines anderen Zuges
08.10.2026;12:04;NWB RB75;75135;Bielefeld Hbf;Osnabrück Hbf;3;nein;Bielefeld-Brackwede;
08.10.2026;12:04;RRB RB36;82328;Oberhausen Hbf;Duisburg-Ruhrort;1;nein;Duisburg-Obermeiderich;
08.10.2026;12:04;RTB RB21;90740;Linnich Bhf;Düren;1;nein;Düren;
08.10.2026;12:04;S11;32184;Düsseldorf Flughafen Terminal;Bergisch Gladbach;17;teilweise;Düsseldorf Flughafen Terminal;Defekt an der Strecke
08.10.2026;12:04;S6;56068;Köln-Dellbrück;Köln-Worringen;9;nein;Köln Hbf;Verspätung eines vorausfahrenden Zuges
08.10.2026;12:04;VIA RB39;56656;Grevenbroich;Neuss Hbf;1;nein;Grevenbroich;
08.10.2026;12:05;Bus RE1;7831;Duisburg Hbf;Essen Hbf Kruppstraße/Am Thyssenhaus;;nein;Duisburg Hbf;
08.10.2026;12:05;HLB RE99;15110;Frankfurt(Main)Hbf;Siegen Hbf;31;nein;Siegen Hbf;
08.10.2026;12:05;RB20;30066;Stolberg-Altstadt;Stolberg(Rheinl)Hbf Gl.44;6;nein;Aachen Schanz;Verspätung eines vorausfahrenden Zuges
08.10.2026;12:05;RB77;14562;Hildesheim Hbf;Herford;18;nein;Bad Oeynhausen Süd;Verspätung eines vorausfahrenden Zuges
08.10.2026;12:05;RTB RB21;90809;Heimbach (Eifel);Düren;0;nein;Düren;
08.10.2026;12:05;S5;31538;Dortmund Hbf;Witten Hbf;1;nein;Dortmund-Barop;
08.10.2026;12:05;TRI RB37;89413;Krefeld Hbf;Neuss Hbf;3;nein;Krefeld Hbf;
08.10.2026;12:06;Bus RE1;7820;Essen Hbf Kruppstraße/Am Thyssenhaus;Duisburg Hbf;;nein;Mülheim (Ruhr) Hbf;
08.10.2026;12:06;ERB RB65;52325;Rheine;Münster(Westf)Hbf;6;nein;Reckenfeld;Verspätung eines vorausfahrenden Zuges
08.10.2026;12:06;ICE 547;547;Düsseldorf Hbf;Berlin Hbf;42;nein;Hamm (Westf) Hbf;Längere Haltezeit am Bahnhof, Defektes Stellwerk, Vorfahrt eines anderen Zuges, Verspätetes Personal aus vorheriger Fahrt
08.10.2026;12:06;NWB RB74;75033;Bielefeld Hbf;Paderborn Hbf;28;nein;Hövelhof;Defekt an einem Bahnübergang, Vorfahrt eines anderen Zuges
08.10.2026;12:06;S1;56340;Dortmund Hbf;Essen West;2;teilweise;Essen Hbf;Defekt an der Strecke
08.10.2026;12:06;S19;31065;Troisdorf;Düren;23;nein;Köln-Ehrenfeld;Verspätung eines vorausfahrenden Zuges
08.10.2026;12:06;S6;30659;Düsseldorf Hbf;Essen Hbf;5;nein;Essen Stadtwald;
08.10.2026;12:06;S8;30867;Mönchengladbach Hbf;Wuppertal-Oberbarmen;2;nein;Düsseldorf-Friedrichstadt;
08.10.2026;12:06;VIA RB35;52250;Oberhausen Hbf;Gelsenkirchen Hbf;11;nein;Essen-Dellwig;Verspätung aus vorheriger Fahrt
08.10.2026;12:07;Bus RE14;67543;Borken (Westf);Bottrop Hbf;3;teilweise;Deuten;
08.10.2026;12:07;NWB RB74;75032;Paderborn Hbf;Bielefeld Hbf;25;nein;Bielefeld Hbf;Defekt an einer Weiche
08.10.2026;12:07;RB25;10541;Gummersbach;Rösrath;6;nein;Ründeroth;
08.10.2026;12:07;RE47;89321;Remscheid-Lennep;Düsseldorf Hbf;3;nein;Hilden;Verspätung eines vorausfahrenden Zuges
08.10.2026;12:07;RE8;10819;Mönchengladbach Hbf;Köln Messe/Deutz;2;nein;Mönchengladbach Hbf;
08.10.2026;12:07;S11;32172;Düsseldorf Flughafen Terminal;Bergisch Gladbach;12;nein;Köln Hbf;Verspätung eines vorausfahrenden Zuges
08.10.2026;12:07;VIA RE16;29972;Iserlohn-Letmathe;Iserlohn;8;nein;Letmathe-Dechenhöhle;Vorfahrt eines anderen Zuges
08.10.2026;12:08;Bus RB54;54017;Ardey Bahnhof, Fröndenberg;Bahnhof, Unna;;nein;Fröndenberg-Frömern;
08.10.2026;12:08;ERB RB59;90331;Dortmund Hbf;Soest;1;nein;Dortmund Signal Iduna Park;
08.10.2026;12:08;HLB RE34;28567;Siegen Hbf;Kirchhundem-Welschen Ennest;0;nein;Siegen Hbf;
08.10.2026;12:08;NX RE11;26714;Kassel-Wilhelmshöhe;Essen Hbf;19;nein;Kamen;Defekt an der Strecke
08.10.2026;12:08;NX RE7;17419;Rheine;Krefeld Hbf;22;teilweise;Rheine;Defekt an einem Signal, Verspätung eines vorausfahrenden Zuges
08.10.2026;12:08;RB38;10263;Bedburg (Erft);Köln Messe/Deutz;6;nein;Horrem;Verspätung eines vorausfahrenden Zuges
08.10.2026;12:08;RB52;14665;Dortmund Hbf;Hagen Hbf;12;nein;Hagen Hbf;Verspätung eines vorausfahrenden Zuges
08.10.2026;12:08;RB54;14831;Fröndenberg;Neuenrade;2;nein;Fröndenberg;
08.10.2026;12:08;RB64;20214;Münster(Westf)Hbf;Enschede;3;nein;Münster (Westf) Hbf;
08.10.2026;12:08;S4;30443;Unna;Dortmund-Lütgendortmund;23;teilweise;Unna;Polizeieinsatz
08.10.2026;12:08;WFB RE60;95779;Rheine;Braunschweig Hbf;13;nein;Minden (Westf);Verspätung eines vorausfahrenden Zuges
08.10.2026;12:09;Bus RB31;62021;Xanten;Moers;0;nein;Xanten;
08.10.2026;12:09;RB43;14765;Dortmund Hbf;Dorsten;5;nein;Herne;Verspätung eines vorausfahrenden Zuges
08.10.2026;12:09;S12;32257;Hennef (Sieg);Horrem;27;nein;Horrem;Verspätung eines vorausfahrenden Zuges
08.10.2026;12:10;Bus RE1;7833;Duisburg Hbf;Essen Hbf Kruppstraße/Am Thyssenhaus;;nein;Duisburg Hbf;
08.10.2026;12:10;ERB RB66;90594;Münster(Westf)Hbf;Osnabrück Hbf;9;nein;Westbevern;Vorfahrt eines anderen Zuges, Verspätung aus vorheriger Fahrt
08.10.2026;12:10;RE57;10756;Winterberg(Westf);Dortmund Hbf;6;nein;Dortmund-Hörde;Bereitstellung weiterer Wagen
08.10.2026;12:10;RE57;10796;Warburg(Westf);Dortmund Hbf;6;nein;Dortmund-Hörde;Bereitstellung weiterer Wagen
08.10.2026;12:10;S5;31537;Hagen Hbf;Dortmund Hbf;2;nein;Witten-Annen Nord;
08.10.2026;12:11;Bus RE1;7822;Essen Hbf Kruppstraße/Am Thyssenhaus;Duisburg Hbf;;nein;Mülheim (Ruhr) Hbf;
08.10.2026;12:11;NX RE5;28517;Wesel;Koblenz Hbf;16;teilweise;Wesel;Defekt an einem Signal
08.10.2026;12:11;RE10;22506;Düsseldorf Hbf;Kleve;6;nein;Düsseldorf-Bilk;Verspätung eines vorausfahrenden Zuges
08.10.2026;12:11;VIA RB39;56615;Düsseldorf Hbf;Bedburg(Erft);16;nein;Holzheim (b Neuss);Vorfahrt eines anderen Zuges
08.10.2026;12:11;VIA RB46;31446;Bochum Hbf;Gelsenkirchen Hbf;11;nein;Gelsenkirchen Hbf;Vorfahrt eines anderen Zuges
08.10.2026;12:12;NX RB48;17337;Wuppertal-Oberbarmen;Köln Hbf;3;nein;Wuppertal-Oberbarmen;
08.10.2026;12:12;RB25;10542;Rösrath;Gummersbach;3;nein;Hoffnungsthal;
08.10.2026;12:12;RB43;14766;Dorsten;Dortmund Hbf;1;nein;Feldhausen;
08.10.2026;12:12;RB51;14614;Dortmund Hbf;Lünen Hbf;3;ja;Dortmund Hbf;Defekt an einem Signal
08.10.2026;12:12;RE49;56783;Oberhausen Hbf;Wesel;2;nein;Oberhausen-Sterkrade;
08.10.2026;12:12;S12;32261;Hennef (Sieg);Köln-Ehrenfeld;12;teilweise;Köln Hansaring;Verspätung eines vorausfahrenden Zuges, Verspätung aus vorheriger Fahrt
08.10.2026;12:12;S23;32347;Bad Münstereifel;Bonn Hbf;2;nein;Bad Münstereifel Arloff;
08.10.2026;12:12;TR RB26;25423;Köln Messe/Deutz;Mainz Hbf;21;nein;Brühl;
08.10.2026;12:13;ERB RE82;79353;Altenbeken;Bielefeld Hbf;;ja;Altenbeken;Defektes Stellwerk
08.10.2026;12:13;RRB RE14;89534;Essen Hbf;Bottrop Hbf;4;nein;Bottrop Hbf;
08.10.2026;12:13;RRB RE44;26655;Moers;Bottrop Hbf;11;nein;Oberhausen Hbf;
08.10.2026;12:13;S11;32175;Bergisch Gladbach;Düsseldorf Flughafen Terminal;6;teilweise;Bergisch Gladbach;Defekt an der Strecke
08.10.2026;12:13;S23;32344;Bonn Hbf;Euskirchen;4;nein;Bonn-Endenich Nord;Verspätung eines vorausfahrenden Zuges
08.10.2026;12:13;S8;30860;Wuppertal-Oberbarmen;Mönchengladbach Hbf;8;nein;Büttgen;
08.10.2026;12:14;HLB RB96;61815;Betzdorf(Sieg);Dillenburg;1;nein;Würgendorf Ort;
08.10.2026;12:14;IC 2044;2044;Dresden Hbf;Stuttgart Hbf;42;nein;Wuppertal Hbf;Defekt an einem Signal, Defekt an der Strecke, Defektes Stellwerk
08.10.2026;12:14;ICE 29;29;Dortmund Hbf;Nürnberg Hbf;24;nein;Bonn Hbf;Vorfahrt eines anderen Zuges
08.10.2026;12:14;RB20;30017;Stolberg(Rheinl)Hbf Gl.44;Eschweiler-Weisweiler;8;nein;Stolberg (Rheinl) Hbf;Verspätung eines vorausfahrenden Zuges
08.10.2026;12:14;RB20;30519;Alsdorf-Annapark;Langerwehe;13;teilweise;Herzogenrath;Defektes Stellwerk, Verspätung eines vorausfahrenden Zuges
08.10.2026;12:14;RB20;30569;Alsdorf-Annapark;Stolberg-Altstadt;13;teilweise;Herzogenrath;Defektes Stellwerk, Verspätung eines vorausfahrenden Zuges
08.10.2026;12:14;RE34;26085;Lennestadt-Altenhundem;Hagen Hbf;;ja;Lennestadt-Altenhundem;Bauarbeiten
08.10.2026;12:14;S2;30234;Essen Hbf;Dortmund Hbf;9;nein;Herne;Verspätung eines vorausfahrenden Zuges
08.10.2026;12:15;Bus RE1;7835;Duisburg Hbf;Essen Hbf Kruppstraße/Am Thyssenhaus;;nein;Duisburg Hbf;
08.10.2026;12:15;ERB RB73;90237;Bielefeld Hbf;Lemgo-Lüttfeld;25;nein;Bielefeld Hbf;Vorfahrt eines anderen Zuges, Verspätung aus vorheriger Fahrt
08.10.2026;12:15;R S28;77193;Kaarster See;Wuppertal Hbf;5;nein;Wuppertal-Steinbeck;Verspätung aus vorheriger Fahrt
08.10.2026;12:15;RB43;14764;Dorsten;Dortmund Hbf;5;nein;Dortmund-Huckarde Nord;
08.10.2026;12:15;RE22;10025;Köln Messe/Deutz;Kall;1;nein;Köln Messe/Deutz;
08.10.2026;12:15;RRB RB31;26059;Moers;Duisburg Hbf;4;nein;Duisburg Hbf;
08.10.2026;12:15;RRB S7;29165;Wuppertal Hbf;Solingen Hbf;6;nein;Wuppertal-Unterbarmen;
08.10.2026;12:15;S1;30191;Essen Hbf;Dortmund Hbf;5;nein;Essen-Steele;Verspätung eines vorausfahrenden Zuges
08.10.2026;12:15;S1;31100;Dortmund Hbf;Essen Hbf;1;nein;Dortmund Universität;
08.10.2026;12:15;SBH S5;34556;Paderborn Hbf;Hannover Flughafen;4;ja;Paderborn Hbf;Umgestürzter Baum auf der Strecke
08.10.2026;12:15;VIA RB35;32912;Mönchengladbach Hbf;Duisburg-Hochfeld Süd;4;nein;Viersen;Vorfahrt eines anderen Zuges
08.10.2026;12:15;WFB RE15;90306;Münster(Westf)Hbf;Emden Hbf;14;nein;Greven;Verspätung eines vorausfahrenden Zuges, Verspätung aus vorheriger Fahrt
08.10.2026;12:16;Bus RB31;62010;Moers;Xanten;5;nein;Alpen;
08.10.2026;12:16;Bus RE1;7824;Essen Hbf Kruppstraße/Am Thyssenhaus;Duisburg Hbf;;nein;Mülheim (Ruhr) Hbf;
08.10.2026;12:16;ERB RB59;90330;Soest;Dortmund Hbf;1;nein;Werl;
08.10.2026;12:16;RB20;30067;Stolberg(Rheinl)Hbf Gl.44;Stolberg-Altstadt;8;nein;Stolberg (Rheinl) Hbf;Verspätung eines vorausfahrenden Zuges
08.10.2026;12:16;RB38;10083;Bedburg (Erft);Horrem;1;nein;Glesch;
08.10.2026;12:16;RB40;30772;Hagen Hbf;Essen Hbf;1;nein;Hagen Hbf;
08.10.2026;12:16;S19;31070;Sindorf;Blankenberg (Sieg);2;ja;Sindorf;Verspätung aus vorheriger Fahrt
08.10.2026;12:16;S6;30665;Düsseldorf Hbf;Essen Hbf;1;nein;Düsseldorf-Derendorf;
08.10.2026;12:16;TRI RE100;28073;Düsseldorf Hbf;Essen Hbf;5;nein;Essen Hbf;
08.10.2026;12:16;VIA RB46;31449;Gelsenkirchen Hbf;Bochum Hbf;10;nein;Gelsenkirchen Hbf;Vorfahrt eines anderen Zuges
08.10.2026;12:17;R S28;77201;Kaarster See;Wuppertal Hbf;5;nein;Neuss Hbf;
08.10.2026;12:17;RB20;32814;Düren;Eschweiler-Weisweiler;0;ja;Düren;Defektes Stellwerk
08.10.2026;12:17;S19;31062;Sindorf;Blankenberg(Sieg);7;nein;Hennef (Sieg);Verspätung eines vorausfahrenden Zuges
08.10.2026;12:17;S8;30871;Mönchengladbach Hbf;Wuppertal-Oberbarmen;2;nein;Mönchengladbach-Lürrip;
08.10.2026;12:17;S9;30933;Hagen Hbf;Recklinghausen Hbf;7;nein;Essen-Borbeck Süd;
08.10.2026;12:17;VIA RB35;32913;Duisburg-Hochfeld Süd;Mönchengladbach Hbf;5;nein;Krefeld-Hohenbudberg Chempark;Vorfahrt eines anderen Zuges
08.10.2026;12:17;VIA RE19;77018;Düsseldorf Hbf;Bocholt;8;nein;Wesel;Vorfahrt eines anderen Zuges
08.10.2026;12:18;ERB RB89;90019;Münster(Westf)Hbf;Paderborn Hbf;8;nein;Dedinghausen;Verspätung eines vorausfahrenden Zuges, Vorfahrt eines anderen Zuges
08.10.2026;12:18;ICE 15;15;Bruxelles Midi;Frankfurt(Main)Hbf;14;nein;Köln Hbf;Vorfahrt eines anderen Zuges
08.10.2026;12:18;RRB S7;29154;Solingen Hbf;Wuppertal Hbf;6;nein;Wuppertal-Oberbarmen;
08.10.2026;12:18;VIA RB39;56614;Bedburg (Erft);Düsseldorf Hbf;1;nein;Frimmersdorf;
08.10.2026;12:19;Bus EV;93876;Aue-Wingeshausen;Bad Berleburg;0;nein;Aue-Wingeshausen;
08.10.2026;12:19;ICE 627;627;Düsseldorf Hbf;München Hbf;1;nein;Düsseldorf Hbf;
08.10.2026;12:19;RB63;14719;Coesfeld(Westf);Münster(W)Zentrum Nord;2;nein;Billerbeck;
08.10.2026;12:19;RE17;10718;Brilon Wald;Hagen Hbf;14;nein;Fröndenberg;Verspätung eines vorausfahrenden Zuges
08.10.2026;12:19;S1;31105;Solingen Hbf;Duisburg Hbf;1;nein;Hilden Süd;
08.10.2026;12:20;Bus RE1;7837;Duisburg Hbf;Essen Hbf Kruppstraße/Am Thyssenhaus;;nein;Duisburg Hbf;
08.10.2026;12:20;ERB RB72;90662;Paderborn Hbf;Herford;17;nein;Bad Salzuflen;Defekt an einem Bahnübergang, Vorfahrt eines anderen Zuges
08.10.2026;12:20;ICE 16;16;Frankfurt(Main)Hbf;Bruxelles Midi;6;nein;Aachen Hbf;Defekt an einem Signal
08.10.2026;12:20;RB53;14930;Iserlohn;Dortmund Hbf;5;teilweise;Iserlohn;Technischer Defekt an einem anderen Zug
08.10.2026;12:20;RRB RB36;82329;Duisburg-Ruhrort;Oberhausen Hbf;1;nein;Duisburg-Meiderich Süd;
08.10.2026;12:20;RTB RB21;90810;Düren;Heimbach (Eifel);0;nein;Düren;
08.10.2026;12:20;RTB RB28;90861;Düren;Euskirchen;0;nein;Düren;
08.10.2026;12:20;S8;30863;Mönchengladbach Hbf;Wuppertal-Oberbarmen;3;nein;Wuppertal-Steinbeck;
08.10.2026;12:21;Bus RE1;7826;Essen Hbf Kruppstraße/Am Thyssenhaus;Duisburg Hbf;;nein;Mülheim (Ruhr) Hbf;
08.10.2026;12:21;Bus RE14;67534;Bottrop Hbf;Dorsten;0;nein;Bottrop Hbf;
08.10.2026;12:21;Bus RE14;67539;Dorsten;Bottrop Hbf;5;nein;Gladbeck West;
08.10.2026;12:21;NX RE4;26419;Aachen Hbf;Dortmund Hbf;58;teilweise;Aachen Hbf;Technische Störung am Zug, Verspätung aus vorheriger Fahrt
08.10.2026;12:21;RB52;33814;Lüdenscheid;Rummenohl;1;nein;Schalksmühle;
08.10.2026;12:21;RTB RB21;90743;Düren;Jülich-Nord;0;nein;Düren;
08.10.2026;12:22;ERB RB69;89977;Hamm(Westf)Hbf;Bielefeld Hbf;10;nein;Bielefeld Hbf;Verspätung eines vorausfahrenden Zuges
08.10.2026;12:22;NWB RB58;75252;Bremen Hbf;Osnabrück Hbf;9;nein;Halen;Warten auf einen entgegenkommenden Zug
08.10.2026;12:22;S1;56343;Essen West;Dortmund Hbf;3;teilweise;Essen West;Defekt an der Strecke
08.10.2026;12:22;S41;5011;Hergenrath;Aachen Hbf;20;nein;Aachen Hbf;
08.10.2026;12:23;Bus EV;93879;Bad Berleburg;Aue-Wingeshausen;0;nein;Bad Berleburg;
08.10.2026;12:23;HLB RB90;61611;Siegen Hbf;Limburg(Lahn);22;nein;Geilhausen;Verspätung eines vorausfahrenden Zuges, Verzögerungen im Betriebsablauf
08.10.2026;12:23;HLB RB95;28690;Dillenburg;Siegen Hbf;27;nein;Siegen Hbf;Defekt an einem Signal
08.10.2026;12:23;R S28;77210;Mettmann Stadtwald;Kaarster See;3;nein;Neuss Hbf;
08.10.2026;12:23;RE17;10719;Hagen Hbf;Brilon Wald;11;nein;Bestwig;Verspätung eines vorausfahrenden Zuges
08.10.2026;12:23;S1;56344;Dortmund Hbf;Essen West;4;teilweise;Dortmund Hbf;Technische Störung am Zug, Defekt an der Strecke
08.10.2026;12:23;S19;31072;Düren;Troisdorf;3;teilweise;Düren;Unbefugte Personen auf der Strecke
08.10.2026;12:23;S4;30441;Unna;Dortmund-Lütgendortmund;34;teilweise;Dortmund-Dorstfeld;Polizeieinsatz
08.10.2026;12:23;S6;56075;Köln-Worringen;Köln-Dellbrück;6;nein;Köln-Buchforst;Verspätung eines vorausfahrenden Zuges
08.10.2026;12:23;SBH S1;34120;Hannover Hbf;Minden (Westf);19;nein;Minden (Westf);Technische Störung am Zug
08.10.2026;12:23;VIA RE16;31319;Iserlohn;Essen Hbf;4;nein;Letmathe-Dechenhöhle;Vorfahrt eines anderen Zuges
08.10.2026;12:24;NWB RB84;74970;Paderborn Hbf;Holzminden;17;nein;Brakel (Kr Höxter);Vorfahrt eines anderen Zuges
08.10.2026;12:24;NWB RB85;75499;Paderborn Hbf;Bodenfelde;17;nein;Brakel (Kr Höxter);Vorfahrt eines anderen Zuges
08.10.2026;12:24;RE10;22507;Kleve;Düsseldorf Hbf;20;nein;Düsseldorf Hbf;Verspätung eines vorausfahrenden Zuges
08.10.2026;12:24;RRB S7;29156;Solingen Hbf;Wuppertal Hbf;1;nein;Remscheid-Lüttringhausen;
08.10.2026;12:24;S1;30182;Duisburg Hbf;Solingen Hbf;2;nein;Solingen Vogelpark;
08.10.2026;12:24;S12;32268;Köln-Ehrenfeld;Au (Sieg);14;teilweise;Köln-Ehrenfeld;Verspätung aus vorheriger Fahrt
08.10.2026;12:24;TR RB26;25422;Mainz Hbf;Köln Messe/Deutz;12;nein;Bonn-Bad Godesberg;
08.10.2026;12:24;VIA RB91;21426;Kirchhundem-Welschen Ennest;Siegen Hbf;20;nein;Siegen-Geisweid;Bereitstellung weiterer Wagen, Bauarbeiten
08.10.2026;12:25;Bus RE1;7839;Duisburg Hbf;Essen Hbf Kruppstraße/Am Thyssenhaus;;nein;Duisburg Hbf;
08.10.2026;12:25;RB27;10614;Köln Messe/Deutz;Mönchengladbach Hbf;1;nein;Köln Hbf;
08.10.2026;12:25;VIA RE19;20019;Arnhem Centraal;Düsseldorf Hbf;13;nein;Düsseldorf Flughafen;Defekt an der Strecke
08.10.2026;12:25;VIA RE19;77019;Bocholt;Düsseldorf Hbf;13;nein;Düsseldorf Flughafen;Warten auf einen entgegenkommenden Zug
08.10.2026;12:26;Bus RE1;7828;Essen Hbf Kruppstraße/Am Thyssenhaus;Duisburg Hbf;;nein;Mülheim (Ruhr) Hbf;
08.10.2026;12:26;ERB RB59;90376;Soest;Dortmund Hbf;8;nein;Dortmund Hbf;
08.10.2026;12:26;ICE 145;145;Amsterdam Centraal;Berlin Südkreuz;26;nein;Rheine;Verspätung im Ausland
08.10.2026;12:26;RE57;10761;Dortmund Hbf;Bestwig;9;nein;Arnsberg (Westf);Verspätung eines vorausfahrenden Zuges, Verspätung aus vorheriger Fahrt
08.10.2026;12:26;S3;30335;Hattingen(Ruhr) Mitte;Essen West;3;teilweise;Essen Hbf;Defekt an der Strecke
08.10.2026;12:26;VIA RB34;90510;Dalheim;Mönchengladbach Hbf;13;nein;Mönchengladbach Hbf;Vorfahrt eines anderen Zuges
08.10.2026;12:27;ERB RB72;90657;Herford;Paderborn Hbf;26;nein;Altenbeken;Längere Haltezeit am Bahnhof, Defekt an einem Bahnübergang, Vorfahrt eines anderen Zuges, Verspätung aus vorheriger Fahrt
08.10.2026;12:27;ICE 557;557;Köln Hbf;Berlin Gesundbrunnen;14;nein;Bielefeld Hbf;Defektes Stellwerk, Verspätung eines vorausfahrenden Zuges
08.10.2026;12:27;NWB RB75;75139;Bielefeld Hbf;Halle(Westf);7;nein;Bielefeld Hbf;Defekt an einer Weiche
08.10.2026;12:27;RB RE22;10021;Kall;Trier Hbf;1;nein;Nettersheim;
08.10.2026;12:27;RRB RB31;26012;Duisburg Hbf;Moers;5;nein;Moers;
08.10.2026;12:29;S23;32345;Euskirchen;Bonn Hbf;2;nein;Meckenheim Industriepark;Verspätung eines vorausfahrenden Zuges
08.10.2026;12:29;WFB RE15;90279;Emden Hbf;Münster(Westf)Hbf;4;nein;Rheine;Verspätung eines vorausfahrenden Zuges
08.10.2026;12:30;Bus RE1;7841;Duisburg Hbf;Essen Hbf Kruppstraße/Am Thyssenhaus;;nein;Duisburg Hbf;
08.10.2026;12:30;HLB RB93;61877;Aue-Wingeshausen;Siegen Hbf;15;nein;Hilchenbach;Warten auf einen entgegenkommenden Zug
08.10.2026;12:30;RB53;14927;Dortmund Hbf;Iserlohn;1;teilweise;Kalthof (Kr Iserlohn);Technischer Defekt an einem anderen Zug
08.10.2026;12:30;RE18;18933;Eygelshoven Markt;Aachen Hbf;18;ja;Herzogenrath;Verspätung im Ausland
08.10.2026;12:30;RE18;18934;Aachen Hbf;Eygelshoven Markt;11;nein;Herzogenrath;Verspätung aus vorheriger Fahrt
08.10.2026;12:30;RRB RE14;89537;Bottrop Hbf;Essen Hbf;10;nein;Essen Hbf;Defekt an der Strecke
08.10.2026;12:30;S6;30667;Düsseldorf Hbf;Essen Hbf;2;nein;Düsseldorf Hbf;
08.10.2026;12:31;Bus RE1;7830;Essen Hbf Kruppstraße/Am Thyssenhaus;Duisburg Hbf;;nein;Mülheim (Ruhr) Hbf;
08.10.2026;12:31;ICE 1020;1020;Nürnberg Hbf;Hamburg-Altona;28;nein;Düsseldorf Hbf;Verspätung eines vorausfahrenden Zuges, Verspätetes Personal aus vorheriger Fahrt
08.10.2026;12:31;ICE 1052;1052;Hannover Hbf;Münster (Westf) Hbf;6;nein;Münster (Westf) Hbf;Vorfahrt eines anderen Zuges
08.10.2026;12:31;NX RE5;28516;Koblenz Hbf;Wesel;6;nein;Köln Hbf;Defekt an der Strecke
08.10.2026;12:31;RB51;14623;Lünen Hbf;Dortmund Hbf;0;ja;Lünen Hbf;Defekt an einem Signal
08.10.2026;12:31;S1;30194;Duisburg Hbf;Solingen Hbf;4;nein;Duisburg Schlenk;
08.10.2026;12:31;VIA RE16;31312;Essen Hbf;Iserlohn;10;nein;Iserlohn-Letmathe;Vorfahrt eines anderen Zuges
08.10.2026;12:32;ERB RB67;79297;Bielefeld Hbf;Münster(Westf)Hbf;31;nein;Telgte;Vorfahrt eines anderen Zuges, Verspätung aus vorheriger Fahrt
08.10.2026;12:32;HLB RB90;61613;Siegen Hbf;Limburg(Lahn);9;nein;Eiserfeld (Sieg);Verzögerungen im Betriebsablauf
08.10.2026;12:32;HLB RE34;28566;Kirchhundem-Welschen Ennest;Siegen Hbf;0;nein;Kirchhundem-Welschen Ennest;
08.10.2026;12:32;RB25;10547;Lüdenscheid;Köln Hansaring;9;teilweise;Lüdenscheid;Warten auf einen entgegenkommenden Zug
08.10.2026;12:32;RB38;10082;Horrem;Bedburg (Erft);2;nein;Paffendorf;
08.10.2026;12:32;RE42;10129;Essen Hbf;Münster(Westf)Hbf;20;nein;Buldern;Verspätung eines vorausfahrenden Zuges, Vorfahrt eines anderen Zuges
08.10.2026;12:32;RTB RB28;90860;Euskirchen;Düren;0;nein;Euskirchen;
08.10.2026;12:32;S1;30190;Duisburg Hbf;Solingen Hbf;3;nein;Düsseldorf Flughafen;
08.10.2026;12:32;S1;31101;Solingen Hbf;Duisburg Hbf;5;nein;Angermund;Verspätung eines vorausfahrenden Zuges
08.10.2026;12:33;ERB RB67;79292;Münster (Westf) Hbf;Bielefeld Hbf;24;nein;Gütersloh Hbf;Vorfahrt eines anderen Zuges, Verspätung aus vorheriger Fahrt
08.10.2026;12:33;NWB RB58;75259;Osnabrück Hbf;Bremen Hbf;7;nein;Halen;Vorfahrt eines anderen Zuges
08.10.2026;12:33;RE41;16226;Haltern am See;Bochum Hbf;5;nein;Recklinghausen Süd;
08.10.2026;12:33;S3;30334;Essen West;Hattingen(Ruhr) Mitte;9;teilweise;Essen West;Defekt an der Strecke
08.10.2026;12:33;S8;30864;Wuppertal-Oberbarmen;Mönchengladbach Hbf;2;nein;Büttgen;
08.10.2026;12:34;RB20;30514;Langerwehe;Alsdorf-Annapark;14;nein;Aachen Schanz;Defektes Stellwerk, Verspätung eines vorausfahrenden Zuges
08.10.2026;12:34;RB20;30564;Stolberg-Altstadt;Alsdorf-Annapark;14;nein;Aachen Schanz;Verspätung eines vorausfahrenden Zuges
08.10.2026;12:34;RB52;33815;Rummenohl;Lüdenscheid;1;nein;Dahlerbrück;
08.10.2026;12:34;RE41;16227;Bochum Hbf;Haltern am See;9;nein;Marl-Sinsen;
08.10.2026;12:34;RE42;10132;Münster(Westf)Hbf;Essen Hbf;6;nein;Sythen;Vorfahrt eines anderen Zuges
08.10.2026;12:34;RE8;10816;Köln Messe/Deutz;Mönchengladbach Hbf;2;nein;Jüchen;
08.10.2026;12:34;RRB RB36;82330;Oberhausen Hbf;Duisburg-Ruhrort;1;nein;Duisburg-Obermeiderich;
08.10.2026;12:34;S12;32266;Horrem;Hennef(Sieg);3;nein;Troisdorf;
08.10.2026;12:35;Bus RE1;7843;Duisburg Hbf;Essen Hbf Kruppstraße/Am Thyssenhaus;;nein;Duisburg Hbf;
08.10.2026;12:35;HLB RB90;61610;Limburg(Lahn);Siegen Hbf;5;nein;Geilhausen;Verspätung eines vorausfahrenden Zuges
08.10.2026;12:35;RTB RB21;90712;Jülich-Nord;Düren;5;nein;Düren;
08.10.2026;12:35;RTB RB21;90781;Untermaubach-Schlagstein;Düren;1;nein;Düren;
08.10.2026;12:35;SBH S1;34125;Minden (Westf);Hannover Hbf;14;nein;Minden (Westf);Behobener Defekt am Zug
08.10.2026;12:35;VIA RB34;90511;Mönchengladbach Hbf;Dalheim;11;nein;Rheydt Hbf;Vorfahrt eines anderen Zuges
08.10.2026;12:35;VIA RB46;31448;Bochum Hbf;Gelsenkirchen Hbf;2;nein;Herne-Wanne-Eickel Hbf;
08.10.2026;12:36;Bus RE1;7832;Essen Hbf Kruppstraße/Am Thyssenhaus;Duisburg Hbf;;nein;Mülheim (Ruhr) Hbf;
08.10.2026;12:36;ERB RE3;89882;Hamm(Westf)Hbf;Essen Hbf;3;nein;Bönen-Nordbögge;Längere Haltezeit am Bahnhof, Verspätung eines vorausfahrenden Zuges
08.10.2026;12:36;EUR 9423;9423;Paris Nord;Köln Hbf;2;nein;Aachen Hbf;
08.10.2026;12:36;R S28;77212;Wuppertal Hbf;Kaarster See;8;nein;Neuss Rheinparkcenter;Warten auf einen entgegenkommenden Zug
08.10.2026;12:36;RB54;14834;Neuenrade;Fröndenberg;3;nein;Menden (Sauerland) Süd;
08.10.2026;12:36;RE49;30395;Wuppertal Hbf;Essen Hbf;11;nein;Essen-Kupferdreh;
08.10.2026;12:36;S1;56342;Dortmund Hbf;Essen West;2;teilweise;Essen Hbf;Defekt an der Strecke
08.10.2026;12:36;S6;30674;Essen Hbf;Düsseldorf Hbf;2;nein;Essen-Hügel;
08.10.2026;12:37;ERB RB66;90595;Osnabrück Hbf;Münster(Westf)Hbf;3;nein;Kattenvenne;Verspätete Bereitstellung
08.10.2026;12:37;NX RE4;26414;Dortmund Hbf;Aachen Hbf;18;nein;Aachen Hbf;
08.10.2026;12:37;NX RE6;89716;Minden(Westf);Köln/Bonn Flughafen;60;nein;Dormagen;Polizeieinsatz
08.10.2026;12:37;RB33;10374;Aachen Hbf;Heinsberg(Rheinl);0;ja;Aachen Hbf;Defekt an der Strecke
08.10.2026;12:37;S41;5033;Aachen Hbf;Hergenrath;14;nein;Aachen Hbf;
08.10.2026;12:38;ERB RB59;90377;Dortmund Hbf;Soest;4;nein;Dortmund Signal Iduna Park;Verspätung aus vorheriger Fahrt
08.10.2026;12:38;ERB RB73;90238;Lemgo-Lüttfeld;Bielefeld Hbf;15;nein;Oldentrup;Verspätung eines vorausfahrenden Zuges, Vorfahrt eines anderen Zuges
08.10.2026;12:38;NX RE5;28515;Wesel;Koblenz Hbf;21;nein;Köln Süd;Defekt an einem Signal, Verspätung aus vorheriger Fahrt
08.10.2026;12:38;R S28;77216;Wuppertal Hbf;Kaarster See;7;nein;Düsseldorf-Gerresheim;Verspätung eines vorausfahrenden Zuges
08.10.2026;12:38;RB RE22;10018;Trier Hbf;Kall;6;nein;Urft;
08.10.2026;12:38;RB43;14767;Dortmund Hbf;Dorsten;5;nein;Dortmund-Huckarde Nord;Warten auf einen entgegenkommenden Zug
08.10.2026;12:38;RE62;11507;Rheine;Löhne(Westf);3;nein;Löhne (Westf);
08.10.2026;12:38;RRB S7;29167;Wuppertal Hbf;Solingen Hbf;6;nein;Wuppertal-Barmen;Vorfahrt eines anderen Zuges
08.10.2026;12:38;S11;32186;Düsseldorf Flughafen Terminal;Bergisch Gladbach;3;teilweise;Düsseldorf Hbf;Defekt an der Strecke
08.10.2026;12:38;S12;32271;Hennef(Sieg);Horrem;6;nein;Siegburg/Bonn;Verspätung eines vorausfahrenden Zuges
08.10.2026;12:38;S4;30445;Unna;Dortmund-Lütgendortmund;5;teilweise;Unna;
08.10.2026;12:38;S6;56070;Köln-Dellbrück;Köln-Worringen;4;nein;Köln-Chorweiler;
08.10.2026;12:38;VIA RB35;52257;Gelsenkirchen Hbf;Oberhausen Hbf;1;nein;Gelsenkirchen Hbf;
08.10.2026;12:39;EUR 9450;9450;Köln Hbf;Paris Nord;19;nein;Köln Hbf;Verzögerungen im Betriebsablauf
08.10.2026;12:39;RB64;20211;Enschede;Münster(Westf)Hbf;5;nein;Münster Zentrum Nord;Warten auf einen entgegenkommenden Zug
08.10.2026;12:40;Bus RE1;7845;Duisburg Hbf;Essen Hbf Kruppstraße/Am Thyssenhaus;;nein;Duisburg Hbf;
08.10.2026;12:40;ERB RB50;89932;Dortmund Hbf;Münster(Westf)Hbf;3;nein;Dortmund-Kirchderne;
08.10.2026;12:40;NWB RB75;75134;Osnabrück Hbf;Bielefeld Hbf;7;nein;Quelle;
08.10.2026;12:40;NX RE1;26815;Aachen Hbf;Hamm(Westf)Hbf;38;nein;Hamm (Westf) Hbf;Vorfahrt eines anderen Zuges
08.10.2026;12:40;RB40;30771;Essen Hbf;Hagen Hbf;3;nein;Hagen-Vorhalle;
08.10.2026;12:40;RE47;89320;Düsseldorf Hbf;Remscheid-Lennep;2;nein;Düsseldorf Hbf;
08.10.2026;12:40;S19;52793;Troisdorf;Düren;10;nein;Köln Hbf;Verspätung eines vorausfahrenden Zuges
08.10.2026;12:41;Bus RE1;7834;Essen Hbf Kruppstraße/Am Thyssenhaus;Duisburg Hbf;;nein;Mülheim (Ruhr) Hbf;
08.10.2026;12:41;RB20;32815;Eschweiler-Weisweiler;Düren;8;nein;Düren;Verspätung eines vorausfahrenden Zuges
08.10.2026;12:41;RE10;28196;Düsseldorf Hbf;Kleve;16;nein;Düsseldorf-Bilk;Verspätung aus vorheriger Fahrt
08.10.2026;12:41;S12;32263;Au (Sieg);Horrem;9;nein;Lövenich;Verspätung eines vorausfahrenden Zuges
08.10.2026;12:41;VIA RB39;56659;Neuss Hbf;Grevenbroich;1;nein;Holzheim (b Neuss);
08.10.2026;12:43;Bus RE14;67532;Dorsten;Coesfeld (Westf);0;nein;Dorsten;
08.10.2026;12:43;ERB RB65;52322;Münster(Westf)Hbf;Rheine;2;nein;Münster-Sprakel;
08.10.2026;12:43;ERB RB71;89646;Bielefeld Hbf;Rahden;7;nein;Espelkamp;
08.10.2026;12:43;ICE 1517;1517;Köln Hbf;Frankfurt(Main)Hbf;4;nein;Siegburg/Bonn;
08.10.2026;12:43;NWB RB74;75037;Bielefeld Hbf;Paderborn Hbf;12;nein;Bielefeld-Senne;Defekt an einer Weiche
08.10.2026;12:43;NX RB48;17338;Bonn-Mehlem;Wuppertal-Oberbarmen;8;nein;Bonn-Mehlem;Vorfahrt eines anderen Zuges
08.10.2026;12:43;RRB RE14;89536;Essen Hbf;Bottrop Hbf;4;nein;Bottrop Hbf;Vorfahrt eines anderen Zuges
08.10.2026;12:43;S1;31108;Dortmund Hbf;Essen Hbf;1;nein;Dortmund-Dorstfeld Süd;
08.10.2026;12:43;S19;31076;Düren;Troisdorf;20;teilweise;Düren;
08.10.2026;12:43;S23;32346;Bonn Hbf;Bad Münstereifel;4;nein;Bonn-Endenich Nord;Verspätung eines vorausfahrenden Zuges
08.10.2026;12:43;S5;31539;Witten Hbf;Dortmund Hbf;2;nein;Dortmund-Kruckel;
08.10.2026;12:43;S6;56077;Köln-Worringen;Köln-Dellbrück;10;nein;Köln-Buchforst;Verspätung eines vorausfahrenden Zuges
08.10.2026;12:44;IC 2047;2047;Stuttgart Hbf;Dresden Hbf;9;teilweise;Bonn Hbf;Defekt an der Strecke
08.10.2026;12:44;IC 2202;2202;Köln Hbf;Norddeich Mole;11;nein;Gelsenkirchen Hbf;Vorfahrt eines anderen Zuges
08.10.2026;12:44;RRB S7;29158;Solingen Hbf;Wuppertal Hbf;1;nein;Remscheid-Lüttringhausen;
08.10.2026;12:45;Bus RE1;7847;Duisburg Hbf;Essen Hbf Kruppstraße/Am Thyssenhaus;;nein;Duisburg Hbf;
08.10.2026;12:45;ERB RB50;89933;Münster(Westf)Hbf;Dortmund Hbf;26;nein;Davensberg;Defekt an der Strecke, Vorfahrt eines anderen Zuges, Verspätung aus vorheriger Fahrt
08.10.2026;12:45;RB52;14667;Dortmund Hbf;Hagen Hbf;17;nein;Dortmund Tierpark;Defekt an der Strecke, Verspätung eines vorausfahrenden Zuges
08.10.2026;12:46;Bus RE1;7836;Essen Hbf Kruppstraße/Am Thyssenhaus;Duisburg Hbf;;nein;Mülheim (Ruhr) Hbf;
08.10.2026;12:46;RB77;14591;Herford;Hildesheim Hbf;10;nein;Löhne (Westf);Verspätung eines vorausfahrenden Zuges
08.10.2026;12:46;RRB RB31;26019;Moers;Duisburg Hbf;4;nein;Duisburg Hbf;
08.10.2026;12:46;S6;30670;Essen Hbf;Düsseldorf Hbf;1;nein;Düsseldorf Zoo;
08.10.2026;12:46;VIA RB46;31451;Gelsenkirchen Hbf;Bochum Hbf;0;nein;Gelsenkirchen Hbf;
08.10.2026;12:47;RE18;18936;Aachen Hbf;Eygelshoven Markt;8;ja;Aachen Hbf;Verspätung eines vorausfahrenden Zuges
08.10.2026;12:47;RE9;10914;Siegen Hbf;Aachen Hbf;58;nein;Köln Hbf;Verspätung aus vorheriger Fahrt
08.10.2026;12:47;S1;30195;Essen Hbf;Dortmund Hbf;4;nein;Essen-Steele Ost;
08.10.2026;12:48;Bus RE14;67526;Dorsten;Coesfeld(Westf);10;nein;Coesfeld (Westf);
08.10.2026;12:48;ERB RE82;79350;Bielefeld Hbf;Altenbeken;28;nein;Altenbeken;Verspätung eines vorausfahrenden Zuges, Vorfahrt eines anderen Zuges
08.10.2026;12:48;NX RE11;26715;Essen Hbf;Kassel-Wilhelmshöhe;10;nein;Paderborn Hbf;Defekt an einem Bahnübergang
08.10.2026;12:48;NX RE6;89723;Köln/Bonn Flughafen;Minden(Westf);71;teilweise;Köln/Bonn Flughafen;Defekt an einem Signal, Defektes Stellwerk
08.10.2026;12:48;RE2;10215;Essen Hbf;Osnabrück Hbf;24;nein;Ostbevern;Verspätung eines vorausfahrenden Zuges, Vorfahrt eines anderen Zuges
08.10.2026;12:48;VIA RE16;29979;Iserlohn;Iserlohn-Letmathe;4;nein;Iserlohn;Vorfahrt eines anderen Zuges
08.10.2026;12:48;WFB RE70;95829;Bielefeld Hbf;Braunschweig Hbf;7;nein;Löhne (Westf);Verspätung eines vorausfahrenden Zuges
08.10.2026;12:49;Bus RB54;54016;Bahnhof, Unna;Ardey Bahnhof, Fröndenberg;;nein;Fröndenberg-Frömern;
08.10.2026;12:49;HLB RB96;61818;Dillenburg;Würgendorf;2;nein;Niederdresselndorf;
08.10.2026;12:49;RE22;10018;Kall;Köln Messe/Deutz;9;nein;Mechernich;
08.10.2026;12:49;RE47;89323;Remscheid-Lennep;Düsseldorf Hbf;2;nein;Solingen Mitte;
08.10.2026;12:49;RRB RB31;26062;Duisburg Hbf;Moers;4;nein;Rheinhausen;Defekt an der Strecke
08.10.2026;12:49;RTB RB21;90715;Düren;Linnich Bhf;0;nein;Düren;
08.10.2026;12:49;S2;30237;Dortmund Hbf;Essen Hbf;18;nein;Herne-Wanne-Eickel Hbf;Verspätung eines vorausfahrenden Zuges
08.10.2026;12:49;VIA RB46;31450;Bochum Hbf;Gelsenkirchen Hbf;2;nein;Bochum Hbf;
08.10.2026;12:49;VIA RE19;20018;Düsseldorf Hbf;Arnhem Centraal;36;nein;Emmerich;Warten auf Anschlussreisende, Vorfahrt eines anderen Zuges
08.10.2026;12:50;Bus RE1;7849;Duisburg Hbf;Essen Hbf Kruppstraße/Am Thyssenhaus;;nein;Duisburg Hbf;
08.10.2026;12:50;RB53;14932;Iserlohn;Dortmund Hbf;2;teilweise;Iserlohn;Technischer Defekt an einem anderen Zug
08.10.2026;12:50;RRB RB36;82331;Duisburg-Ruhrort;Oberhausen Hbf;1;nein;Duisburg-Meiderich Süd;
08.10.2026;12:50;RTB RB21;90782;Düren;Untermaubach-Schlagstein;0;nein;Düren;
08.10.2026;12:50;TRI RB37;89412;Neuss Hbf;Krefeld Hbf;7;nein;Krefeld-Oppum;
08.10.2026;12:51;Bus RE1;7838;Essen Hbf Kruppstraße/Am Thyssenhaus;Duisburg Hbf;;nein;Mülheim (Ruhr) Hbf;
08.10.2026;12:51;RB38;10266;Köln Messe/Deutz;Bedburg (Erft);3;nein;Quadrath-Ichendorf;Verspätung eines vorausfahrenden Zuges
08.10.2026;12:51;RB54;14833;Fröndenberg;Menden(Sauerland);3;nein;Bösperde;
08.10.2026;12:51;RE17;10721;Hagen Hbf;Brilon Stadt;7;nein;Arnsberg-Neheim-Hüsten;Verspätung eines vorausfahrenden Zuges
08.10.2026;12:51;RE49;56784;Wesel;Oberhausen Hbf;2;nein;Oberhausen Hbf;
08.10.2026;12:51;RE9;10913;Aachen Hbf;Siegen Hbf;7;nein;Siegen Hbf;Verspätung eines vorausfahrenden Zuges
08.10.2026;12:51;S9;30935;Wuppertal Hbf;Haltern am See;10;nein;Essen-Gerschede;
08.10.2026;12:52;RE49;30392;Essen Hbf;Wuppertal Hbf;5;nein;Wuppertal Hbf;
08.10.2026;12:52;RRB S7;29164;Solingen Hbf;Wuppertal Hbf;1;nein;Solingen Hbf;Vorfahrt eines anderen Zuges
08.10.2026;12:52;S1;56345;Essen West;Dortmund Hbf;1;teilweise;Essen West;Defekt an der Strecke
08.10.2026;12:52;VIA RB91;21427;Siegen Hbf;Kirchhundem-Welschen Ennest;20;teilweise;Kreuztal;Verspätung aus vorheriger Fahrt
08.10.2026;12:53;Bus RE14;67547;Coesfeld (Westf);Dorsten;1;nein;Lembeck;
08.10.2026;12:53;ERB RB67;79294;Münster(Westf)Hbf;Bielefeld Hbf;23;nein;Warendorf;Verspätung eines vorausfahrenden Zuges, Vorfahrt eines anderen Zuges
08.10.2026;12:53;ERB RB69;89979;Hamm(Westf)Hbf;Bielefeld Hbf;2;nein;Hamm-Heessen;
08.10.2026;12:53;RB25;10540;Köln Hansaring;Lüdenscheid;11;nein;Meinerzhagen;Verspätung eines vorausfahrenden Zuges
08.10.2026;12:53;RRB RE10;82273;Kleve;Düsseldorf Hbf;31;nein;Düsseldorf Hbf;Technische Störung am Zug, Vorfahrt eines anderen Zuges
08.10.2026;12:53;S11;32181;Bergisch Gladbach;Düsseldorf Flughafen Terminal;;ja;Bergisch Gladbach;
08.10.2026;12:54;HLB RB90;61716;Betzdorf(Sieg);Siegen Hbf;3;nein;Niederschelden Nord Hp;
08.10.2026;12:54;HLB RB96;61819;Betzdorf(Sieg);Neunkirchen(Kr Siegen);1;nein;Altenseelbach;
08.10.2026;12:54;ICE 107;107;Hamburg-Altona;Brig;3;nein;Köln Hbf;
08.10.2026;12:55;Bus RE1;7851;Duisburg Hbf;Essen Hbf Kruppstraße/Am Thyssenhaus;;nein;Duisburg Hbf;
08.10.2026;12:55;HLB RB90;61680;Altenkirchen(Westerwald);Betzdorf(Sieg);0;nein;Geilhausen;
08.10.2026;12:55;HLB RE99;15137;Siegen Hbf;Gießen;19;nein;Wilnsdorf-Rudersdorf;Vorfahrt eines anderen Zuges
08.10.2026;12:55;NX RE11;26716;Kassel-Wilhelmshöhe;Essen Hbf;13;nein;Hamm (Westf) Hbf;Vorfahrt eines anderen Zuges
08.10.2026;12:55;R S28;77199;Kaarster See;Wuppertal Hbf;4;nein;Wuppertal-Steinbeck;
08.10.2026;12:55;S8;30875;Mönchengladbach Hbf;Wuppertal-Oberbarmen;5;nein;Neuss Am Kaiser;Verspätung eines vorausfahrenden Zuges
08.10.2026;12:55;VIA RE19;20020;Düsseldorf Hbf;Arnhem Centraal;9;nein;Oberhausen-Sterkrade;Vorfahrt eines anderen Zuges
08.10.2026;12:55;VIA RE19;77020;Düsseldorf Hbf;Bocholt;9;nein;Oberhausen-Sterkrade;Vorfahrt eines anderen Zuges
08.10.2026;12:56;Bus RB31;62012;Moers;Xanten;1;nein;Rheinberg (Rheinl);
08.10.2026;12:56;Bus RE1;7840;Essen Hbf Kruppstraße/Am Thyssenhaus;Duisburg Hbf;;nein;Mülheim (Ruhr) Hbf;
08.10.2026;12:56;Bus RE14;67530;Bottrop Hbf;Borken(Westf);2;teilweise;Deuten;
08.10.2026;12:56;NX RE11;26718;Kassel-Wilhelmshöhe;Essen Hbf;16;nein;Altenbeken;Verspätung eines vorausfahrenden Zuges
08.10.2026;12:56;RB33;10375;Heinsberg(Rheinl);Aachen Hbf;1;ja;Lindern;Defekt an der Strecke
08.10.2026;12:56;RRB RE10;82275;Kleve;Düsseldorf Hbf;9;nein;Krefeld Hbf;
08.10.2026;12:56;S1;31113;Solingen Hbf;Duisburg Hbf;1;nein;Solingen Vogelpark;
08.10.2026;12:56;S12;32270;Köln-Ehrenfeld;Hennef (Sieg);4;nein;Köln Trimbornstr;
08.10.2026;12:56;S3;30337;Hattingen(Ruhr) Mitte;Essen West;11;teilweise;Essen Hbf;Defekt an der Strecke
08.10.2026;12:56;S4;30448;Dortmund-Lütgendortmund;Unna;9;teilweise;Dortmund-Lütgendortmund;Polizeieinsatz
08.10.2026;12:56;S8;30866;Hagen Hbf;Mönchengladbach Hbf;8;nein;Kleinenbroich;Verspätung eines vorausfahrenden Zuges
08.10.2026;12:57;ICE 519;519;Hamburg-Altona;München Hbf;9;nein;Hagen Hbf;Verspätete Bereitstellung
08.10.2026;12:57;NX RE6;89718;Minden(Westf);Köln/Bonn Flughafen;32;nein;Düsseldorf Flughafen;Außerplanmäßige Geschwindigkeitsbeschränkung
08.10.2026;12:57;R S28;77207;Kaarster See;Wuppertal Hbf;4;nein;Neuss Hbf;Verspätung eines vorausfahrenden Zuges
08.10.2026;12:57;S8;30877;Mönchengladbach Hbf;Hagen Hbf;3;nein;Mönchengladbach-Lürrip;
08.10.2026;12:57;VIA RB39;56617;Düsseldorf Hbf;Bedburg (Erft);2;nein;Düsseldorf-Bilk;
08.10.2026;12:58;HLB RB90;61711;Siegen Hbf;Betzdorf(Sieg);0;ja;Siegen Hbf;Verzögerungen im Betriebsablauf
08.10.2026;12:58;R S28;77220;Mettmann Stadtwald;Kaarster See;5;nein;Düsseldorf-Gerresheim;
08.10.2026;12:58;RRB S7;29171;Wuppertal Hbf;Solingen Hbf;7;nein;Wuppertal-Barmen;Vorfahrt eines anderen Zuges
08.10.2026;12:58;S19;31073;Troisdorf;Düren;9;nein;Köln Hbf;Verspätung eines vorausfahrenden Zuges
08.10.2026;12:58;S8;30874;Hagen Hbf;Mönchengladbach Hbf;4;nein;Wuppertal Hbf;
08.10.2026;12:58;S9;30932;Haltern am See;Wuppertal Hbf;10;nein;Wuppertal-Vohwinkel;Verspätung eines vorausfahrenden Zuges
08.10.2026;12:59;ERB RB69;89978;Bielefeld Hbf;Hamm(Westf)Hbf;9;nein;Ahlen (Westf);Verspätung eines vorausfahrenden Zuges
08.10.2026;12:59;ICE 642;642;Berlin Hbf;Düsseldorf Hbf;68;nein;Duisburg Hbf;Bauarbeiten, Defekt an einem Signal, Defektes Stellwerk, Verspätetes Personal aus vorheriger Fahrt
08.10.2026;13:00;Bus EV;92952;Finnentrop;Olpe;0;nein;Finnentrop;
08.10.2026;13:00;Bus RE1;7853;Duisburg Hbf;Essen Hbf Kruppstraße/Am Thyssenhaus;;nein;Duisburg Hbf;
08.10.2026;13:00;HLB RB90;61677;Betzdorf(Sieg);Altenkirchen(Westerwald);9;nein;Au (Sieg);
08.10.2026;13:00;RB53;14929;Dortmund Hbf;Iserlohn;1;teilweise;Kalthof (Kr Iserlohn);Technischer Defekt an einem anderen Zug
08.10.2026;13:00;S6;56072;Köln-Dellbrück;Köln-Worringen;3;nein;Köln-Chorweiler Nord;
08.10.2026;13:00;S9;30930;Recklinghausen Hbf;Hagen Hbf;20;nein;Gevelsberg-Kipp;
08.10.2026;13:00;VIA RB91;31348;Hagen Hbf;Lennestadt-Altenhundem;3;teilweise;Iserlohn-Letmathe;
08.10.2026;13:01;Bus EV;92927;Olpe;Finnentrop;0;nein;Olpe;
08.10.2026;13:01;Bus RE1;7842;Essen Hbf Kruppstraße/Am Thyssenhaus;Duisburg Hbf;;nein;Mülheim (Ruhr) Hbf;
08.10.2026;13:01;ERB RB71;89647;Rahden;Bielefeld Hbf;6;nein;Herford;Verspätung eines vorausfahrenden Zuges
08.10.2026;13:01;RB20;30019;Stolberg(Rheinl)Hbf Gl.44;Eschweiler-Weisweiler;16;nein;Aachen Hbf;Verspätung eines vorausfahrenden Zuges
08.10.2026;13:01;RRB RE14;89539;Bottrop Hbf;Essen Hbf;12;nein;Essen Hbf;
08.10.2026;13:01;S12;32265;Hennef(Sieg);Horrem;5;nein;Lövenich;
08.10.2026;13:01;WFB RE60;95776;Braunschweig Hbf;Rheine;33;nein;Ibbenbüren-Laggenbeck;Defekt an einem Signal, Verspätung eines vorausfahrenden Zuges
08.10.2026;13:02;ERB RE3;89879;Essen Hbf;Hamm(Westf)Hbf;3;nein;Dortmund Hbf;
08.10.2026;13:02;NX RE1;26816;Hamm(Westf)Hbf;Aachen Hbf;40;nein;Köln-Mülheim;Defekt an einem Signal
08.10.2026;13:02;RB33;10322;Aachen Hbf;Duisburg Hbf;15;nein;Krefeld-Oppum;Defekt an der Strecke
08.10.2026;13:03;HLB RB93;61878;Siegen Hbf;Aue-Wingeshausen;16;nein;Birkelbach;Verspätung eines vorausfahrenden Zuges, Warten auf einen entgegenkommenden Zug, Verzögerungen im Betriebsablauf
08.10.2026;13:03;ICE 919;919;Dortmund Hbf;München Hbf;18;nein;Düsseldorf Hbf;Vorfahrt eines anderen Zuges
08.10.2026;13:03;RB54;14836;Menden(Sauerland);Fröndenberg;1;nein;Bösperde;
08.10.2026;13:03;S3;30336;Essen West;Hattingen(Ruhr) Mitte;9;teilweise;Essen West;Defekt an der Strecke
08.10.2026;13:03;S6;56079;Köln-Worringen;Köln-Dellbrück;14;nein;Köln-Buchforst;Verspätung eines vorausfahrenden Zuges
08.10.2026;13:04;R S28;77203;Kaarster See;Mettmann Stadtwald;2;nein;Düsseldorf-Gerresheim;
08.10.2026;13:04;RB24;10424;Kall;Köln Messe/Deutz;5;nein;Köln Süd;Verspätung eines vorausfahrenden Zuges
08.10.2026;13:04;RE8;10818;Köln Messe/Deutz;Mönchengladbach Hbf;5;nein;Köln-Ehrenfeld;Verspätung eines vorausfahrenden Zuges
08.10.2026;13:04;RRB RB36;82332;Oberhausen Hbf;Duisburg-Ruhrort;1;nein;Duisburg-Obermeiderich;
08.10.2026;13:04;S11;32178;Düsseldorf Flughafen Terminal;Bergisch Gladbach;21;nein;Duckterath;Verspätung eines vorausfahrenden Zuges
08.10.2026;13:04;S5;31540;Dortmund Hbf;Hagen Hbf;4;nein;Hagen Hbf;
08.10.2026;13:04;S8;30872;Wuppertal-Oberbarmen;Mönchengladbach Hbf;3;nein;Düsseldorf-Gerresheim;
08.10.2026;13:05;Bus EV;23927;Olpe;Finnentrop;0;nein;Olpe;
08.10.2026;13:05;Bus RE1;7855;Duisburg Hbf;Essen Hbf Kruppstraße/Am Thyssenhaus;;nein;Duisburg Hbf;
08.10.2026;13:05;NWB RB84;74971;Kreiensen;Paderborn Hbf;23;nein;Paderborn Hbf;Ärztliche Versorgung eines Fahrgastes
08.10.2026;13:05;NWB RB85;74918;Göttingen;Paderborn Hbf;23;nein;Paderborn Hbf;Vorfahrt eines anderen Zuges
08.10.2026;13:05;RB24;10428;Kall;Köln Messe/Deutz;1;nein;Kall;
08.10.2026;13:05;RTB RB21;90811;Heimbach (Eifel);Düren;1;nein;Düren;
08.10.2026;13:05;TRI RB37;89415;Krefeld Hbf;Neuss Hbf;5;nein;Krefeld Hbf;
08.10.2026;13:05;VIA RE16;29974;Iserlohn-Letmathe;Iserlohn;1;nein;Iserlohn-Letmathe;
08.10.2026;13:06;Bus RE1;7844;Essen Hbf Kruppstraße/Am Thyssenhaus;Duisburg Hbf;;nein;Mülheim (Ruhr) Hbf;
08.10.2026;13:06;HLB RB96;61816;Neunkirchen(Kr Siegen);Betzdorf(Sieg);2;nein;Struthütten;
08.10.2026;13:06;HLB RB96;61817;Würgendorf;Haiger;0;nein;Würgendorf;
08.10.2026;13:06;NWB RB75;75141;Bielefeld Hbf;Osnabrück Hbf;6;nein;Quelle-Kupferheide;Vorfahrt eines anderen Zuges
08.10.2026;13:06;RB51;20263;Enschede;Dortmund Hbf;20;nein;Dortmund Hbf;Warten auf einen entgegenkommenden Zug
08.10.2026;13:06;S19;31078;Düren;Blankenberg(Sieg);6;nein;Merzenich;Verspätung eines vorausfahrenden Zuges
08.10.2026;13:07;Bus RE14;67549;Borken (Westf);Bottrop Hbf;12;teilweise;Deuten;
08.10.2026;13:07;NWB RB74;75036;Paderborn Hbf;Bielefeld Hbf;15;nein;Bielefeld Hbf;Defekt an einem Bahnübergang
08.10.2026;13:07;RB25;10545;Gummersbach;Rösrath;3;nein;Ründeroth;
08.10.2026;13:07;RB40;30773;Essen Hbf;Hagen Hbf;1;nein;Essen Hbf;
08.10.2026;13:07;RE57;10975;Bestwig;Warburg(Westf);6;nein;Olsberg;
08.10.2026;13:08;Bus RB54;54019;Ardey Bahnhof, Fröndenberg;Bahnhof, Unna;;nein;Fröndenberg-Frömern;
08.10.2026;13:08;NX RE7;17421;Rheine;Krefeld Hbf;40;ja;Rheine;
08.10.2026;13:08;R S28;77226;Wuppertal Hbf;Kaarster See;3;nein;Wuppertal Zoologischer Garten;
08.10.2026;13:08;RB51;20265;Enschede;Dortmund Hbf;8;nein;Lette (Kr Coesfeld);Warten auf einen entgegenkommenden Zug
08.10.2026;13:08;RRB RE44;26654;Bottrop Hbf;Moers;10;nein;Moers;Defekt an der Strecke
08.10.2026;13:09;ERB RE13;20078;Hamm(Westf)Hbf;Venlo;9;nein;Ennepetal (Gevelsberg);Verspätung eines vorausfahrenden Zuges, Vorfahrt eines anderen Zuges
08.10.2026;13:09;VIA RB39;56658;Grevenbroich;Neuss Hbf;2;nein;Kapellen-Wevelinghoven;
08.10.2026;13:10;Bus RE1;7857;Duisburg Hbf;Essen Hbf Kruppstraße/Am Thyssenhaus;;nein;Duisburg Hbf;
08.10.2026;13:10;ERB RB67;79296;Münster(Westf)Hbf;Bielefeld Hbf;9;nein;Warendorf-Einen-Müssingen;Verspätung eines vorausfahrenden Zuges, Verspätung aus vorheriger Fahrt
08.10.2026;13:10;S12;32276;Horrem;Hennef(Sieg);6;nein;Köln Hbf;Verspätung eines vorausfahrenden Zuges
08.10.2026;13:10;VIA RB35;52252;Oberhausen Hbf;Gelsenkirchen Hbf;6;nein;Essen-Bergeborbeck;Vorfahrt eines anderen Zuges
08.10.2026;13:11;Bus RE1;7846;Essen Hbf Kruppstraße/Am Thyssenhaus;Duisburg Hbf;;nein;Mülheim (Ruhr) Hbf;
08.10.2026;13:11;ERB RB73;90240;Lemgo-Lüttfeld;Bielefeld Hbf;17;nein;Hörstmar (Lippe);Defekt an der Strecke, Vorfahrt eines anderen Zuges, Verspätung aus vorheriger Fahrt
08.10.2026;13:11;ICE 859;859;Köln Hbf;Berlin Hbf;56;nein;Hamm (Westf) Hbf;Bereitstellung weiterer Wagen, Defektes Stellwerk, Verspätung aus vorheriger Fahrt
08.10.2026;13:11;S5;31542;Dortmund Hbf;Witten Hbf;6;nein;Witten-Annen Nord;Verspätung eines vorausfahrenden Zuges
08.10.2026;13:12;ERB RB61;20370;Bielefeld Hbf;Hengelo;6;nein;Bielefeld Hbf;Verspätung eines vorausfahrenden Zuges
08.10.2026;13:12;HLB RE34;28569;Siegen Hbf;Kirchhundem-Welschen Ennest;6;nein;Siegen-Weidenau;Verspätung eines vorausfahrenden Zuges
08.10.2026;13:12;RB51;14616;Dortmund Hbf;Lünen Hbf;;ja;Dortmund Hbf;Defekt an einem Signal
08.10.2026;13:12;RE18;18935;Eygelshoven Markt;Aachen Hbf;8;nein;Aachen Hbf;
08.10.2026;13:12;RE41;16229;Bochum Hbf;Haltern am See;1;nein;Bochum Hbf;
08.10.2026;13:12;RE49;56785;Oberhausen Hbf;Wesel;3;nein;Oberhausen-Sterkrade;
08.10.2026;13:12;RTB RB21;90742;Linnich Bhf;Düren;3;nein;Düren;
08.10.2026;13:12;S23;32353;Bad Münstereifel;Bonn Hbf;3;nein;Bad Münstereifel Arloff;
08.10.2026;13:12;S6;30673;Düsseldorf Hbf;Essen Hbf;1;nein;Düsseldorf Wehrhahn;
08.10.2026;13:12;TRI RE100;28080;Essen Hbf;Düsseldorf Hbf;11;nein;Düsseldorf Hbf;
08.10.2026;13:13;HLB RE99;15142;Gießen;Siegen Hbf;14;nein;Siegen Hbf;
08.10.2026;13:13;RB32;31259;Dortmund Hbf;Oberhausen Hbf;20;nein;Essen-Dellwig;Verspätung eines vorausfahrenden Zuges
08.10.2026;13:13;RRB RE14;89540;Essen Hbf;Bottrop Hbf;9;nein;Bottrop Hbf;
08.10.2026;13:13;S12;32275;Au (Sieg);Horrem;2;nein;Porz (Rhein);
08.10.2026;13:13;SBH S5;34560;Paderborn Hbf;Hannover Flughafen;0;ja;Paderborn Hbf;
08.10.2026;13:14;NWB RB84;74973;Holzminden;Paderborn Hbf;15;nein;Höxter-Godelheim;Defekt an einer Weiche
08.10.2026;13:14;RB64;20213;Enschede;Münster(Westf)Hbf;3;nein;Steinfurt-Borghorst;
08.10.2026;13:14;S1;31109;Solingen Hbf;Duisburg Hbf;3;nein;Duisburg-Rahm;
08.10.2026;13:14;S8;30869;Mönchengladbach Hbf;Hagen Hbf;8;nein;Wuppertal-Langerfeld;Verspätung eines vorausfahrenden Zuges
08.10.2026;13:14;S9;30937;Hagen Hbf;Recklinghausen Hbf;9;nein;Essen West;Verspätung eines vorausfahrenden Zuges
08.10.2026;13:14;VIA RB91;31361;Lennestadt-Altenhundem;Hagen Hbf;3;teilweise;Lennestadt-Altenhundem;
08.10.2026;13:15;Bus RE1;7859;Duisburg Hbf;Essen Hbf Kruppstraße/Am Thyssenhaus;;nein;Duisburg Hbf;
08.10.2026;13:15;ICE 652;652;Berlin Hbf;Köln Hbf;35;nein;Köln Hbf;Defektes Stellwerk, Verspätung eines vorausfahrenden Zuges, Verfügbarkeit der Gleise derzeit eingeschränkt
08.10.2026;13:15;NWB RB74;75041;Bielefeld Hbf;Paderborn Hbf;14;nein;Bielefeld-Windelsbleiche;Vorfahrt eines anderen Zuges
08.10.2026;13:15;NX RE6;89719;Köln/Bonn Flughafen;Minden(Westf);20;nein;Hamm (Westf) Hbf;Vorfahrt eines anderen Zuges
08.10.2026;13:15;RRB RB31;26061;Moers;Duisburg Hbf;5;nein;Duisburg Hbf;
08.10.2026;13:15;S1;31103;Essen Hbf;Dortmund Hbf;2;nein;Essen-Steele;
08.10.2026;13:16;Bus RE1;7848;Essen Hbf Kruppstraße/Am Thyssenhaus;Duisburg Hbf;;nein;Mülheim (Ruhr) Hbf;
08.10.2026;13:16;ERB RB59;90332;Soest;Dortmund Hbf;1;nein;Werl;
08.10.2026;13:16;FLX 30;1322;Berlin Hbf;Köln Hbf;27;nein;Düsseldorf Hbf;Vorfahrt eines anderen Zuges, Umleitung
08.10.2026;13:16;RB20;30069;Stolberg(Rheinl)Hbf Gl.44;Stolberg-Altstadt;18;nein;Stolberg (Rheinl) Hbf;Verspätung eines vorausfahrenden Zuges
08.10.2026;13:16;RB40;30774;Hagen Hbf;Essen Hbf;4;nein;Hagen Hbf;
08.10.2026;13:17;ERB RB59;90378;Soest;Dortmund Hbf;5;nein;Dortmund-Hörde;Verspätung eines vorausfahrenden Zuges
08.10.2026;13:17;ERB RB65;52324;Münster(Westf)Hbf;Rheine;1;nein;Münster Zentrum Nord;
08.10.2026;13:17;RB20;32816;Düren;Eschweiler-Weisweiler;0;nein;Düren;
08.10.2026;13:17;RE57;10758;Bestwig;Dortmund Hbf;9;nein;Dortmund Hbf;Verspätung eines vorausfahrenden Zuges
08.10.2026;13:17;WFB RE70;95828;Braunschweig Hbf;Bielefeld Hbf;11;nein;Herford;Defekt an einem Signal
08.10.2026;13:18;ERB RB66;90596;Münster(Westf)Hbf;Osnabrück Hbf;4;nein;Kattenvenne;Verspätung eines vorausfahrenden Zuges
08.10.2026;13:18;RB52;14666;Hagen Hbf;Dortmund Hbf;18;nein;Dortmund Signal Iduna Park;Defekt an einem Signal, Warten auf einen entgegenkommenden Zug
08.10.2026;13:18;RE42;10130;Münster(Westf)Hbf;Mönchengladbach Hbf;12;nein;Krefeld Hbf;Außerplanmäßige Geschwindigkeitsbeschränkung, Verspätung eines vorausfahrenden Zuges
08.10.2026;13:18;RE62;11508;Löhne(Westf);Rheine;5;nein;Löhne (Westf);Verspätung eines vorausfahrenden Zuges
08.10.2026;13:18;RRB S7;29162;Solingen Hbf;Wuppertal Hbf;6;nein;Wuppertal-Oberbarmen;Verspätung eines vorausfahrenden Zuges
08.10.2026;13:18;RRB S7;29173;Wuppertal Hbf;Solingen Hbf;2;nein;Wuppertal-Barmen;
08.10.2026;13:18;S11;32192;Düsseldorf Flughafen Terminal;Bergisch Gladbach;13;teilweise;Düsseldorf Hbf;Defekt an der Strecke
08.10.2026;13:18;S6;56085;Köln-Worringen;Köln-Dellbrück;12;nein;Köln-Chorweiler Nord;Verspätung eines vorausfahrenden Zuges
08.10.2026;13:18;S8;30876;Wuppertal-Oberbarmen;Mönchengladbach Hbf;4;nein;Wuppertal Hbf;
08.10.2026;13:19;Bus EV;93878;Aue-Wingeshausen;Bad Berleburg;0;nein;Aue-Wingeshausen;
08.10.2026;13:19;ERB RB67;79301;Bielefeld Hbf;Münster(Westf)Hbf;8;nein;Warendorf;Verspätung eines vorausfahrenden Zuges, Vorfahrt eines anderen Zuges
08.10.2026;13:19;RB20;30018;Eschweiler-Weisweiler;Stolberg(Rheinl)Hbf Gl.44;5;nein;Herzogenrath;Verspätung eines vorausfahrenden Zuges
08.10.2026;13:19;RB20;30068;Stolberg-Altstadt;Stolberg(Rheinl)Hbf Gl.44;5;nein;Herzogenrath;Verspätung eines vorausfahrenden Zuges
08.10.2026;13:19;RB38;10085;Bedburg (Erft);Horrem;2;nein;Paffendorf;
08.10.2026;13:19;S11;32179;Bergisch Gladbach;Düsseldorf Flughafen Terminal;90;teilweise;Köln-Worringen;Defekt an der Strecke, Verspätung aus vorheriger Fahrt
08.10.2026;13:19;S8;30868;Wuppertal-Oberbarmen;Mönchengladbach Hbf;8;nein;Korschenbroich;Verspätung eines vorausfahrenden Zuges
08.10.2026;13:20;Bus RE1;7861;Duisburg Hbf;Essen Hbf Kruppstraße/Am Thyssenhaus;;nein;Duisburg Hbf;
08.10.2026;13:20;ERB RB72;90664;Paderborn Hbf;Herford;10;nein;Bad Salzuflen;Längere Haltezeit am Bahnhof, Verspätung eines vorausfahrenden Zuges
08.10.2026;13:20;RB53;14934;Iserlohn;Dortmund Hbf;10;teilweise;Iserlohn;Technischer Defekt an einem anderen Zug
08.10.2026;13:20;RRB RB36;82333;Duisburg-Ruhrort;Oberhausen Hbf;1;nein;Duisburg-Meiderich Süd;
08.10.2026;13:20;RTB RB21;90812;Düren;Heimbach (Eifel);1;nein;Düren;
08.10.2026;13:20;S12;32289;Au (Sieg);Horrem;;ja;Au (Sieg);
08.10.2026;13:20;S4;30446;Dortmund-Lütgendortmund;Unna;9;nein;Unna West;
08.10.2026;13:20;S6;56076;Köln-Dellbrück;Köln-Worringen;7;nein;Köln-Chorweiler Nord;Verspätung eines vorausfahrenden Zuges
08.10.2026;13:20;VIA RB91;21428;Kirchhundem-Welschen Ennest;Siegen Hbf;0;teilweise;Kreuztal;
08.10.2026;13:21;Bus RE1;7850;Essen Hbf Kruppstraße/Am Thyssenhaus;Duisburg Hbf;;nein;Mülheim (Ruhr) Hbf;
08.10.2026;13:21;Bus RE14;67540;Bottrop Hbf;Dorsten;0;nein;Bottrop Hbf;
08.10.2026;13:21;ERB RB61;20367;Hengelo;Bielefeld Hbf;26;nein;Hiddenhausen-Schweicheln;Defekt an einem Signal, Vorfahrt eines anderen Zuges
08.10.2026;13:21;ICE 629;629;Düsseldorf Hbf;München Hbf;8;nein;Düsseldorf Hbf;
08.10.2026;13:21;RE2;10216;Osnabrück Hbf;Essen Hbf;5;nein;Essen Hbf;Verspätung eines vorausfahrenden Zuges
08.10.2026;13:21;RTB RB21;90745;Düren;Linnich Bhf;0;nein;Düren;
08.10.2026;13:21;S2;30241;Dortmund Hbf;Essen Hbf;6;nein;Dortmund-Dorstfeld;Verspätung eines vorausfahrenden Zuges
08.10.2026;13:21;TR RB26;25425;Köln Messe/Deutz;Mainz Hbf;5;nein;Roisdorf;
08.10.2026;13:21;VIA RB34;90512;Dalheim;Mönchengladbach Hbf;9;nein;Rheydt Hbf;
08.10.2026;13:22;NWB RB58;75254;Bremen Hbf;Osnabrück Hbf;12;nein;Halen;Warten auf einen entgegenkommenden Zug
08.10.2026;13:22;NWB RB75;75138;Halle(Westf);Bielefeld Hbf;11;nein;Bielefeld Hbf;
08.10.2026;13:22;RB RE22;10025;Kall;Trier Hbf;0;nein;Urft;
08.10.2026;13:22;RE41;16228;Haltern am See;Bochum Hbf;2;nein;Marl-Sinsen;
08.10.2026;13:22;RRB RE44;26657;Moers;Bottrop Hbf;6;nein;Bottrop-Vonderort;
08.10.2026;13:22;S1;56347;Essen West;Dortmund Hbf;7;teilweise;Essen West;Defekt an der Strecke
08.10.2026;13:22;S23;32349;Euskirchen;Bonn Hbf;2;nein;Rheinbach Römerkanal;
08.10.2026;13:22;S41;5012;Hergenrath;Aachen Hbf;7;nein;Aachen Hbf;
08.10.2026;13:22;S5;31541;Hagen Hbf;Dortmund Hbf;4;nein;Dortmund Hbf;
08.10.2026;13:23;Bus EV;93881;Bad Berleburg;Aue-Wingeshausen;0;nein;Bad Berleburg;
08.10.2026;13:23;RB RE22;10022;Trier Hbf;Kall;5;nein;Schmidtheim;Verspätung eines vorausfahrenden Zuges
08.10.2026;13:23;RB33;10325;Duisburg Hbf;Aachen Hbf;5;nein;Aachen Schanz;Verspätung eines vorausfahrenden Zuges
08.10.2026;13:23;RB52;33816;Lüdenscheid;Rummenohl;2;nein;Dahlerbrück;
08.10.2026;13:23;RB77;14564;Hildesheim Hbf;Herford;12;nein;Herford;Verspätung eines vorausfahrenden Zuges
08.10.2026;13:23;SBH S1;34122;Hannover Hbf;Minden (Westf);5;nein;Minden (Westf);Vorfahrt eines anderen Zuges
08.10.2026;13:23;VIA RB46;31453;Gelsenkirchen Hbf;Bochum Hbf;3;nein;Herne-Wanne-Eickel Hbf;Vorfahrt eines anderen Zuges
08.10.2026;13:24;ERB RB65;52327;Rheine;Münster(Westf)Hbf;4;nein;Münster (Westf) Hbf;Verspätung eines vorausfahrenden Zuges
08.10.2026;13:24;HLB RB93;61879;Aue-Wingeshausen;Siegen Hbf;14;nein;Vormwald Dorf;Warten auf einen entgegenkommenden Zug
08.10.2026;13:24;ICE 311;311;Antwerpen Centraal;Köln Hbf;4;nein;Köln Hbf;
08.10.2026;13:24;NWB RB84;74972;Paderborn Hbf;Kreiensen;5;nein;Brakel (Kr Höxter);Vorfahrt eines anderen Zuges
08.10.2026;13:24;NWB RB85;74929;Paderborn Hbf;Göttingen;5;nein;Brakel (Kr Höxter);Vorfahrt eines anderen Zuges
08.10.2026;13:24;RRB RE10;82281;Kleve;Düsseldorf Hbf;3;nein;Kleve;Vorfahrt eines anderen Zuges
08.10.2026;13:25;Bus RE1;7863;Duisburg Hbf;Essen Hbf Kruppstraße/Am Thyssenhaus;;nein;Duisburg Hbf;
08.10.2026;13:25;ERB RB67;79303;Bielefeld Hbf;Münster(Westf)Hbf;10;nein;Gütersloh Hbf;Vorfahrt eines anderen Zuges, Verspätung aus vorheriger Fahrt
08.10.2026;13:25;ERB RB89;90022;Paderborn Hbf;Münster(Westf)Hbf;7;nein;Scharmede;Verspätung eines vorausfahrenden Zuges, Defekt an einer Weiche
08.10.2026;13:25;ERB RE13;20076;Hamm(Westf)Hbf;Venlo;4;nein;Mönchengladbach Hbf;Verspätung eines vorausfahrenden Zuges
08.10.2026;13:25;ERB RE13;20077;Venlo;Hamm(Westf)Hbf;25;nein;Bönen;Defekt an der Strecke, Außerplanmäßige Geschwindigkeitsbeschränkung, Verspätung eines vorausfahrenden Zuges, Vorfahrt eines anderen Zuges
08.10.2026;13:25;ICE 1053;1053;Münster (Westf) Hbf;Hannover Hbf;4;nein;Münster (Westf) Hbf;
08.10.2026;13:25;VIA RE19;20021;Arnhem Centraal;Düsseldorf Hbf;31;nein;Düsseldorf Flughafen;Vorfahrt eines anderen Zuges
08.10.2026;13:25;VIA RE19;77021;Bocholt;Düsseldorf Hbf;31;nein;Düsseldorf Flughafen;Warten auf einen entgegenkommenden Zug
08.10.2026;13:26;Bus RE1;7852;Essen Hbf Kruppstraße/Am Thyssenhaus;Duisburg Hbf;;nein;Mülheim (Ruhr) Hbf;
08.10.2026;13:26;NX RE4;26421;Aachen Hbf;Dortmund Hbf;15;nein;Aachen West;Verspätung eines vorausfahrenden Zuges
08.10.2026;13:26;RB32;31258;Oberhausen Hbf;Dortmund Hbf;18;nein;Dortmund Hbf;Verspätung eines vorausfahrenden Zuges
08.10.2026;13:26;RE57;10797;Dortmund Hbf;Warburg(Westf);24;nein;Arnsberg (Westf);Verspätung eines vorausfahrenden Zuges
08.10.2026;13:26;S23;32351;Euskirchen;Bonn Hbf;3;nein;Euskirchen-Kuchenheim;
08.10.2026;13:26;S3;30339;Hattingen(Ruhr) Mitte;Essen West;10;teilweise;Essen Hbf;Defekt an der Strecke
08.10.2026;13:27;ERB RB72;90659;Herford;Paderborn Hbf;26;nein;Altenbeken;Defekt an einem Bahnübergang, Vorfahrt eines anderen Zuges, Verspätung aus vorheriger Fahrt
08.10.2026;13:27;ERB RB89;90023;Münster(Westf)Hbf;Paderborn Hbf;12;nein;Hamm-Bockum-Hövel;Verspätung aus vorheriger Fahrt
08.10.2026;13:27;NWB RB75;75145;Bielefeld Hbf;Halle(Westf);11;nein;Bielefeld Hbf;Vorfahrt eines anderen Zuges
08.10.2026;13:27;RRB RB31;26014;Duisburg Hbf;Moers;6;nein;Moers;
08.10.2026;13:28;ERB RB61;20369;Hengelo;Bielefeld Hbf;34;nein;Ibbenbüren;Längere Haltezeit am Bahnhof, Defekt an einem Bahnübergang, Verspätung eines vorausfahrenden Zuges, Vorfahrt eines anderen Zuges
08.10.2026;13:28;ICE 1032;1032;Köln Hbf;Greifswald;6;nein;Oberhausen Hbf;
08.10.2026;13:28;RB20;30521;Alsdorf-Annapark;Langerwehe;8;nein;Aachen Schanz;Verspätung aus vorheriger Fahrt
08.10.2026;13:28;RB20;30571;Alsdorf-Annapark;Stolberg-Altstadt;8;nein;Aachen Schanz;Verspätung aus vorheriger Fahrt
08.10.2026;13:28;S1;31106;Duisburg Hbf;Solingen Hbf;2;nein;Duisburg Hbf;
08.10.2026;13:28;S4;30452;Dortmund-Lütgendortmund;Unna;2;nein;Dortmund-Somborn;Verspätung aus vorheriger Fahrt
08.10.2026;13:28;S6;30676;Essen Hbf;Düsseldorf Hbf;4;nein;Düsseldorf Wehrhahn;
08.10.2026;13:28;S6;30682;Essen Hbf;Düsseldorf Hbf;1;nein;Essen Hbf;
08.10.2026;13:28;S6;56078;Köln-Dellbrück;Köln-Worringen;3;nein;Köln-Nippes;
08.10.2026;13:28;S9;30936;Haltern am See;Wuppertal Hbf;15;nein;Essen-Überruhr;Verspätung eines vorausfahrenden Zuges
08.10.2026;13:29;NX RB48;17341;Wuppertal-Oberbarmen;Köln Hbf;13;nein;Haan-Gruiten;Verspätung eines vorausfahrenden Zuges
08.10.2026;13:29;RB38;10268;Köln Messe/Deutz;Bedburg(Erft);4;nein;Köln Hbf;
08.10.2026;13:29;RB51;20268;Dortmund Hbf;Enschede;5;nein;Lüdinghausen;Warten auf einen entgegenkommenden Zug
08.10.2026;13:29;RE17;10720;Brilon Stadt;Hagen Hbf;9;nein;Schwerte (Ruhr);Verspätung eines vorausfahrenden Zuges
08.10.2026;13:29;RE22;10027;Köln Messe/Deutz;Kall;3;nein;Köln Süd;
08.10.2026;13:29;S4;30447;Unna;Dortmund-Lütgendortmund;7;nein;Dortmund-Asseln Mitte;Verspätung eines vorausfahrenden Zuges
08.10.2026;13:29;S6;30669;Düsseldorf Hbf;Essen Hbf;2;nein;Essen Süd;
08.10.2026;13:29;VIA RB35;32914;Mönchengladbach Hbf;Duisburg-Hochfeld Süd;2;nein;Krefeld Hbf;
08.10.2026;13:29;WFB RE15;90305;Emden Hbf;Münster(Westf)Hbf;3;nein;Rheine;Verspätung eines vorausfahrenden Zuges
08.10.2026;13:30;Bus RE1;7865;Duisburg Hbf;Essen Hbf Kruppstraße/Am Thyssenhaus;;nein;Duisburg Hbf;
08.10.2026;13:30;ERB RB59;90333;Dortmund Hbf;Soest;10;nein;Unna;Vorfahrt eines anderen Zuges, Verspätung aus vorheriger Fahrt
08.10.2026;13:30;NX RE6;89717;Köln/Bonn Flughafen;Minden(Westf);37;nein;Minden (Westf);Bauarbeiten
08.10.2026;13:30;RB27;10616;Köln Messe/Deutz;Mönchengladbach Hbf;2;nein;Köln-Ehrenfeld;
08.10.2026;13:30;RB53;14931;Dortmund Hbf;Iserlohn;14;teilweise;Kalthof (Kr Iserlohn);Verspätung eines vorausfahrenden Zuges, Technischer Defekt an einem anderen Zug
08.10.2026;13:30;RE18;18937;Eygelshoven Markt;Aachen Hbf;1;nein;Herzogenrath;
08.10.2026;13:30;RE18;18938;Aachen Hbf;Eygelshoven Markt;15;nein;Herzogenrath;Verspätung eines vorausfahrenden Zuges
08.10.2026;13:30;RRB RE14;89543;Bottrop Hbf;Essen Hbf;14;nein;Essen Hbf;Defekt an der Strecke
08.10.2026;13:31;Bus RE1;7854;Essen Hbf Kruppstraße/Am Thyssenhaus;Duisburg Hbf;;nein;Mülheim (Ruhr) Hbf;
08.10.2026;13:31;RB51;14625;Lünen Hbf;Dortmund Hbf;;ja;Lünen Hbf;Defekt an einem Signal
08.10.2026;13:31;RE42;10133;Essen Hbf;Münster(Westf)Hbf;13;nein;Buldern;Verspätung eines vorausfahrenden Zuges
08.10.2026;13:31;VIA RE16;31314;Essen Hbf;Iserlohn;9;nein;Iserlohn-Letmathe;Vorfahrt eines anderen Zuges
08.10.2026;13:32;ERB RB73;90239;Bielefeld Hbf;Lemgo-Lüttfeld;15;nein;Oerlinghausen;Verspätung eines vorausfahrenden Zuges
08.10.2026;13:32;ICE 123;123;Amsterdam Centraal;Frankfurt(Main)Hbf;29;nein;Siegburg/Bonn;Vorfahrt eines anderen Zuges
08.10.2026;13:32;RB38;10084;Horrem;Bedburg (Erft);3;nein;Paffendorf;
08.10.2026;13:32;RRB RB31;26021;Moers;Duisburg Hbf;2;nein;Trompet;
08.10.2026;13:32;RTB RB28;90862;Euskirchen;Düren;2;nein;Euskirchen;
08.10.2026;13:32;S6;56083;Köln-Worringen;Köln-Dellbrück;8;nein;Köln-Dellbrück;
08.10.2026;13:33;ERB RB89;90070;Paderborn Hbf;Münster(Westf)Hbf;14;nein;Welver;Defekt an einem Bahnübergang
08.10.2026;13:33;ICE 126;126;Frankfurt(Main)Hbf;Amsterdam Centraal;21;nein;Oberhausen Hbf;Vorfahrt eines anderen Zuges, Verspätung aus vorheriger Fahrt
08.10.2026;13:33;ICE 1518;1518;Frankfurt(Main)Hbf;Köln Hbf;5;nein;Köln Hbf;
08.10.2026;13:33;NWB RB58;75261;Osnabrück Hbf;Bremen Hbf;9;nein;Halen;Warten auf einen entgegenkommenden Zug, Vorfahrt eines anderen Zuges
08.10.2026;13:33;NWB RE18;75369;Osnabrück Hbf;Oldenburg(Oldb)Hbf;9;nein;Halen;Warten auf einen entgegenkommenden Zug, Vorfahrt eines anderen Zuges
08.10.2026;13:33;NX RE4;26420;Dortmund Hbf;Aachen Hbf;6;nein;Hagen Hbf;
08.10.2026;13:33;RB38;10265;Bedburg (Erft);Köln Messe/Deutz;3;nein;Köln Hbf;
08.10.2026;13:33;RE57;10978;Warburg(Westf);Bestwig;2;nein;Brilon Hoppecke;
08.10.2026;13:33;RRB S7;29175;Wuppertal Hbf;Solingen Hbf;1;nein;Wuppertal Hbf;
08.10.2026;13:33;S11;32188;Düsseldorf Flughafen Terminal;Bergisch Gladbach;11;nein;Dormagen;
08.10.2026;13:33;S3;30338;Essen West;Hattingen(Ruhr) Mitte;12;teilweise;Essen West;Defekt an der Strecke
08.10.2026;13:33;WFB RE15;90282;Münster(Westf)Hbf;Emden Hbf;1;nein;Rheine;
08.10.2026;13:34;ERB RB61;20368;Bielefeld Hbf;Hengelo;13;nein;Ibbenbüren-Esch;Verspätung eines vorausfahrenden Zuges, Vorfahrt eines anderen Zuges
08.10.2026;13:34;ERB RB71;89648;Bielefeld Hbf;Rahden;9;nein;Lübbecke (Westf);Außerplanmäßige Geschwindigkeitsbeschränkung, Verspätete Bereitstellung
08.10.2026;13:34;NX RE7;17414;Krefeld Hbf;Rheine;26;nein;Greven;Defekt an der Strecke
08.10.2026;13:34;RB20;32817;Eschweiler-Weisweiler;Düren;17;nein;Langerwehe;Verspätung eines vorausfahrenden Zuges
08.10.2026;13:34;RB52;33817;Rummenohl;Lüdenscheid;1;nein;Dahlerbrück;
08.10.2026;13:34;RRB RB36;82334;Oberhausen Hbf;Duisburg-Ruhrort;1;nein;Duisburg-Obermeiderich;
08.10.2026;13:34;S11;32194;Düsseldorf Flughafen Terminal;Bergisch Gladbach;5;nein;Düsseldorf Wehrhahn;
08.10.2026;13:35;Bus RE1;7867;Duisburg Hbf;Essen Hbf Kruppstraße/Am Thyssenhaus;;nein;Duisburg Hbf;
08.10.2026;13:35;NX RE7;17420;Krefeld Hbf;Rheine;64;teilweise;Krefeld Hbf;Defekt an einem Signal
08.10.2026;13:35;RB20;30516;Langerwehe;Alsdorf-Annapark;12;nein;Aachen Schanz;Verspätung eines vorausfahrenden Zuges
08.10.2026;13:35;RTB RB21;90783;Untermaubach-Schlagstein;Düren;0;nein;Düren;
08.10.2026;13:35;SBH S1;34127;Minden (Westf);Hannover Hbf;5;nein;Minden (Westf);Vorfahrt eines anderen Zuges
08.10.2026;13:35;VIA RB46;31452;Bochum Hbf;Gelsenkirchen Hbf;2;nein;Herne-Wanne-Eickel Hbf;
08.10.2026;13:36;Bus RE1;7856;Essen Hbf Kruppstraße/Am Thyssenhaus;Duisburg Hbf;;nein;Mülheim (Ruhr) Hbf;
08.10.2026;13:36;ERB RB59;90380;Soest;Dortmund Hbf;1;nein;Soest;
08.10.2026;13:36;ERB RB71;89649;Rahden;Bielefeld Hbf;7;nein;Bieren-Rödinghausen;Außerplanmäßige Geschwindigkeitsbeschränkung, Verspätung eines vorausfahrenden Zuges
08.10.2026;13:36;ERB RE3;89884;Hamm(Westf)Hbf;Essen Hbf;8;nein;Bönen-Nordbögge;Verspätung eines vorausfahrenden Zuges
08.10.2026;13:36;HLB RB95;28692;Dillenburg;Siegen Hbf;5;nein;Wilnsdorf-Rudersdorf;
08.10.2026;13:36;ICE 146;146;Berlin Südkreuz;Amsterdam Centraal;2;nein;Rheine;Warten auf einen entgegenkommenden Zug
08.10.2026;13:36;R S28;77222;Wuppertal Hbf;Kaarster See;5;nein;Neuss Rheinparkcenter;
08.10.2026;13:36;S1;56346;Dortmund Hbf;Essen West;4;teilweise;Essen Hbf;Defekt an der Strecke
08.10.2026;13:36;S2;31215;Dortmund Hbf;Dortmund-Mengede;6;nein;Dortmund-Dorstfeld;
08.10.2026;13:36;S6;56087;Köln-Worringen;Köln-Dellbrück;4;nein;Köln-Blumenberg;
08.10.2026;13:37;Bus RB31;62014;Moers;Xanten;0;nein;Moers;
08.10.2026;13:37;ERB RB65;52329;Rheine;Münster(Westf)Hbf;6;nein;Greven;Verspätung aus vorheriger Fahrt
08.10.2026;13:37;ERB RB66;90597;Osnabrück Hbf;Münster(Westf)Hbf;6;nein;Kattenvenne;Verspätung eines vorausfahrenden Zuges, Vorfahrt eines anderen Zuges
08.10.2026;13:37;ICE 724;724;München Hbf;Düsseldorf Hbf;2;nein;Düsseldorf Hbf;Verspätung eines vorausfahrenden Zuges
08.10.2026;13:37;R S28;77211;Kaarster See;Mettmann Stadtwald;6;nein;Neuss Hbf;Verspätung aus vorheriger Fahrt
08.10.2026;13:37;RB33;10376;Aachen Hbf;Heinsberg(Rheinl);0;ja;Aachen Hbf;Defekt an der Strecke
08.10.2026;13:37;RB64;20216;Münster(Westf)Hbf;Enschede;3;nein;Steinfurt-Grottenkamp;
08.10.2026;13:37;RRB RE14;89542;Essen Hbf;Bottrop Hbf;2;nein;Essen-Borbeck;
08.10.2026;13:37;S19;31085;Blankenberg (Sieg);Düren;;ja;Blankenberg (Sieg);Verspätung aus vorheriger Fahrt
08.10.2026;13:37;S41;5034;Aachen Hbf;Hergenrath;7;nein;Aachen Hbf;
08.10.2026;13:37;TRI RB37;89414;Neuss Hbf;Krefeld Hbf;0;nein;Neuss Hbf;
08.10.2026;13:38;Bus RB31;62023;Xanten;Moers;52;nein;Alpen;
08.10.2026;13:38;RB27;10623;Mönchengladbach Hbf;Köln Messe/Deutz;8;nein;Köln Hbf;Verspätung eines vorausfahrenden Zuges
08.10.2026;13:38;RB32;31260;Oberhausen Hbf;Dortmund Hbf;14;nein;Essen-Dellwig;Verspätung eines vorausfahrenden Zuges
08.10.2026;13:38;RB43;14769;Dortmund Hbf;Dorsten;3;nein;Dortmund-Huckarde Nord;
08.10.2026;13:38;RB63;14718;Münster(W)Zentrum Nord;Coesfeld(Westf);6;nein;Billerbeck;
08.10.2026;13:38;RB64;14984;Münster(Westf)Hbf;Gronau(Westf);4;nein;Münster (Westf) Hbf;
08.10.2026;13:38;S1;30198;Duisburg Hbf;Solingen Hbf;15;teilweise;Hilden;Verspätung eines vorausfahrenden Zuges
08.10.2026;13:39;Bus RE14;67545;Dorsten;Bottrop Hbf;6;nein;Bottrop Hbf;
08.10.2026;13:39;ERB RB65;52326;Münster(Westf)Hbf;Rheine;8;nein;Münster Zentrum Nord;Verspätung eines vorausfahrenden Zuges, Vorfahrt eines anderen Zuges
08.10.2026;13:39;NWB RB74;75040;Paderborn Hbf;Bielefeld Hbf;13;nein;Hövelriege;Vorfahrt eines anderen Zuges
08.10.2026;13:39;NX RE1;26817;Aachen Hbf;Hamm(Westf)Hbf;24;nein;Hamm (Westf) Hbf;Vorfahrt eines anderen Zuges
08.10.2026;13:39;S1;31121;Solingen Hbf;Duisburg Hbf;2;nein;Hilden Süd;
08.10.2026;13:39;TRI RE100;28081;Düsseldorf Hbf;Essen Hbf;2;nein;Düsseldorf Hbf;
08.10.2026;13:39;VIA RB39;56616;Bedburg (Erft);Düsseldorf Hbf;3;nein;Kapellen-Wevelinghoven;
08.10.2026;13:40;Bus RE1;7869;Duisburg Hbf;Essen Hbf Kruppstraße/Am Thyssenhaus;;nein;Duisburg Hbf;
08.10.2026;13:40;ERB RB67;79300;Münster (Westf) Hbf;Rheda-Wiedenbrück;7;nein;Telgte;Verspätung eines vorausfahrenden Zuges
08.10.2026;13:40;ERB RB89;90021;Münster(Westf)Hbf;Paderborn Hbf;23;nein;Paderborn Hbf;Defekt an einem Bahnübergang, Verspätung eines vorausfahrenden Zuges, Vorfahrt eines anderen Zuges, Verspätung aus vorheriger Fahrt
08.10.2026;13:40;NWB RB75;75140;Osnabrück Hbf;Bielefeld Hbf;10;nein;Quelle;Vorfahrt eines anderen Zuges
08.10.2026;13:40;NX RB48;17343;Wuppertal-Oberbarmen;Bonn-Mehlem;4;nein;Wuppertal-Oberbarmen;
08.10.2026;13:40;S4;30449;Unna-Königsborn;Dortmund-Lütgendortmund;9;nein;Dortmund-Wickede;
08.10.2026;13:40;S8;30883;Mönchengladbach Hbf;Wuppertal-Oberbarmen;5;nein;Korschenbroich;
08.10.2026;13:41;Bus RE1;7858;Essen Hbf Kruppstraße/Am Thyssenhaus;Duisburg Hbf;;nein;Mülheim (Ruhr) Hbf;
08.10.2026;13:41;NX RB48;17336;Köln Hbf;Wuppertal-Oberbarmen;6;nein;Wuppertal-Barmen;
08.10.2026;13:41;RB54;14837;Fröndenberg;Neuenrade;3;nein;Balve Sanssouci;
08.10.2026;13:41;RE8;10821;Mönchengladbach Hbf;Köln Messe/Deutz;2;nein;Stommeln;
08.10.2026;13:41;S1;31102;Duisburg Hbf;Solingen Hbf;3;nein;Düsseldorf Wehrhahn;
08.10.2026;13:41;S1;31120;Dortmund Hbf;Essen Hbf;3;nein;Dortmund-Dorstfeld;
08.10.2026;13:42;ERB RB69;89981;Hamm(Westf)Hbf;Bielefeld Hbf;1;nein;Hamm-Heessen;
08.10.2026;13:42;RE22;10022;Kall;Köln Messe/Deutz;6;nein;Kall;Verspätung eines vorausfahrenden Zuges
08.10.2026;13:42;RE34;26086;Hagen Hbf;Lennestadt-Altenhundem;;ja;Hagen Hbf;Bauarbeiten
08.10.2026;13:42;S19;52795;Troisdorf;Düren;2;nein;Köln Hansaring;
08.10.2026;13:43;RB33;10327;Duisburg Hbf;Aachen Hbf;8;nein;Hückelhoven-Baal;Verspätung eines vorausfahrenden Zuges
08.10.2026;13:43;RB63;14721;Coesfeld(Westf);Münster(W)Zentrum Nord;4;nein;Münster-Mecklenbeck;Warten auf einen entgegenkommenden Zug
08.10.2026;13:43;RE49;30397;Wuppertal Hbf;Essen Hbf;5;nein;Essen-Steele;
08.10.2026;13:43;S2;30238;Essen Hbf;Dortmund Hbf;17;nein;Dortmund Hbf;Verspätung eines vorausfahrenden Zuges
08.10.2026;13:43;S23;32350;Bonn Hbf;Bad Münstereifel;1;nein;Bonn-Endenich Nord;
08.10.2026;13:44;RTB RB21;90714;Jülich-Nord;Düren;4;nein;Düren;
08.10.2026;13:44;S11;32196;Düsseldorf Flughafen Terminal;Bergisch Gladbach;;ja;Düsseldorf Flughafen Terminal;Defekt an der Strecke
08.10.2026;13:44;S23;32348;Bonn Hbf;Euskirchen;2;nein;Swisttal-Odendorf;
08.10.2026;13:44;S9;30939;Wuppertal Hbf;Haltern am See;6;nein;Essen West;Verspätung eines vorausfahrenden Zuges
08.10.2026;13:44;VIA RB91;21429;Siegen Hbf;Welschen Ennest;5;nein;Siegen-Weidenau;Bauarbeiten
08.10.2026;13:45;Bus RE1;7871;Duisburg Hbf;Essen Hbf Kruppstraße/Am Thyssenhaus;;nein;Duisburg Hbf;
08.10.2026;13:45;ERB RE78;52281;Bielefeld Hbf;Nienburg(Weser);2;nein;Bad Oeynhausen;
08.10.2026;13:45;ERB RE78;52282;Nienburg(Weser);Bielefeld Hbf;0;nein;Petershagen-Lahde;
08.10.2026;13:45;RB53;14933;Dortmund Hbf;Iserlohn;30;teilweise;Schwerte (Ruhr);Technischer Defekt an einem anderen Zug
08.10.2026;13:45;RE47;89322;Düsseldorf Hbf;Remscheid-Lennep;6;nein;Düsseldorf-Eller Mitte;Verspätung eines vorausfahrenden Zuges
08.10.2026;13:46;Bus RE1;7860;Essen Hbf Kruppstraße/Am Thyssenhaus;Duisburg Hbf;;nein;Mülheim (Ruhr) Hbf;
08.10.2026;13:46;RB24;10421;Köln Messe/Deutz;Kall;5;nein;Scheven;Verspätung eines vorausfahrenden Zuges
08.10.2026;13:46;RB24;10425;Köln Messe/Deutz;Kall;5;nein;Köln Hbf;Verspätung eines vorausfahrenden Zuges
08.10.2026;13:46;S2;31212;Dortmund-Mengede;Dortmund Hbf;9;nein;Dortmund-Westerfilde;
08.10.2026;13:46;SBH S5;34547;Hannover Flughafen;Paderborn Hbf;12;nein;Paderborn Hbf;Vorfahrt eines anderen Zuges
08.10.2026;13:46;VIA RB39;56661;Neuss Hbf;Grevenbroich;2;nein;Kapellen-Wevelinghoven;
08.10.2026;13:47;ERB RB89;90020;Paderborn Hbf;Münster(Westf)Hbf;8;nein;Münster (Westf) Hbf;Defekt an einem Bahnübergang, Verspätung eines vorausfahrenden Zuges
08.10.2026;13:47;HLB RB95;28689;Siegen Hbf;Dillenburg;7;nein;Wilnsdorf-Rudersdorf;Verspätung eines vorausfahrenden Zuges
08.10.2026;13:47;HLB RB96;61820;Haiger;Betzdorf(Sieg);2;nein;Würgendorf Ort;
08.10.2026;13:47;HLB RE34;28568;Kirchhundem-Welschen Ennest;Siegen Hbf;8;nein;Siegen-Weidenau;Verspätung eines vorausfahrenden Zuges
08.10.2026;13:47;IC 2201;2201;Norddeich Mole;Köln Hbf;25;nein;Düsseldorf Hbf;Defekt an einem Bahnübergang
08.10.2026;13:47;RE9;10916;Siegen Hbf;Aachen Hbf;38;nein;Köln Hbf;Verspätung aus vorheriger Fahrt
08.10.2026;13:48;ERB RE82;79352;Bielefeld Hbf;Altenbeken;18;nein;Altenbeken;Vorfahrt eines anderen Zuges, Verspätung aus vorheriger Fahrt
08.10.2026;13:48;RRB S7;29166;Solingen Hbf;Wuppertal Hbf;4;nein;Wuppertal-Ronsdorf;Vorfahrt eines anderen Zuges
08.10.2026;13:48;S4;30450;Dortmund-Dorstfeld;Unna-Königsborn;2;nein;Dortmund-Wickede West;
08.10.2026;13:48;S6;30678;Essen Hbf;Düsseldorf Hbf;1;nein;Düsseldorf Wehrhahn;
08.10.2026;13:48;S9;30934;Recklinghausen Hbf;Hagen Hbf;22;nein;Wuppertal-Langerfeld;Verspätung eines vorausfahrenden Zuges
08.10.2026;13:48;VIA RE16;29981;Iserlohn;Iserlohn-Letmathe;2;nein;Iserlohn;
08.10.2026;13:49;Bus RB54;54018;Bahnhof, Unna;Ardey Bahnhof, Fröndenberg;;nein;Fröndenberg-Frömern;
08.10.2026;13:49;RB20;30566;Stolberg-Altstadt;Alsdorf-Annapark;12;teilweise;Herzogenrath;Verspätung eines vorausfahrenden Zuges, Verspätung aus vorheriger Fahrt
08.10.2026;13:49;RRB RB31;26064;Duisburg Hbf;Moers;7;nein;Rheinhausen;Vorfahrt eines anderen Zuges
08.10.2026;13:49;RTB RB21;90717;Düren;Linnich Bhf;0;nein;Düren;
08.10.2026;13:50;Bus RE1;7873;Duisburg Hbf;Essen Hbf Kruppstraße/Am Thyssenhaus;;nein;Duisburg Hbf;
08.10.2026;13:50;ICE 1010;1010;München Hbf;Dortmund Hbf;26;nein;Dortmund Hbf;Verspätung eines vorausfahrenden Zuges
08.10.2026;13:50;ICE 942;942;Berlin Hbf;Düsseldorf Hbf;49;nein;Duisburg Hbf;Defektes Stellwerk, Vorfahrt eines anderen Zuges
08.10.2026;13:50;NX RE5;28519;Wesel;Koblenz Hbf;10;nein;Düsseldorf Flughafen;Verspätung eines vorausfahrenden Zuges
08.10.2026;13:50;RB20;30020;Eschweiler-Weisweiler;Stolberg(Rheinl)Hbf Gl.44;13;nein;Stolberg (Rheinl) Hbf;Verspätung eines vorausfahrenden Zuges
08.10.2026;13:50;RB20;30070;Stolberg-Altstadt;Stolberg(Rheinl)Hbf Gl.44;13;nein;Stolberg (Rheinl) Hbf;Verspätung eines vorausfahrenden Zuges
08.10.2026;13:50;RB25;10546;Rösrath;Gummersbach;17;nein;Ründeroth;Warten auf einen entgegenkommenden Zug
08.10.2026;13:50;RB53;14936;Iserlohn;Dortmund Hbf;6;teilweise;Iserlohn;Technischer Defekt an einem anderen Zug
08.10.2026;13:50;RTB RB21;90784;Düren;Untermaubach-Schlagstein;0;nein;Düren;
08.10.2026;13:50;S12;32280;Horrem;Au(Sieg);6;nein;Spich;Verspätung eines vorausfahrenden Zuges
08.10.2026;13:50;S12;32282;Horrem;Hennef(Sieg);2;nein;Köln Hbf;
08.10.2026;13:51;Bus RE1;7862;Essen Hbf Kruppstraße/Am Thyssenhaus;Duisburg Hbf;;nein;Mülheim (Ruhr) Hbf;
08.10.2026;13:51;NWB RB74;75043;Bielefeld Hbf;Paderborn Hbf;12;nein;Bielefeld-Sennestadt;Vorfahrt eines anderen Zuges
08.10.2026;13:51;RB54;14839;Fröndenberg;Menden(Sauerland);2;nein;Bösperde;
08.10.2026;13:51;RB54;14840;Neuenrade;Fröndenberg;2;nein;Menden (Sauerland);
08.10.2026;13:51;RB94;23164;Marburg(Lahn);Erndtebrück;3;nein;Erndtebrück;
08.10.2026;13:51;RE47;89325;Remscheid-Lennep;Düsseldorf Hbf;4;nein;Solingen Grünewald;Verspätung eines vorausfahrenden Zuges
08.10.2026;13:51;RE49;56786;Wesel;Oberhausen Hbf;6;nein;Oberhausen Hbf;
08.10.2026;13:51;RE9;10915;Aachen Hbf;Siegen Hbf;19;nein;Siegen Hbf;Verspätung eines vorausfahrenden Zuges
08.10.2026;13:51;S1;31112;Dortmund Hbf;Essen Hbf;6;nein;Essen Hbf;
08.10.2026;13:51;VIA RB35;32915;Duisburg-Hochfeld Süd;Mönchengladbach Hbf;7;nein;Mönchengladbach Hbf;Vorfahrt eines anderen Zuges
08.10.2026;13:51;VIA RB46;31454;Bochum Hbf;Gelsenkirchen Hbf;1;nein;Bochum West;
08.10.2026;13:51;WFB RE60;95778;Braunschweig Hbf;Rheine;3;nein;Minden (Westf);
08.10.2026;13:52;FLX 30;1325;Köln Hbf;Dresden Hbf;24;nein;Hamm (Westf) Hbf;Vorfahrt eines anderen Zuges
08.10.2026;13:52;HLB RB96;61821;Betzdorf(Sieg);Dillenburg;4;nein;Struthütten;
08.10.2026;13:52;NWB RB85;74922;Göttingen;Paderborn Hbf;11;nein;Altenbeken;Defekt an einem Bahnübergang
08.10.2026;13:52;RB38;10267;Bedburg (Erft);Köln Messe/Deutz;2;nein;Zieverich;
08.10.2026;13:52;RB77;14569;Herford;Hildesheim Hbf;12;nein;Bad Oeynhausen Süd;Verspätung aus vorheriger Fahrt
08.10.2026;13:52;RE2;10217;Essen Hbf;Osnabrück Hbf;13;nein;Kattenvenne;Vorfahrt eines anderen Zuges
08.10.2026;13:52;RE49;30394;Essen Hbf;Wuppertal Hbf;15;nein;Wuppertal Hbf;
08.10.2026;13:52;S1;31117;Solingen Hbf;Duisburg Hbf;9;nein;Angermund;
08.10.2026;13:52;S1;56349;Essen West;Dortmund Hbf;4;teilweise;Essen West;Defekt an der Strecke
08.10.2026;13:52;S19;31077;Blankenberg (Sieg);Düren;6;nein;Merzenich;
08.10.2026;13:52;S5;31543;Witten Hbf;Dortmund Hbf;4;nein;Dortmund Hbf;
08.10.2026;13:52;VIA RB34;90513;Mönchengladbach Hbf;Dalheim;10;nein;Arsbeck;Vorfahrt eines anderen Zuges
08.10.2026;13:53;Bus RE14;67553;Coesfeld (Westf);Dorsten;1;nein;Lembeck;
08.10.2026;13:53;ERB RB89;90073;Münster(Westf)Hbf;Paderborn Hbf;7;nein;Drensteinfurt;Verspätung eines vorausfahrenden Zuges, Vorfahrt eines anderen Zuges
08.10.2026;13:53;ICE 1011;1011;Dortmund Hbf;München Hbf;7;nein;Dortmund Hbf;
08.10.2026;13:53;RB25;10544;Köln Hansaring;Lüdenscheid;14;nein;Meinerzhagen;Verspätung eines vorausfahrenden Zuges
08.10.2026;13:53;RRB RE10;82277;Kleve;Düsseldorf Hbf;7;nein;Düsseldorf Hbf;Vorfahrt eines anderen Zuges
08.10.2026;13:53;S1;31125;Solingen Hbf;Duisburg Hbf;12;teilweise;Solingen Hbf;Verspätung eines vorausfahrenden Zuges
08.10.2026;13:54;HLB RB90;61718;Betzdorf(Sieg);Siegen Hbf;0;ja;Niederschelden Nord Hp;Verzögerungen im Betriebsablauf
08.10.2026;13:54;HLB RE99;15111;Siegen Hbf;Frankfurt(Main)Hbf;1;nein;Siegen Hbf;
08.10.2026;13:54;S8;30885;Mönchengladbach Hbf;Hagen Hbf;3;nein;Mönchengladbach Hbf;
08.10.2026;13:55;Bus RE1;7875;Duisburg Hbf;Essen Hbf Kruppstraße/Am Thyssenhaus;;nein;Duisburg Hbf;
08.10.2026;13:55;HLB RB90;61682;Altenkirchen(Westerwald);Betzdorf(Sieg);1;nein;Geilhausen;
08.10.2026;13:55;RRB RB36;82335;Duisburg-Ruhrort;Oberhausen Hbf;1;nein;Duisburg-Obermeiderich;
08.10.2026;13:55;S19;31081;Troisdorf;Düren;10;nein;Köln Messe/Deutz;Verspätung aus vorheriger Fahrt
08.10.2026;13:55;VIA RE16;31321;Iserlohn;Essen Hbf;3;nein;Wetter (Ruhr);
08.10.2026;13:55;VIA RE19;20022;Düsseldorf Hbf;Arnhem Centraal;9;nein;Oberhausen-Sterkrade;Vorfahrt eines anderen Zuges
08.10.2026;13:55;VIA RE19;77022;Düsseldorf Hbf;Bocholt;9;nein;Oberhausen-Sterkrade;Vorfahrt eines anderen Zuges
08.10.2026;13:56;Bus RE1;7864;Essen Hbf Kruppstraße/Am Thyssenhaus;Duisburg Hbf;;nein;Mülheim (Ruhr) Hbf;
08.10.2026;13:56;Bus RE14;67536;Bottrop Hbf;Borken(Westf);2;teilweise;Deuten;
08.10.2026;13:56;ICE 612;612;München Hbf;Hamburg-Altona;20;nein;Münster (Westf) Hbf;Defekt an der Strecke
08.10.2026;13:56;RB33;10377;Heinsberg(Rheinl);Aachen Hbf;4;ja;Lindern;Defekt an der Strecke
08.10.2026;13:56;S3;30341;Hattingen(Ruhr) Mitte;Essen West;8;teilweise;Essen Hbf;Defekt an der Strecke
08.10.2026;13:56;S6;30677;Düsseldorf Hbf;Essen Hbf;2;nein;Düsseldorf-Derendorf;
08.10.2026;13:56;S6;30684;Essen Hbf;Düsseldorf Hbf;1;nein;Essen-Hügel;
08.10.2026;13:56;TR RB26;25424;Mainz Hbf;Köln Messe/Deutz;23;nein;Köln West;
08.10.2026;13:57;Bus RE14;67551;Dorsten;Bottrop Hbf;0;nein;Dorsten;
08.10.2026;13:57;RTB RB28;90863;Düren;Euskirchen;3;nein;Euskirchen;
08.10.2026;13:57;S4;30454;Dortmund-Dorstfeld;Unna-Königsborn;5;nein;Dortmund-Dorstfeld;
08.10.2026;13:57;VIA RB35;52259;Gelsenkirchen Hbf;Oberhausen Hbf;23;nein;Oberhausen Hbf;Vorfahrt eines anderen Zuges
08.10.2026;13:57;VIA RB39;56619;Düsseldorf Hbf;Bedburg(Erft);3;nein;Düsseldorf-Bilk;
08.10.2026;13:58;HLB RB90;61713;Siegen Hbf;Betzdorf(Sieg);0;nein;Siegen Hbf;
08.10.2026;13:58;R S28;77230;Mettmann Stadtwald;Kaarster See;1;nein;Düsseldorf-Gerresheim;
08.10.2026;13:58;RB51;20270;Dortmund Hbf;Enschede;7;nein;Dortmund-Kirchderne;Verspätung eines vorausfahrenden Zuges
08.10.2026;13:58;RRB S7;29179;Wuppertal Hbf;Solingen Hbf;1;nein;Wuppertal-Barmen;
08.10.2026;13:58;S4;30456;Dortmund-Lütgendortmund;Unna;1;nein;Dortmund-Somborn;
08.10.2026;13:58;S9;30938;Recklinghausen Hbf;Hagen Hbf;4;nein;Essen-Überruhr;
08.10.2026;13:59;NX RE6;89725;Köln/Bonn Flughafen;Minden(Westf);36;teilweise;Köln Messe/Deutz;Polizeieinsatz, Verspätung aus vorheriger Fahrt
08.10.2026;13:59;S11;32183;Bergisch Gladbach;Düsseldorf Flughafen Terminal;60;teilweise;Köln-Worringen;Defekt an der Strecke, Verspätung aus vorheriger Fahrt
08.10.2026;13:59;VIA RB46;31455;Gelsenkirchen Hbf;Bochum Hbf;1;nein;Bochum-Riemke;
08.10.2026;14:00;Bus EV;92954;Finnentrop;Olpe;0;nein;Finnentrop;
08.10.2026;14:00;Bus RE1;7877;Duisburg Hbf;Essen Hbf Kruppstraße/Am Thyssenhaus;;nein;Duisburg Hbf;
08.10.2026;14:00;ERB RB89;90071;Münster(Westf)Hbf;Paderborn Hbf;7;nein;Salzkotten;Vorfahrt eines anderen Zuges
08.10.2026;14:00;ERB RE82;79355;Altenbeken;Bielefeld Hbf;15;nein;Oerlinghausen;Vorfahrt eines anderen Zuges, Verspätung aus vorheriger Fahrt
08.10.2026;14:00;HLB RB93;61881;Aue-Wingeshausen;Siegen Hbf;13;nein;Erndtebrück;Warten auf einen entgegenkommenden Zug
08.10.2026;14:00;R S28;77215;Kaarster See;Wuppertal Hbf;2;nein;Neuss Am Kaiser;
08.10.2026;14:00;RB63;14888;Münster(Westf)Hbf;Coesfeld(Westf);6;nein;Havixbeck;Verspätung eines vorausfahrenden Zuges
08.10.2026;14:00;RE18;18940;Aachen Hbf;Eygelshoven Markt;10;nein;Herzogenrath;Verspätung aus vorheriger Fahrt
08.10.2026;14:00;S5;31546;Dortmund Hbf;Witten Hbf;2;nein;Dortmund Hbf;
08.10.2026;14:00;S6;30675;Düsseldorf Hbf;Essen Hbf;1;nein;Essen-Werden;
08.10.2026;14:01;Bus EV;92929;Olpe;Finnentrop;0;nein;Olpe;
08.10.2026;14:01;Bus RE1;7866;Essen Hbf Kruppstraße/Am Thyssenhaus;Duisburg Hbf;;nein;Mülheim (Ruhr) Hbf;
08.10.2026;14:01;ERB RB50;89934;Dortmund Hbf;Münster(Westf)Hbf;23;nein;Capelle (Westf);Defekt an der Strecke, Verspätung aus vorheriger Fahrt
08.10.2026;14:01;ICE 109;109;Hamburg-Altona;Zürich HB;12;nein;Oberhausen Hbf;Verspätung eines vorausfahrenden Zuges
08.10.2026;14:01;NX RE11;26717;Essen Hbf;Kassel-Wilhelmshöhe;6;nein;Altenbeken;Verspätung eines vorausfahrenden Zuges
08.10.2026;14:01;RB32;31261;Dortmund Hbf;Oberhausen Hbf;34;teilweise;Gelsenkirchen Hbf;Verspätung eines vorausfahrenden Zuges
08.10.2026;14:01;RRB RE14;89545;Bottrop Hbf;Essen Hbf;8;nein;Essen Hbf;
08.10.2026;14:01;RRB S7;29172;Solingen Hbf;Wuppertal Hbf;3;nein;Solingen Mitte;
08.10.2026;14:01;S23;32352;Bonn Hbf;Rheinbach;2;nein;Bonn Helmholtzstraße;
08.10.2026;14:02;HLB RB90;61679;Betzdorf(Sieg);Altenkirchen(Westerwald);2;nein;Geilhausen;
08.10.2026;14:02;RB94;23169;Erndtebrück;Marburg(Lahn);0;nein;Erndtebrück;
08.10.2026;14:02;RRB RE14;89546;Essen Hbf;Bottrop Hbf;2;nein;Essen West;
08.10.2026;14:02;S6;56080;Köln-Dellbrück;Köln-Worringen;5;nein;Köln-Blumenberg;
08.10.2026;14:02;VIA RB35;52254;Oberhausen Hbf;Gelsenkirchen Hbf;23;nein;Oberhausen Hbf;Verspätung aus vorheriger Fahrt
08.10.2026;14:03;HLB RB93;61880;Siegen Hbf;Aue-Wingeshausen;14;nein;Birkelbach;Verzögerungen im Betriebsablauf
08.10.2026;14:03;RB54;14842;Menden(Sauerland);Fröndenberg;1;nein;Bösperde;
08.10.2026;14:03;RE42;10137;Essen Hbf;Münster(Westf)Hbf;9;nein;Recklinghausen Süd;Verspätung eines vorausfahrenden Zuges
08.10.2026;14:03;S2;31217;Dortmund Hbf;Dortmund-Mengede;7;nein;Dortmund Hbf;Verspätung aus vorheriger Fahrt
08.10.2026;14:03;S3;30340;Essen West;Hattingen(Ruhr) Mitte;10;teilweise;Essen West;Defekt an der Strecke
08.10.2026;14:04;HLB RE99;15112;Frankfurt(Main)Hbf;Siegen Hbf;15;nein;Siegen Hbf;
08.10.2026;14:04;RRB RB36;82336;Oberhausen Hbf;Duisburg-Ruhrort;2;nein;Duisburg-Obermeiderich;
08.10.2026;14:04;S5;31544;Dortmund Hbf;Hagen Hbf;4;nein;Hagen Hbf;
08.10.2026;14:05;Bus RE1;7879;Duisburg Hbf;Essen Hbf Kruppstraße/Am Thyssenhaus;;nein;Duisburg Hbf;
08.10.2026;14:05;ERB RB50;89935;Münster(Westf)Hbf;Dortmund Hbf;11;nein;Werne a d Lippe;Verspätung eines vorausfahrenden Zuges, Vorfahrt eines anderen Zuges
08.10.2026;14:05;RTB RB21;90813;Heimbach (Eifel);Düren;0;nein;Düren;
08.10.2026;14:05;TRI RB37;89417;Krefeld Hbf;Neuss Hbf;0;nein;Krefeld Hbf;
08.10.2026;14:06;Bus RE1;7868;Essen Hbf Kruppstraße/Am Thyssenhaus;Duisburg Hbf;;nein;Mülheim (Ruhr) Hbf;
08.10.2026;14:06;NWB RB75;75147;Bielefeld Hbf;Osnabrück Hbf;9;nein;Quelle-Kupferheide;Verspätung aus vorheriger Fahrt
08.10.2026;14:06;RE12;4182;Gerolstein;Köln Messe/Deutz;1;nein;Mechernich;
08.10.2026;14:06;RE42;10135;Mönchengladbach Hbf;Münster(Westf)Hbf;17;nein;Nottuln-Appelhülsen;Verspätung eines vorausfahrenden Zuges
08.10.2026;14:06;RRB RE10;82279;Kleve;Düsseldorf Hbf;16;nein;Meerbusch-Osterath;Vorfahrt eines anderen Zuges
08.10.2026;14:06;S1;56348;Dortmund Hbf;Essen West;3;teilweise;Essen Hbf;Defekt an der Strecke
08.10.2026;14:06;S19;31080;Düren;Troisdorf;11;nein;Köln Trimbornstr;Verspätung eines vorausfahrenden Zuges
08.10.2026;14:06;S4;30451;Unna;Dortmund-Lütgendortmund;8;nein;Dortmund-Körne;Defekt an einem Signal
08.10.2026;14:07;Bus RE14;67538;Dorsten;Coesfeld(Westf);9;nein;Lembeck;
08.10.2026;14:07;Bus RE14;67555;Borken (Westf);Bottrop Hbf;3;teilweise;Deuten;
08.10.2026;14:07;NX RE11;26719;Essen Hbf;Kassel-Wilhelmshöhe;11;nein;Hamm (Westf) Hbf;Defekt an einem Signal
08.10.2026;14:07;R S28;77209;Kaarster See;Wuppertal Hbf;9;nein;Wuppertal-Vohwinkel;Verspätung aus vorheriger Fahrt
08.10.2026;14:07;VIA RE16;29976;Iserlohn-Letmathe;Iserlohn;1;nein;Letmathe-Dechenhöhle;
08.10.2026;14:08;Bus RB54;54021;Ardey Bahnhof, Fröndenberg;Bahnhof, Unna;;nein;Fröndenberg-Frömern;
08.10.2026;14:08;Bus RE14;67559;Coesfeld (Westf);Dorsten;0;nein;Coesfeld (Westf);
08.10.2026;14:08;HLB RE34;28571;Siegen Hbf;Kirchhundem-Welschen Ennest;14;nein;Siegen Hbf;
08.10.2026;14:08;RB51;20267;Enschede;Dortmund Hbf;9;nein;Lette (Kr Coesfeld);Verspätung eines vorausfahrenden Zuges
08.10.2026;14:08;RB52;14669;Dortmund Hbf;Hagen Hbf;11;nein;Hagen Hbf;Defekt an einem Signal
08.10.2026;14:08;RB64;20218;Münster(Westf)Hbf;Enschede;3;nein;Münster (Westf) Hbf;
08.10.2026;14:08;RE18;18939;Eygelshoven Markt;Aachen Hbf;7;nein;Aachen West;Verspätung im Ausland
08.10.2026;14:08;RRB RE44;26656;Bottrop Hbf;Moers;13;nein;Moers;
08.10.2026;14:08;S6;56084;Köln-Dellbrück;Köln-Worringen;1;teilweise;Köln-Nippes;Defekt an der Strecke
08.10.2026;14:08;WFB RE60;95781;Rheine;Braunschweig Hbf;6;nein;Minden (Westf);Verspätung eines vorausfahrenden Zuges, Verzögerungen im Betriebsablauf
08.10.2026;14:09;ERB RB69;89980;Bielefeld Hbf;Hamm(Westf)Hbf;18;nein;Ahlen (Westf);Defekt an der Strecke, Verspätung eines vorausfahrenden Zuges, Vorfahrt eines anderen Zuges
08.10.2026;14:09;ERB RE3;89881;Essen Hbf;Hamm(Westf)Hbf;6;nein;Dortmund-Kurl;
08.10.2026;14:09;RB20;30071;Stolberg(Rheinl)Hbf Gl.44;Stolberg-Altstadt;3;nein;Eilendorf;Verspätung eines vorausfahrenden Zuges
08.10.2026;14:09;S12;32279;Hennef (Sieg);Horrem;3;nein;Horrem;
08.10.2026;14:09;S23;32357;Euskirchen;Bonn Hbf;1;nein;Euskirchen-Kuchenheim;
08.10.2026;14:09;VIA RB39;56660;Grevenbroich;Neuss Hbf;3;nein;Kapellen-Wevelinghoven;
08.10.2026;14:10;Bus RE1;7881;Duisburg Hbf;Essen Hbf Kruppstraße/Am Thyssenhaus;;nein;Duisburg Hbf;
08.10.2026;14:10;ERB RB65;52331;Rheine;Münster(Westf)Hbf;2;nein;Greven;
08.10.2026;14:10;ERB RB89;90072;Paderborn Hbf;Münster(Westf)Hbf;9;nein;Dedinghausen;Vorfahrt eines anderen Zuges
08.10.2026;14:10;ICE 200;200;Zürich HB;Hamburg-Altona;27;nein;Gelsenkirchen Hbf;Pass- und Zollkontrolle, Verspätung eines vorausfahrenden Zuges, Technischer Defekt an einem anderen Zug
08.10.2026;14:10;S12;32285;Hennef (Sieg);Horrem;5;nein;Köln Hbf;
08.10.2026;14:10;S12;32288;Horrem;Hennef(Sieg);9;nein;Köln Hbf;Verspätung eines vorausfahrenden Zuges
08.10.2026;14:10;S6;30681;Düsseldorf Hbf;Essen Hbf;1;nein;Düsseldorf Hbf;
08.10.2026;14:11;Bus RE1;7870;Essen Hbf Kruppstraße/Am Thyssenhaus;Duisburg Hbf;;nein;Mülheim (Ruhr) Hbf;
08.10.2026;14:11;RB24;10432;Kall;Köln Messe/Deutz;5;nein;Scheven;Verspätung aus vorheriger Fahrt
08.10.2026;14:11;RE2;10218;Osnabrück Hbf;Essen Hbf;19;nein;Gelsenkirchen Hbf;Verspätung eines vorausfahrenden Zuges
08.10.2026;14:11;RE57;10763;Dortmund Hbf;Winterberg(Westf);24;teilweise;Siedlinghausen;Verspätung eines vorausfahrenden Zuges
08.10.2026;14:11;S4;30458;Dortmund-Lütgendortmund;Unna-Königsborn;1;nein;Dortmund-Lütgendortmund;
08.10.2026;14:11;VIA RB35;32917;Duisburg-Hochfeld Süd;Mönchengladbach Hbf;3;nein;Rheinhausen Ost;
08.10.2026;14:12;ICE 952;952;Berlin Hbf;Köln Hbf;53;nein;Köln Hbf;Defektes Stellwerk, Vorfahrt eines anderen Zuges, Defekt an einer Weiche
08.10.2026;14:12;NWB RB75;75144;Halle (Westf);Bielefeld Hbf;8;nein;Quelle;Verspätung aus vorheriger Fahrt
08.10.2026;14:12;RB25;10550;Rösrath;Gummersbach;4;nein;Hoffnungsthal;
08.10.2026;14:12;RB51;14618;Dortmund Hbf;Lünen Hbf;;ja;Dortmund Hbf;Defekt an einem Signal
08.10.2026;14:12;RE49;56787;Oberhausen Hbf;Wesel;3;nein;Oberhausen-Sterkrade;
08.10.2026;14:12;RTB RB21;90744;Linnich Bhf;Düren;4;nein;Düren;
08.10.2026;14:12;S11;32187;Bergisch Gladbach;Düsseldorf Flughafen Terminal;51;teilweise;Köln-Blumenberg;Defekt an der Strecke, Verspätung aus vorheriger Fahrt
08.10.2026;14:12;S8;30880;Wuppertal-Oberbarmen;Mönchengladbach Hbf;2;nein;Düsseldorf Hbf;
08.10.2026;14:13;ERB RB72;90661;Herford;Paderborn Hbf;14;nein;Leopoldstal;Verspätung eines vorausfahrenden Zuges, Vorfahrt eines anderen Zuges, Verspätung aus vorheriger Fahrt
08.10.2026;14:13;NWB RB74;75047;Bielefeld Hbf;Paderborn Hbf;13;nein;Bielefeld-Senne;Vorfahrt eines anderen Zuges
08.10.2026;14:13;NX RB48;17339;Wuppertal-Oberbarmen;Bonn-Mehlem;34;nein;Bonn-Bad Godesberg;Defekt an einem Signal, Verspätung aus vorheriger Fahrt
08.10.2026;14:13;RRB RE44;26659;Moers;Bottrop Hbf;10;nein;Oberhausen Hbf;
08.10.2026;14:13;S1;31124;Dortmund Hbf;Essen Hbf;2;nein;Dortmund-Dorstfeld Süd;
08.10.2026;14:13;S11;32191;Bergisch Gladbach;Düsseldorf Flughafen Terminal;4;teilweise;Bergisch Gladbach;Defekt an der Strecke
08.10.2026;14:13;S23;32354;Bonn Hbf;Euskirchen;2;nein;Bonn-Endenich Nord;
08.10.2026;14:14;ERB RB66;90598;Münster(Westf)Hbf;Osnabrück Hbf;13;nein;Ostbevern;Verspätung eines vorausfahrenden Zuges
08.10.2026;14:14;ERB RE13;20079;Venlo;Hamm(Westf)Hbf;19;nein;Holzwickede;Vorfahrt eines anderen Zuges, Verspätung aus vorheriger Fahrt
08.10.2026;14:14;ICE 229;229;Dortmund Hbf;Nürnberg Hbf;19;nein;Bonn Hbf;Vorfahrt eines anderen Zuges
08.10.2026;14:14;RB20;30021;Stolberg(Rheinl)Hbf Gl.44;Eschweiler-Weisweiler;4;nein;Stolberg (Rheinl) Hbf;Verspätung eines vorausfahrenden Zuges
08.10.2026;14:14;RB20;30523;Alsdorf-Annapark;Langerwehe;4;teilweise;Herzogenrath;Verspätung aus vorheriger Fahrt
08.10.2026;14:14;RB20;30573;Alsdorf-Annapark;Stolberg-Altstadt;4;teilweise;Herzogenrath;Verspätung aus vorheriger Fahrt
08.10.2026;14:14;RE42;10136;Münster(Westf)Hbf;Essen Hbf;21;nein;Essen Hbf;Verspätung eines vorausfahrenden Zuges
08.10.2026;14:14;S2;30242;Essen Hbf;Dortmund Hbf;9;nein;Herne;Verspätung eines vorausfahrenden Zuges
08.10.2026;14:14;VIA RB91;31363;Lennestadt-Altenhundem;Hagen Hbf;4;teilweise;Lennestadt-Altenhundem;
08.10.2026;14:15;Bus RE1;7883;Duisburg Hbf;Essen Hbf Kruppstraße/Am Thyssenhaus;;nein;Duisburg Hbf;
08.10.2026;14:15;ERB RB73;90241;Bielefeld Hbf;Lemgo-Lüttfeld;16;nein;Bielefeld Hbf;Vorfahrt eines anderen Zuges, Verspätung aus vorheriger Fahrt
08.10.2026;14:15;NX RB48;17342;Bonn-Mehlem;Wuppertal-Oberbarmen;5;nein;Köln Süd;
08.10.2026;14:15;NX RE6;89720;Minden(Westf);Köln/Bonn Flughafen;46;teilweise;Düsseldorf-Bilk;Verspätete Bereitstellung
08.10.2026;14:15;RB25;10549;Gummersbach;Rösrath;2;nein;Engelskirchen;
08.10.2026;14:15;RB43;14768;Dorsten;Dortmund Hbf;4;nein;Dortmund-Huckarde Nord;
08.10.2026;14:15;RB63;14722;Münster(W)Zentrum Nord;Coesfeld(Westf);6;nein;Münster-Mecklenbeck;Verspätung eines vorausfahrenden Zuges
08.10.2026;14:15;RB77;14566;Hildesheim Hbf;Herford;12;nein;Löhne (Westf);Verspätung eines vorausfahrenden Zuges
08.10.2026;14:15;RRB RB31;26063;Moers;Duisburg Hbf;8;nein;Duisburg Hbf;
08.10.2026;14:16;Bus RE1;7872;Essen Hbf Kruppstraße/Am Thyssenhaus;Duisburg Hbf;;nein;Mülheim (Ruhr) Hbf;
08.10.2026;14:16;RB38;10087;Bedburg (Erft);Horrem;3;nein;Glesch;
08.10.2026;14:16;S11;32189;Bergisch Gladbach;Düsseldorf Flughafen Terminal;42;teilweise;Köln Hansaring;Defekt an der Strecke, Verspätung aus vorheriger Fahrt
08.10.2026;14:16;VIA RB46;31457;Gelsenkirchen Hbf;Bochum Hbf;0;nein;Gelsenkirchen Hbf;
08.10.2026;14:17;R S28;77217;Kaarster See;Wuppertal Hbf;2;nein;Neuss Hbf;
08.10.2026;14:17;RB20;32818;Düren;Eschweiler-Weisweiler;0;nein;Düren;
08.10.2026;14:17;RE57;10760;Winterberg(Westf);Dortmund Hbf;21;nein;Dortmund Hbf;Bereitstellung weiterer Wagen, Verspätung aus vorheriger Fahrt
08.10.2026;14:17;RE57;10976;Warburg(Westf);Dortmund Hbf;21;nein;Dortmund Hbf;Bereitstellung weiterer Wagen
08.10.2026;14:17;S6;56091;Köln-Worringen;Köln-Dellbrück;14;nein;Köln Hbf;Verspätung aus vorheriger Fahrt
08.10.2026;14:18;ICE 315;315;Bruxelles Midi;Frankfurt(Main)Hbf;16;nein;Köln Hbf;Polizeieinsatz, Verspätung im Ausland
08.10.2026;14:19;Bus EV;93880;Aue-Wingeshausen;Bad Berleburg;0;nein;Aue-Wingeshausen;
08.10.2026;14:19;RB63;14723;Coesfeld(Westf);Münster(W)Zentrum Nord;6;nein;Billerbeck;Warten auf einen entgegenkommenden Zug
08.10.2026;14:19;RB64;20215;Enschede;Münster(Westf)Hbf;3;nein;Nordwalde;
08.10.2026;14:19;TRI RE100;28088;Essen Hbf;Düsseldorf Hbf;2;nein;Essen Hbf;
08.10.2026;14:20;Bus RE1;7885;Duisburg Hbf;Essen Hbf Kruppstraße/Am Thyssenhaus;;nein;Duisburg Hbf;
08.10.2026;14:20;ICE 314;314;Frankfurt(Main)Hbf;Bruxelles Midi;8;nein;Aachen Hbf;
08.10.2026;14:20;RB20;30518;Langerwehe;Alsdorf-Annapark;2;nein;Stolberg (Rheinl) Hbf;
08.10.2026;14:20;RB20;30568;Stolberg-Altstadt;Alsdorf-Annapark;2;nein;Stolberg (Rheinl) Hbf;
08.10.2026;14:20;RB53;14935;Dortmund Hbf;Iserlohn;11;nein;Schwerte-Ergste;Verspätung eines vorausfahrenden Zuges
08.10.2026;14:20;RB53;14938;Iserlohn;Dortmund Hbf;8;teilweise;Iserlohn;Technischer Defekt an einem anderen Zug
08.10.2026;14:20;RB54;14841;Fröndenberg;Neuenrade;8;nein;Lendringsen;Warten auf Anschlussreisende
08.10.2026;14:20;RRB RB36;82337;Duisburg-Ruhrort;Oberhausen Hbf;2;nein;Duisburg-Meiderich Süd;
08.10.2026;14:20;RTB RB21;90814;Düren;Heimbach (Eifel);1;nein;Düren;
08.10.2026;14:20;RTB RB28;90865;Düren;Euskirchen;0;nein;Düren;
08.10.2026;14:20;S8;30879;Mönchengladbach Hbf;Wuppertal-Oberbarmen;8;nein;Wuppertal-Steinbeck;Verspätung aus vorheriger Fahrt
08.10.2026;14:21;Bus RE1;7874;Essen Hbf Kruppstraße/Am Thyssenhaus;Duisburg Hbf;;nein;Mülheim (Ruhr) Hbf;
08.10.2026;14:21;NX RE4;26423;Aachen Hbf;Dortmund Hbf;68;teilweise;Aachen Hbf;Bauarbeiten, Defekt an einem Signal, Verspätung eines vorausfahrenden Zuges, Verspätung aus vorheriger Fahrt
08.10.2026;14:21;RB52;33818;Lüdenscheid;Rummenohl;1;nein;Schalksmühle;
08.10.2026;14:21;RTB RB21;90747;Düren;Jülich-Nord;0;nein;Düren;
08.10.2026;14:21;S2;30245;Dortmund Hbf;Essen Hbf;38;nein;Dortmund-Dorstfeld;Verspätetes Personal aus vorheriger Fahrt
08.10.2026;14:22;ERB RB59;90379;Dortmund Hbf;Soest;3;nein;Soest;Verspätung eines vorausfahrenden Zuges
08.10.2026;14:22;ERB RB65;52333;Rheine;Münster(Westf)Hbf;2;nein;Rheine-Mesum;Verspätung aus vorheriger Fahrt
08.10.2026;14:22;RB RE22;10027;Kall;Trier Hbf;2;nein;Urft;
08.10.2026;14:22;RB63;14889;Coesfeld(Westf);Münster(Westf)Hbf;8;nein;Münster (Westf) Hbf;Verspätung eines vorausfahrenden Zuges
08.10.2026;14:22;RE41;16230;Haltern am See;Bochum Hbf;4;nein;Marl-Sinsen;
08.10.2026;14:22;S1;31107;Essen Hbf;Dortmund Hbf;4;nein;Dortmund Hbf;
08.10.2026;14:22;S1;56351;Essen West;Dortmund Hbf;3;teilweise;Essen West;Defekt an der Strecke
08.10.2026;14:22;S4;30455;Unna;Dortmund-Lütgendortmund;1;nein;Massen;
08.10.2026;14:22;S41;5013;Hergenrath;Aachen Hbf;7;nein;Aachen Hbf;
08.10.2026;14:22;S5;31545;Hagen Hbf;Dortmund Hbf;4;nein;Dortmund Hbf;
08.10.2026;14:23;Bus EV;93883;Bad Berleburg;Aue-Wingeshausen;0;nein;Bad Berleburg;
08.10.2026;14:23;HLB RB90;61615;Siegen Hbf;Limburg(Lahn);2;nein;Geilhausen;
08.10.2026;14:23;NWB RB58;75256;Bremen Hbf;Osnabrück Hbf;24;nein;Halen;Vorfahrt eines anderen Zuges
08.10.2026;14:23;RB RE22;10024;Trier Hbf;Kall;6;nein;Schmidtheim;Verspätung eines vorausfahrenden Zuges
08.10.2026;14:23;RB52;14668;Hagen Hbf;Dortmund Hbf;12;nein;Dortmund Hbf;Warten auf einen entgegenkommenden Zug
08.10.2026;14:23;RE17;10723;Hagen Hbf;Brilon Wald;5;nein;Bestwig;Verspätung eines vorausfahrenden Zuges
08.10.2026;14:23;SBH S1;34124;Hannover Hbf;Minden (Westf);0;nein;Minden (Westf);Vorfahrt eines anderen Zuges
08.10.2026;14:24;ERB RB59;90335;Dortmund Hbf;Soest;4;nein;Holzwickede;Verspätung eines vorausfahrenden Zuges
08.10.2026;14:24;HLB RB90;61612;Limburg(Lahn);Siegen Hbf;14;nein;Niederschelden Nord Hp;Verspätung eines vorausfahrenden Zuges, Verzögerungen im Betriebsablauf
08.10.2026;14:24;NX RE7;17416;Krefeld Hbf;Rheine;47;teilweise;Münster (Westf) Hbf;Defekt an einem Signal, Verspätete Bereitstellung
08.10.2026;14:24;RB33;10324;Aachen Hbf;Duisburg Hbf;6;nein;Duisburg Hbf;Verspätung eines vorausfahrenden Zuges
08.10.2026;14:24;RE41;16231;Bochum Hbf;Haltern am See;4;nein;Recklinghausen Süd;
08.10.2026;14:24;S11;33102;Düsseldorf Flughafen Terminal;Bergisch Gladbach;82;teilweise;Düsseldorf Flughafen Terminal;Defekt an der Strecke
08.10.2026;14:25;Bus RE1;7887;Duisburg Hbf;Essen Hbf Kruppstraße/Am Thyssenhaus;;nein;Duisburg Hbf;
08.10.2026;14:25;NX RE5;28518;Koblenz Hbf;Wesel;8;nein;Oberhausen Hbf;Verspätung eines vorausfahrenden Zuges
08.10.2026;14:25;VIA RE19;20023;Arnhem Centraal;Düsseldorf Hbf;32;nein;Düsseldorf Flughafen;Warten auf Anschlussreisende
08.10.2026;14:25;VIA RE19;77023;Bocholt;Düsseldorf Hbf;32;nein;Düsseldorf Flughafen;Warten auf einen entgegenkommenden Zug
08.10.2026;14:26;Bus RE1;7876;Essen Hbf Kruppstraße/Am Thyssenhaus;Duisburg Hbf;;nein;Mülheim (Ruhr) Hbf;
08.10.2026;14:26;ERB RE13;20081;Venlo;Hamm(Westf)Hbf;16;nein;Wuppertal-Vohwinkel;Verspätung eines vorausfahrenden Zuges, Vorfahrt eines anderen Zuges
08.10.2026;14:26;ICE 147;147;Amsterdam Centraal;Berlin Südkreuz;16;nein;Rheine;
08.10.2026;14:26;S3;30343;Hattingen(Ruhr) Mitte;Essen West;10;teilweise;Essen Hbf;Defekt an der Strecke
08.10.2026;14:26;S4;30460;Dortmund-Lütgendortmund;Unna;2;nein;Dortmund-Lütgendortmund;
08.10.2026;14:26;VIA RB34;90514;Dalheim;Mönchengladbach Hbf;12;nein;Mönchengladbach Hbf;Vorfahrt eines anderen Zuges
08.10.2026;14:27;ERB RB72;90666;Paderborn Hbf;Herford;12;nein;Herford;Verspätung eines vorausfahrenden Zuges, Vorfahrt eines anderen Zuges
08.10.2026;14:27;ICE 559;559;Köln Hbf;Berlin Gesundbrunnen;43;nein;Bielefeld Hbf;Defektes Stellwerk, Verspätung aus vorheriger Fahrt
08.10.2026;14:27;NWB RB75;75151;Bielefeld Hbf;Halle(Westf);5;nein;Bielefeld Hbf;Verspätung aus vorheriger Fahrt
08.10.2026;14:27;RRB RB31;26016;Duisburg Hbf;Moers;6;nein;Moers;
08.10.2026;14:27;RRB S7;29170;Solingen Hbf;Wuppertal Hbf;6;nein;Wuppertal Hbf;
08.10.2026;14:27;S4;30453;Unna-Königsborn;Dortmund-Lütgendortmund;5;nein;Dortmund Stadthaus;
08.10.2026;14:27;SBH S5;34564;Paderborn Hbf;Hannover Flughafen;8;nein;Altenbeken;Umgestürzter Baum auf der Strecke, Verspätung eines vorausfahrenden Zuges, Vorfahrt eines anderen Zuges
08.10.2026;14:27;VIA RB91;21430;Kirchhundem-Welschen Ennest;Siegen Hbf;3;nein;Siegen-Weidenau;
08.10.2026;14:28;RB25;10551;Lüdenscheid;Köln Hansaring;14;nein;Dieringhausen;Defekt an der Strecke
08.10.2026;14:28;S2;31214;Dortmund-Mengede;Dortmund Hbf;5;nein;Dortmund Hbf;
08.10.2026;14:28;S23;32355;Euskirchen;Bonn Hbf;2;nein;Bonn Helmholtzstraße;
08.10.2026;14:28;S23;32356;Bonn Hbf;Rheinbach;1;nein;Bonn-Endenich Nord;
08.10.2026;14:28;S6;56093;Köln-Worringen;Köln-Dellbrück;3;nein;Köln-Geldernstr./Parkgürtel;
08.10.2026;14:29;ERB RB71;89651;Rahden;Bielefeld Hbf;7;nein;Bad Holzhausen;Außerplanmäßige Geschwindigkeitsbeschränkung, Vorfahrt eines anderen Zuges
08.10.2026;14:29;WFB RE15;90307;Emden Hbf;Münster(Westf)Hbf;5;nein;Rheine;Defekt an einem Signal, Verspätung aus vorheriger Fahrt
08.10.2026;14:30;Bus RE1;7889;Duisburg Hbf;Essen Hbf Kruppstraße/Am Thyssenhaus;;nein;Duisburg Hbf;
08.10.2026;14:30;ERB RB73;90242;Lemgo-Lüttfeld;Bielefeld Hbf;16;nein;Oerlinghausen;Defekt an der Strecke, Verspätung eines vorausfahrenden Zuges, Vorfahrt eines anderen Zuges
08.10.2026;14:30;HLB RB93;61882;Siegen Hbf;Aue-Wingeshausen;11;nein;Hilchenbach;Verspätung eines vorausfahrenden Zuges
08.10.2026;14:30;IC 2200;2200;Köln Hbf;Norddeich Mole;6;nein;Oberhausen Hbf;
08.10.2026;14:30;RE18;18942;Aachen Hbf;Eygelshoven Markt;10;nein;Herzogenrath;Verspätung aus vorheriger Fahrt
08.10.2026;14:30;RE62;11509;Rheine;Löhne(Westf);1;nein;Bünde (Westf);
08.10.2026;14:30;RRB RE14;89549;Bottrop Hbf;Essen Hbf;16;nein;Essen Hbf;Vorfahrt eines anderen Zuges
08.10.2026;14:30;S12;32292;Horrem;Au(Sieg);5;nein;Köln Hbf;
08.10.2026;14:30;S19;31084;Düren;Troisdorf;8;nein;Köln Frankfurter Straße;Verspätung eines vorausfahrenden Zuges
08.10.2026;14:31;Bus RE1;7878;Essen Hbf Kruppstraße/Am Thyssenhaus;Duisburg Hbf;;nein;Mülheim (Ruhr) Hbf;
08.10.2026;14:31;RB51;14627;Lünen Hbf;Dortmund Hbf;;ja;Lünen Hbf;Defekt an einem Signal
08.10.2026;14:31;RE57;10764;Winterberg(Westf);Dortmund Hbf;19;teilweise;Winterberg (Westf);Defekt an einem Signal, Verspätung eines vorausfahrenden Zuges
08.10.2026;14:31;RRB RE10;82272;Düsseldorf Hbf;Kleve;36;nein;Bedburg-Hau;Technische Störung am Zug, Verspätung aus vorheriger Fahrt
08.10.2026;14:31;VIA RE16;31316;Essen Hbf;Iserlohn;9;nein;Iserlohn-Letmathe;Vorfahrt eines anderen Zuges
08.10.2026;14:32;RB25;10555;Lüdenscheid;Köln Hansaring;7;nein;Lüdenscheid;
08.10.2026;14:32;RTB RB28;90864;Euskirchen;Düren;0;nein;Euskirchen;
08.10.2026;14:33;ERB RB65;52328;Münster(Westf)Hbf;Rheine;3;nein;Emsdetten;Verspätung eines vorausfahrenden Zuges
08.10.2026;14:33;NX RE4;26418;Dortmund Hbf;Aachen Hbf;21;nein;Aachen West;Verspätung eines vorausfahrenden Zuges
08.10.2026;14:33;RE42;10134;Münster(Westf)Hbf;Mönchengladbach Hbf;22;nein;Viersen;Verspätung eines vorausfahrenden Zuges
08.10.2026;14:33;RE57;10980;Warburg(Westf);Dortmund Hbf;12;nein;Brilon Hoppecke;Verspätung eines vorausfahrenden Zuges
08.10.2026;14:33;RRB RE10;82283;Kleve;Düsseldorf Hbf;3;nein;Nieukerk;
08.10.2026;14:33;S1;31115;Essen Hbf;Dortmund Hbf;3;nein;Bochum-Langendreer West;
08.10.2026;14:33;S1;31118;Duisburg Hbf;Solingen Hbf;8;nein;Duisburg-Buchholz;Verspätung eines vorausfahrenden Zuges
08.10.2026;14:33;S3;30342;Essen West;Hattingen(Ruhr) Mitte;11;teilweise;Essen West;Defekt an der Strecke
08.10.2026;14:33;S6;56095;Köln-Worringen;Köln-Dellbrück;16;teilweise;Köln-Worringen;Defekt an der Strecke
08.10.2026;14:33;SBH S5;34551;Hannover Flughafen;Paderborn Hbf;47;teilweise;Altenbeken;Umgestürzter Baum auf der Strecke, Vorfahrt eines anderen Zuges
08.10.2026;14:33;TR RB26;25427;Köln Messe/Deutz;Mainz Hbf;6;nein;Bonn-Bad Godesberg;Verspätung eines vorausfahrenden Zuges
08.10.2026;14:33;WFB RE15;90284;Münster(Westf)Hbf;Emden Hbf;3;nein;Rheine;Verspätung eines vorausfahrenden Zuges
08.10.2026;14:34;ERB RB71;89650;Bielefeld Hbf;Rahden;10;nein;Lübbecke (Westf);Defekt an einem Signal, Außerplanmäßige Geschwindigkeitsbeschränkung
08.10.2026;14:34;NWB RB58;75263;Osnabrück Hbf;Bremen Hbf;3;nein;Halen;Vorfahrt eines anderen Zuges
08.10.2026;14:34;RB20;32819;Eschweiler-Weisweiler;Düren;3;nein;Langerwehe;
08.10.2026;14:34;RB32;31262;Oberhausen Hbf;Dortmund Hbf;23;teilweise;Oberhausen Hbf;Verspätung eines vorausfahrenden Zuges
08.10.2026;14:34;RRB RB36;82338;Oberhausen Hbf;Duisburg-Ruhrort;3;nein;Duisburg-Obermeiderich;
08.10.2026;14:35;Bus RE1;7891;Duisburg Hbf;Essen Hbf Kruppstraße/Am Thyssenhaus;;nein;Duisburg Hbf;
08.10.2026;14:35;ERB RB65;52330;Münster(Westf)Hbf;Rheine;0;nein;Münster (Westf) Hbf;
08.10.2026;14:35;NX RE7;17422;Krefeld Hbf;Rheine;85;teilweise;Krefeld Hbf;Defekt an einem Signal, Defekt an der Strecke, Verspätung aus vorheriger Fahrt
08.10.2026;14:35;RB38;10086;Horrem;Bedburg (Erft);2;nein;Glesch;
08.10.2026;14:35;RTB RB21;90785;Untermaubach-Schlagstein;Düren;3;nein;Düren;
08.10.2026;14:35;S5;31548;Dortmund Hbf;Hagen Hbf;1;nein;Dortmund-Barop;
08.10.2026;14:35;SBH S1;34129;Minden (Westf);Hannover Hbf;4;nein;Minden (Westf);Vorfahrt eines anderen Zuges
08.10.2026;14:35;VIA RB46;31456;Bochum Hbf;Gelsenkirchen Hbf;2;nein;Herne-Wanne-Eickel Hbf;
08.10.2026;14:36;Bus RE1;7880;Essen Hbf Kruppstraße/Am Thyssenhaus;Duisburg Hbf;;nein;Mülheim (Ruhr) Hbf;
08.10.2026;14:36;EUR 9435;9435;Paris Nord;Köln Hbf;7;nein;Aachen Hbf;
08.10.2026;14:36;ICE 549;549;Düsseldorf Hbf;Berlin Hbf;65;nein;Bielefeld Hbf;Defektes Stellwerk, Verspätetes Personal aus vorheriger Fahrt
08.10.2026;14:36;ICE 722;722;München Hbf;Düsseldorf Hbf;28;nein;Düsseldorf Hbf;Defekt an einem Signal
08.10.2026;14:36;NWB RB84;74974;Paderborn Hbf;Holzminden;8;nein;Höxter-Ottbergen;Vorfahrt eines anderen Zuges
08.10.2026;14:36;R S28;77232;Wuppertal Hbf;Kaarster See;4;nein;Neuss Rheinparkcenter;Verspätung eines vorausfahrenden Zuges
08.10.2026;14:36;RB53;14937;Dortmund Hbf;Iserlohn;6;nein;Dortmund-Aplerbeck Süd;Verspätung eines vorausfahrenden Zuges
08.10.2026;14:36;S1;56350;Dortmund Hbf;Essen West;5;teilweise;Essen Hbf;Defekt an der Strecke
08.10.2026;14:36;S2;31219;Dortmund Hbf;Dortmund-Mengede;3;nein;Dortmund-Dorstfeld;
08.10.2026;14:36;S6;30690;Essen Hbf;Düsseldorf Hbf;1;nein;Essen-Hügel;
08.10.2026;14:37;Bus RB31;62016;Moers;Xanten;12;nein;Moers;
08.10.2026;14:37;ERB RB66;90599;Osnabrück Hbf;Münster(Westf)Hbf;1;nein;Kattenvenne;
08.10.2026;14:37;NWB RB74;75044;Paderborn Hbf;Bielefeld Hbf;13;nein;Bielefeld Hbf;Vorfahrt eines anderen Zuges
08.10.2026;14:37;NX RB48;17340;Köln Hbf;Wuppertal-Oberbarmen;12;nein;Wuppertal Hbf;Verspätung eines vorausfahrenden Zuges
08.10.2026;14:37;R S28;77219;Kaarster See;Mettmann Stadtwald;1;nein;Neuss Hbf;
08.10.2026;14:37;RB33;10378;Aachen Hbf;Heinsberg(Rheinl);0;ja;Aachen Hbf;Defekt an der Strecke
08.10.2026;14:37;RB52;33819;Rummenohl;Lüdenscheid;5;nein;Schalksmühle;
08.10.2026;14:37;S41;5035;Aachen Hbf;Hergenrath;9;nein;Aachen Hbf;
08.10.2026;14:37;S8;30884;Wuppertal-Oberbarmen;Mönchengladbach Hbf;1;nein;Hochdahl;
08.10.2026;14:37;S8;30887;Mönchengladbach Hbf;Wuppertal-Oberbarmen;3;nein;Neuss Rheinparkcenter;
08.10.2026;14:38;Bus RB31;62025;Xanten;Moers;0;nein;Alpen;
08.10.2026;14:38;ERB RB59;90381;Dortmund Hbf;Soest;3;nein;Dortmund Signal Iduna Park;Verspätung aus vorheriger Fahrt
08.10.2026;14:38;RB27;10625;Mönchengladbach Hbf;Köln Messe/Deutz;3;nein;Köln Hbf;
08.10.2026;14:38;WFB RE15;90309;Emden Hbf;Rheine;12;nein;Rheine;Defekt an einem Signal, Verspätung eines vorausfahrenden Zuges
08.10.2026;14:39;NWB RB85;74935;Paderborn Hbf;Göttingen;9;nein;Beverungen-Wehrden;Vorfahrt eines anderen Zuges
08.10.2026;14:39;VIA RB39;56618;Bedburg (Erft);Düsseldorf Hbf;6;nein;Kapellen-Wevelinghoven;Vorfahrt eines anderen Zuges
08.10.2026;14:40;Bus RE1;7893;Duisburg Hbf;Essen Hbf Kruppstraße/Am Thyssenhaus;;nein;Duisburg Hbf;
08.10.2026;14:40;ERB RB50;89937;Münster(Westf)Hbf;Dortmund Hbf;20;nein;Münster-Amelsbüren;Defekt an der Strecke, Vorfahrt eines anderen Zuges, Verspätung aus vorheriger Fahrt
08.10.2026;14:40;ERB RB67;79305;Bielefeld Hbf;Münster(Westf)Hbf;6;nein;Rheda-Wiedenbrück;Verspätung eines vorausfahrenden Zuges, Verspätung aus vorheriger Fahrt
08.10.2026;14:40;ERB RE3;89883;Essen Hbf;Hamm(Westf)Hbf;1;nein;Essen Hbf;
08.10.2026;14:40;HLB RE99;15126;Gießen;Siegen Hbf;13;nein;Siegen Hbf;Außerplanmäßige Geschwindigkeitsbeschränkung
08.10.2026;14:40;NX RE1;26819;Aachen Hbf;Hamm(Westf)Hbf;32;nein;Hamm (Westf) Hbf;Vorfahrt eines anderen Zuges
08.10.2026;14:40;NX RE1;26820;Hamm(Westf)Hbf;Aachen Hbf;12;nein;Düsseldorf Hbf;Defekt an einem Signal
08.10.2026;14:40;S6;56086;Köln-Dellbrück;Köln-Worringen;10;teilweise;Köln-Chorweiler Nord;Defekt an der Strecke, Verspätung eines vorausfahrenden Zuges
08.10.2026;14:41;Bus RE1;7882;Essen Hbf Kruppstraße/Am Thyssenhaus;Duisburg Hbf;;nein;Mülheim (Ruhr) Hbf;
08.10.2026;14:41;TR RB26;25426;Mainz Hbf;Köln Messe/Deutz;9;nein;Bornheim-Sechtem;Verzögerungen im Betriebsablauf
08.10.2026;14:41;WFB RE70;95831;Bielefeld Hbf;Braunschweig Hbf;3;nein;Herford;
08.10.2026;14:42;NWB RB75;75146;Osnabrück Hbf;Bielefeld Hbf;6;nein;Quelle-Kupferheide;Warten auf einen entgegenkommenden Zug
08.10.2026;14:42;RB64;14993;Steinfurt-Burgsteinfurt;Münster(Westf)Hbf;2;nein;Steinfurt-Burgsteinfurt;
08.10.2026;14:42;RE17;10722;Brilon Wald;Hagen Hbf;13;nein;Hagen Hbf;Verspätung eines vorausfahrenden Zuges
08.10.2026;14:42;RE18;18941;Eygelshoven Markt;Aachen Hbf;5;nein;Aachen Hbf;Verspätung eines vorausfahrenden Zuges
08.10.2026;14:42;RE57;10765;Dortmund Hbf;Bestwig;15;nein;Meschede;Verspätung eines vorausfahrenden Zuges
08.10.2026;14:42;S9;30940;Haltern am See;Wuppertal Hbf;25;nein;Velbert-Langenberg;Technische Störung am Zug, Verspätung eines vorausfahrenden Zuges
08.10.2026;14:42;VIA RB34;90515;Mönchengladbach Hbf;Dalheim;15;nein;Mönchengladbach-Rheindahlen;Verspätung aus vorheriger Fahrt
08.10.2026;14:43;ICE 1519;1519;Köln Hbf;Frankfurt(Main)Hbf;4;nein;Siegburg/Bonn;
08.10.2026;14:43;RB40;30776;Hagen Hbf;Essen Hbf;3;nein;Bochum Hbf;
08.10.2026;14:43;RE49;30399;Wuppertal Hbf;Essen Hbf;13;nein;Essen-Steele;
08.10.2026;14:43;RRB RE14;89548;Essen Hbf;Bottrop Hbf;9;nein;Bottrop Hbf;Defekt an der Strecke
08.10.2026;14:43;S1;31132;Dortmund Hbf;Essen Hbf;3;nein;Dortmund-Dorstfeld Süd;
08.10.2026;14:43;S23;32358;Bonn Hbf;Bad Münstereifel;3;nein;Bonn-Endenich Nord;
08.10.2026;14:43;S4;30462;Dortmund-Lütgendortmund;Unna-Königsborn;2;nein;Dortmund-Somborn;
08.10.2026;14:43;S5;31547;Witten Hbf;Dortmund Hbf;2;nein;Dortmund-Kruckel;
08.10.2026;14:44;IC 2045;2045;Stuttgart Hbf;Leipzig Hbf;60;ja;Bonn Hbf;Defekt an der Oberleitung, Defekte Tür
08.10.2026;14:44;RB25;10548;Köln Hansaring;Lüdenscheid;15;nein;Marienheide;Defekt an der Strecke
08.10.2026;14:44;RB54;14844;Neuenrade;Fröndenberg;10;nein;Bösperde;Warten auf einen entgegenkommenden Zug
08.10.2026;14:44;RTB RB21;90716;Linnich Bhf;Düren;6;nein;Düren;
08.10.2026;14:44;S1;31110;Duisburg Hbf;Solingen Hbf;4;nein;Solingen Vogelpark;
08.10.2026;14:44;S11;33104;Düsseldorf Flughafen Terminal;Bergisch Gladbach;;ja;Düsseldorf Flughafen Terminal;Defekt an der Strecke
08.10.2026;14:44;S4;30457;Unna-Königsborn;Dortmund-Lütgendortmund;3;nein;Dortmund-Asseln Mitte;
08.10.2026;14:44;S8;30890;Hagen Hbf;Mönchengladbach Hbf;2;nein;Wuppertal-Langerfeld;
08.10.2026;14:44;VIA RB91;31365;Siegen Hbf;Welschen Ennest;2;nein;Siegen-Weidenau;
08.10.2026;14:45;Bus RE1;7895;Duisburg Hbf;Essen Hbf Kruppstraße/Am Thyssenhaus;;nein;Duisburg Hbf;
08.10.2026;14:45;NWB RB74;75049;Bielefeld Hbf;Paderborn Hbf;16;nein;Bielefeld-Windelsbleiche;Vorfahrt eines anderen Zuges
08.10.2026;14:45;RE10;22509;Kleve;Düsseldorf Hbf;8;nein;Weeze;Verspätung eines vorausfahrenden Zuges
08.10.2026;14:45;WFB RE60;95783;Rheine;Braunschweig Hbf;7;nein;Hörstel;Verspätung eines vorausfahrenden Zuges
08.10.2026;14:46;Bus RE1;7884;Essen Hbf Kruppstraße/Am Thyssenhaus;Duisburg Hbf;;nein;Mülheim (Ruhr) Hbf;
08.10.2026;14:46;ICE 125;125;Amsterdam Centraal;Frankfurt(Main)Hbf;25;nein;Düsseldorf Hbf;Verspätung im Ausland
08.10.2026;14:46;RB38;10269;Bedburg (Erft);Köln Messe/Deutz;2;nein;Glesch;
08.10.2026;14:46;RB40;30775;Essen Hbf;Hagen Hbf;1;nein;Hagen Hbf;
08.10.2026;14:46;RRB RB31;26023;Moers;Duisburg Hbf;1;nein;Duisburg Hbf;
08.10.2026;14:46;RRB RB36;82339;Duisburg-Ruhrort;Oberhausen Hbf;2;nein;Duisburg-Ruhrort;
08.10.2026;14:46;S2;31216;Dortmund-Mengede;Dortmund Hbf;2;nein;Dortmund-Westerfilde;
08.10.2026;14:46;VIA RB35;32916;Mönchengladbach Hbf;Duisburg-Hochfeld Süd;3;nein;Rheinhausen Ost;
08.10.2026;14:46;VIA RB39;56663;Neuss Hbf;Grevenbroich;3;nein;Kapellen-Wevelinghoven;
08.10.2026;14:47;HLB RE34;28570;Kirchhundem-Welschen Ennest;Siegen Hbf;4;nein;Siegen-Weidenau;
08.10.2026;14:47;RE9;10918;Siegen Hbf;Aachen Hbf;11;nein;Köln Hbf;Verspätung eines vorausfahrenden Zuges
08.10.2026;14:48;ERB RE82;79354;Bielefeld Hbf;Altenbeken;27;nein;Altenbeken;Vorfahrt eines anderen Zuges, Verspätung aus vorheriger Fahrt
08.10.2026;14:48;NX RE1;26818;Hamm(Westf)Hbf;Aachen Hbf;42;nein;Langerwehe;Bauarbeiten
08.10.2026;14:48;NX RE6;89721;Köln/Bonn Flughafen;Minden(Westf);15;nein;Gütersloh Hbf;Defekt an einem Signal, Verspätung eines vorausfahrenden Zuges
08.10.2026;14:48;S6;30686;Essen Hbf;Düsseldorf Hbf;3;nein;Düsseldorf Wehrhahn;
08.10.2026;14:48;S6;30692;Essen Hbf;Düsseldorf Hbf;1;nein;Essen Hbf;
08.10.2026;14:48;VIA RE16;29983;Iserlohn;Iserlohn-Letmathe;1;nein;Iserlohn;
08.10.2026;14:49;Bus RB54;54020;Bahnhof, Unna;Ardey Bahnhof, Fröndenberg;;nein;Fröndenberg-Frömern;
08.10.2026;14:49;Bus RE14;67544;Dorsten;Coesfeld(Westf);3;nein;Hervest-Dorsten;
08.10.2026;14:49;ERB RE13;20082;Hamm(Westf)Hbf;Venlo;5;nein;Schwerte (Ruhr);Außerplanmäßige Geschwindigkeitsbeschränkung
08.10.2026;14:49;NX RB48;17345;Wuppertal-Oberbarmen;Köln Hbf;1;nein;Leverkusen-Manfort;
08.10.2026;14:49;RB63;14891;Coesfeld(Westf);Münster(Westf)Hbf;6;nein;Billerbeck;Verspätung eines vorausfahrenden Zuges
08.10.2026;14:49;RRB RB31;26066;Duisburg Hbf;Moers;6;nein;Rheinhausen;
08.10.2026;14:49;RRB S7;29181;Wuppertal Hbf;Solingen Hbf;4;nein;Remscheid-Güldenwerth;
08.10.2026;14:49;RTB RB21;90719;Düren;Linnich Bhf;0;nein;Düren;
08.10.2026;14:50;Bus RE1;7897;Duisburg Hbf;Essen Hbf Kruppstraße/Am Thyssenhaus;;nein;Duisburg Hbf;
08.10.2026;14:50;ERB RE82;79357;Altenbeken;Bielefeld Hbf;9;nein;Lage (Lippe);Verspätung eines vorausfahrenden Zuges
08.10.2026;14:50;RB53;14940;Iserlohn;Dortmund Hbf;5;nein;Iserlohn;Verspätung aus vorheriger Fahrt
08.10.2026;14:50;RTB RB21;90786;Düren;Untermaubach-Schlagstein;0;ja;Düren;
08.10.2026;14:50;TRI RB37;89416;Neuss Hbf;Krefeld Hbf;1;nein;Krefeld-Oppum;
08.10.2026;14:51;Bus RE1;7886;Essen Hbf Kruppstraße/Am Thyssenhaus;Duisburg Hbf;;nein;Mülheim (Ruhr) Hbf;
08.10.2026;14:51;ICE 1033;1033;Rostock Hbf;Köln Hbf;24;nein;Düsseldorf Hbf;Verspätung eines vorausfahrenden Zuges
08.10.2026;14:51;ICE 640;640;Berlin Hbf;Düsseldorf Hbf;22;nein;Duisburg Hbf;Defektes Stellwerk
08.10.2026;14:51;RB54;14843;Fröndenberg;Menden(Sauerland);2;nein;Bösperde;
08.10.2026;14:51;RE12;4183;Köln Messe/Deutz;Gerolstein;8;nein;Mechernich;Defekt an der Strecke, Defektes Stellwerk, Verspätung eines vorausfahrenden Zuges
08.10.2026;14:51;RE18;18944;Aachen Hbf;Eygelshoven Markt;4;nein;Aachen West;
08.10.2026;14:51;RE47;89327;Remscheid-Lennep;Düsseldorf Hbf;4;nein;Solingen Grünewald;
08.10.2026;14:51;RE49;56788;Wesel;Oberhausen Hbf;11;nein;Oberhausen Hbf;
08.10.2026;14:51;RE8;10820;Köln Messe/Deutz;Mönchengladbach Hbf;11;nein;Mönchengladbach Hbf;Verspätung eines vorausfahrenden Zuges
08.10.2026;14:51;RE9;10917;Aachen Hbf;Siegen Hbf;31;nein;Siegen Hbf;Verspätung eines vorausfahrenden Zuges
08.10.2026;14:52;HLB RB96;61823;Betzdorf(Sieg);Neunkirchen(Kr Siegen);1;nein;Struthütten;
08.10.2026;14:52;NWB RB84;74975;Kreiensen;Paderborn Hbf;5;nein;Altenbeken;Warten auf Anschlussreisende
08.10.2026;14:52;NWB RB85;75490;Bodenfelde;Paderborn Hbf;5;nein;Altenbeken;Vorfahrt eines anderen Zuges
08.10.2026;14:52;RB77;14571;Herford;Hildesheim Hbf;8;nein;Bad Oeynhausen Süd;Verspätung eines vorausfahrenden Zuges
08.10.2026;14:52;RE2;10219;Essen Hbf;Osnabrück Hbf;14;nein;Kattenvenne;Verspätung eines vorausfahrenden Zuges
08.10.2026;14:52;RE49;30396;Essen Hbf;Wuppertal Hbf;14;nein;Wuppertal Hbf;
08.10.2026;14:52;RRB RE10;82274;Düsseldorf Hbf;Kleve;16;nein;Goch;Verspätung eines vorausfahrenden Zuges, Vorfahrt eines anderen Zuges
08.10.2026;14:52;S1;56353;Essen West;Dortmund Hbf;3;teilweise;Essen West;Defekt an der Strecke
08.10.2026;14:52;S6;30685;Düsseldorf Hbf;Essen Hbf;2;nein;Düsseldorf Wehrhahn;
08.10.2026;14:53;IC 2046;2046;Dresden Hbf;Stuttgart Hbf;56;teilweise;Köln Hbf;Defekt an der Oberleitung, Technische Störung am Zug, Defektes Stellwerk
08.10.2026;14:53;RRB RE14;89551;Bottrop Hbf;Essen Hbf;10;nein;Essen-Borbeck;Defekt an der Strecke
08.10.2026;14:53;S11;32197;Bergisch Gladbach;Düsseldorf Flughafen Terminal;5;teilweise;Bergisch Gladbach;Defekt an der Strecke
08.10.2026;14:53;S11;33100;Düsseldorf Flughafen Terminal;Bergisch Gladbach;4;teilweise;Dormagen;Defekt an der Strecke
08.10.2026;14:53;S6;56099;Köln-Worringen;Köln-Dellbrück;5;teilweise;Köln-Worringen;Defekt an der Strecke
08.10.2026;14:54;HLB RB90;61720;Betzdorf(Sieg);Siegen Hbf;28;nein;Niederschelden Nord Hp;Verspätung aus vorheriger Fahrt
08.10.2026;14:54;ICE 926;926;Regensburg Hbf;Oberhausen Hbf;6;nein;Oberhausen Hbf;
08.10.2026;14:54;ICE 940;940;Berlin Hbf;Düsseldorf Hbf;33;nein;Hamm (Westf) Hbf;Defektes Stellwerk, Vorfahrt eines anderen Zuges
08.10.2026;14:54;S1;31129;Solingen Hbf;Duisburg Hbf;2;nein;Duisburg-Rahm;
08.10.2026;14:55;Bus RE1;7899;Duisburg Hbf;Essen Hbf Kruppstraße/Am Thyssenhaus;;nein;Duisburg Hbf;
08.10.2026;14:55;HLB RE99;15139;Siegen Hbf;Gießen;8;nein;Wilnsdorf-Rudersdorf;
08.10.2026;14:55;NX RB48;17344;Köln Hbf;Wuppertal-Oberbarmen;10;nein;Köln Messe/Deutz;
08.10.2026;14:55;RB64;20217;Enschede;Münster(Westf)Hbf;4;nein;Ochtrup;
08.10.2026;14:55;RE2;10221;Essen Hbf;Osnabrück Hbf;14;nein;Herne-Wanne-Eickel Hbf;Verspätung aus vorheriger Fahrt
08.10.2026;14:55;S23;32360;Bonn Hbf;Rheinbach;20;ja;Bonn Hbf;Defekte Tür
08.10.2026;14:55;S4;30459;Unna;Dortmund-Lütgendortmund;2;nein;Dortmund-Wickede;
08.10.2026;14:55;S8;30888;Wuppertal-Oberbarmen;Mönchengladbach Hbf;1;nein;Hochdahl-Millrath;
08.10.2026;14:55;VIA RE19;20024;Düsseldorf Hbf;Arnhem Centraal;9;nein;Oberhausen-Sterkrade;Vorfahrt eines anderen Zuges
08.10.2026;14:56;Bus RE1;7888;Essen Hbf Kruppstraße/Am Thyssenhaus;Duisburg Hbf;;nein;Mülheim (Ruhr) Hbf;
08.10.2026;14:56;Bus RE14;67542;Bottrop Hbf;Borken(Westf);0;teilweise;Deuten;
08.10.2026;14:56;ERB RB59;90334;Soest;Dortmund Hbf;2;nein;Dortmund Hbf;
08.10.2026;14:56;R S28;77236;Wuppertal Hbf;Kaarster See;3;nein;Neuss Rheinparkcenter;
08.10.2026;14:56;RB33;10379;Heinsberg(Rheinl);Aachen Hbf;2;ja;Lindern;Defekt an der Strecke
08.10.2026;14:56;RRB RE44;26661;Moers;Bottrop Hbf;4;nein;Rheinhausen;Verspätung eines vorausfahrenden Zuges
08.10.2026;14:56;S11;32195;Bergisch Gladbach;Düsseldorf Flughafen Terminal;34;teilweise;Köln Hansaring;Defekt an der Strecke, Verspätung eines vorausfahrenden Zuges
08.10.2026;14:56;S19;52797;Troisdorf;Düren;12;nein;Frechen-Königsdorf;Verspätung eines vorausfahrenden Zuges
08.10.2026;14:56;S3;30345;Hattingen(Ruhr) Mitte;Essen West;10;teilweise;Essen Hbf;Defekt an der Strecke
08.10.2026;14:56;S9;30941;Hagen Hbf;Recklinghausen Hbf;18;nein;Recklinghausen Hbf;Verspätung eines vorausfahrenden Zuges
08.10.2026;14:57;Bus RE14;67557;Dorsten;Bottrop Hbf;1;nein;Dorsten;
08.10.2026;14:57;R S28;77223;Kaarster See;Wuppertal Hbf;2;nein;Neuss Hbf;
08.10.2026;14:57;S8;30893;Mönchengladbach Hbf;Hagen Hbf;7;nein;Mönchengladbach-Lürrip;
08.10.2026;14:57;VIA RB35;52261;Gelsenkirchen Hbf;Oberhausen Hbf;24;nein;Oberhausen Hbf;Vorfahrt eines anderen Zuges, Verspätung aus vorheriger Fahrt
08.10.2026;14:57;VIA RB39;56621;Düsseldorf Hbf;Bedburg(Erft);4;nein;Düsseldorf-Bilk;Verspätung aus vorheriger Fahrt
08.10.2026;14:58;Bus RE14;67546;Bottrop Hbf;Dorsten;6;nein;Feldhausen;
08.10.2026;14:58;HLB RB90;61715;Siegen Hbf;Betzdorf(Sieg);1;nein;Siegen Hbf;
08.10.2026;14:58;ICE 721;721;Düsseldorf Hbf;München Hbf;2;nein;Siegburg/Bonn;
08.10.2026;14:58;RB51;20272;Dortmund Hbf;Enschede;3;nein;Dortmund-Kirchderne;
08.10.2026;14:58;S1;31122;Duisburg Hbf;Solingen Hbf;1;nein;Duisburg Schlenk;
08.10.2026;14:58;S4;30464;Dortmund-Lütgendortmund;Unna;1;nein;Dortmund-Somborn;
08.10.2026;14:59;ERB RB69;89982;Bielefeld Hbf;Hamm(Westf)Hbf;10;nein;Ahlen (Westf);
08.10.2026;14:59;NX RE6;89727;Köln/Bonn Flughafen;Minden(Westf);35;teilweise;Köln Messe/Deutz;Verspätung eines vorausfahrenden Zuges
08.10.2026;14:59;RE8;10822;Köln Messe/Deutz;Mönchengladbach Hbf;2;nein;Köln Hbf;
08.10.2026;15:00;Bus EV;92956;Finnentrop;Olpe;0;nein;Finnentrop;
08.10.2026;15:00;Bus RE1;7901;Duisburg Hbf;Essen Hbf Kruppstraße/Am Thyssenhaus;;nein;Duisburg Hbf;
08.10.2026;15:00;RB63;14890;Münster(Westf)Hbf;Coesfeld(Westf);4;nein;Havixbeck;Verspätung eines vorausfahrenden Zuges
08.10.2026;15:00;RB77;14568;Hildesheim Hbf;Herford;7;nein;Vlotho;Verspätung eines vorausfahrenden Zuges
08.10.2026;15:00;RE57;10977;Bestwig;Warburg(Westf);11;nein;Olsberg;Verspätung aus vorheriger Fahrt
08.10.2026;15:00;RRB RE44;26658;Bottrop Hbf;Moers;8;nein;Rheinhausen;Vorfahrt eines anderen Zuges
08.10.2026;15:00;S1;31114;Duisburg Hbf;Solingen Hbf;8;nein;Hilden Süd;Verspätung eines vorausfahrenden Zuges
08.10.2026;15:00;S19;31086;Düren;Blankenberg(Sieg);13;nein;Porz-Wahn;Verspätung eines vorausfahrenden Zuges
08.10.2026;15:00;S5;31549;Hagen Hbf;Dortmund Hbf;2;nein;Wetter (Ruhr);
08.10.2026;15:00;S5;31550;Dortmund Hbf;Witten Hbf;1;nein;Dortmund Hbf;
08.10.2026;15:00;S6;56088;Köln-Dellbrück;Köln-Worringen;10;teilweise;Köln-Chorweiler Nord;Defekt an der Strecke
08.10.2026;15:00;VIA RB91;31352;Hagen Hbf;Lennestadt-Altenhundem;3;teilweise;Iserlohn-Letmathe;
08.10.2026;15:01;Bus EV;92931;Olpe;Finnentrop;0;nein;Olpe;
08.10.2026;15:01;Bus RE1;7890;Essen Hbf Kruppstraße/Am Thyssenhaus;Duisburg Hbf;;nein;Mülheim (Ruhr) Hbf;
08.10.2026;15:01;ICE 720;720;München Hbf;Düsseldorf Hbf;2;nein;Siegburg/Bonn;
08.10.2026;15:01;RB20;30023;Stolberg(Rheinl)Hbf Gl.44;Eschweiler-Weisweiler;14;nein;Aachen Hbf;Verspätete Bereitstellung
08.10.2026;15:01;RB20;30073;Stolberg(Rheinl)Hbf Gl.44;Stolberg-Altstadt;14;nein;Aachen Hbf;Verspätung eines vorausfahrenden Zuges, Verspätete Bereitstellung
08.10.2026;15:01;VIA RE16;31323;Iserlohn;Essen Hbf;4;nein;Witten Hbf;
08.10.2026;15:02;ICE 201;201;Hamburg-Altona;Basel SBB;9;nein;Münster (Westf) Hbf;Verspätete Bereitstellung
08.10.2026;15:02;RB38;10270;Köln Messe/Deutz;Bedburg(Erft);2;nein;Paffendorf;
08.10.2026;15:02;S8;30882;Hagen Hbf;Mönchengladbach Hbf;6;nein;Mönchengladbach-Lürrip;
08.10.2026;15:03;RB54;14846;Menden(Sauerland);Fröndenberg;1;nein;Bösperde;
08.10.2026;15:03;S19;31094;Düren;Blankenberg(Sieg);;ja;Düren;Verspätung aus vorheriger Fahrt
08.10.2026;15:03;S3;30344;Essen West;Hattingen(Ruhr) Mitte;9;teilweise;Essen West;Defekt an der Strecke
08.10.2026;15:03;VIA RB46;31459;Gelsenkirchen Hbf;Bochum Hbf;2;nein;Bochum-Hamme;
08.10.2026;15:04;HLB RB96;61822;Neunkirchen(Kr Siegen);Betzdorf(Sieg);1;nein;Altenseelbach;
08.10.2026;15:04;RRB RB36;82340;Oberhausen Hbf;Duisburg-Ruhrort;2;nein;Duisburg-Obermeiderich;
08.10.2026;15:04;RRB S7;29174;Solingen Hbf;Wuppertal Hbf;3;nein;Wuppertal-Unterbarmen;
08.10.2026;15:04;RRB S7;29178;Solingen Hbf;Wuppertal Hbf;2;nein;Remscheid-Lüttringhausen;Warten auf einen entgegenkommenden Zug
08.10.2026;15:04;S23;32359;Rheinbach;Bonn Hbf;10;nein;Bonn Hbf;Warten auf einen entgegenkommenden Zug
08.10.2026;15:05;Bus RE1;7903;Duisburg Hbf;Essen Hbf Kruppstraße/Am Thyssenhaus;;nein;Duisburg Hbf;
08.10.2026;15:05;ERB RB50;89936;Dortmund Hbf;Münster(Westf)Hbf;12;nein;Ascheberg (Westf);Verspätung eines vorausfahrenden Zuges, Verspätung aus vorheriger Fahrt
08.10.2026;15:05;R S28;77246;Wuppertal Hbf;Kaarster See;4;nein;Wuppertal-Steinbeck;Verspätung eines vorausfahrenden Zuges
08.10.2026;15:05;RTB RB21;90815;Heimbach (Eifel);Düren;1;nein;Düren;
08.10.2026;15:05;TRI RB37;89419;Krefeld Hbf;Neuss Hbf;0;nein;Krefeld Hbf;
08.10.2026;15:05;VIA RB46;31458;Bochum Hbf;Gelsenkirchen Hbf;1;nein;Herne-Wanne-Eickel Hbf;
08.10.2026;15:06;Bus RE1;7892;Essen Hbf Kruppstraße/Am Thyssenhaus;Duisburg Hbf;;nein;Mülheim (Ruhr) Hbf;
08.10.2026;15:06;NWB RB75;75153;Bielefeld Hbf;Osnabrück Hbf;3;nein;Quelle-Kupferheide;
08.10.2026;15:06;RE42;10139;Mönchengladbach Hbf;Münster(Westf)Hbf;18;nein;Nottuln-Appelhülsen;Verspätung eines vorausfahrenden Zuges
08.10.2026;15:06;RE8;10823;Mönchengladbach Hbf;Köln Messe/Deutz;2;nein;Köln Messe/Deutz;
08.10.2026;15:06;S1;56352;Dortmund Hbf;Essen West;3;teilweise;Essen Hbf;Defekt an der Strecke
08.10.2026;15:06;S19;31089;Troisdorf;Düren;19;nein;Köln-Ehrenfeld;Verspätung eines vorausfahrenden Zuges
08.10.2026;15:06;S2;31221;Dortmund Hbf;Dortmund-Mengede;1;nein;Dortmund-Dorstfeld;
08.10.2026;15:06;S6;30683;Düsseldorf Hbf;Essen Hbf;1;nein;Essen Stadtwald;
08.10.2026;15:06;S8;30891;Mönchengladbach Hbf;Wuppertal-Oberbarmen;2;nein;Düsseldorf-Friedrichstadt;
08.10.2026;15:07;Bus RE14;67561;Borken (Westf);Bottrop Hbf;0;teilweise;Deuten;
08.10.2026;15:07;NWB RB74;75046;Paderborn Hbf;Bielefeld Hbf;31;nein;Bielefeld Hbf;Vorfahrt eines anderen Zuges
08.10.2026;15:07;RB40;30777;Essen Hbf;Hagen Hbf;1;nein;Essen Hbf;
08.10.2026;15:07;S4;30461;Unna-Königsborn;Dortmund-Lütgendortmund;1;nein;Massen;
08.10.2026;15:07;VIA RB34;90516;Dalheim;Mönchengladbach Hbf;14;nein;Wegberg;Verspätung aus vorheriger Fahrt
08.10.2026;15:07;VIA RE16;29978;Iserlohn-Letmathe;Iserlohn;1;nein;Letmathe-Dechenhöhle;
08.10.2026;15:08;Bus RB54;54023;Ardey Bahnhof, Fröndenberg;Bahnhof, Unna;;nein;Fröndenberg-Frömern;
08.10.2026;15:08;ERB RB59;90337;Dortmund Hbf;Soest;1;nein;Dortmund Signal Iduna Park;
08.10.2026;15:08;HLB RE34;28573;Siegen Hbf;Kirchhundem-Welschen Ennest;10;nein;Siegen Hbf;Verzögerungen im Betriebsablauf
08.10.2026;15:08;NX RE7;17425;Rheine;Krefeld Hbf;28;teilweise;Rheine;Verspätung aus vorheriger Fahrt
08.10.2026;15:08;RB27;10618;Köln Messe/Deutz;Mönchengladbach Hbf;5;nein;Rheydt-Odenkirchen;
08.10.2026;15:08;RB52;14671;Dortmund Hbf;Hagen Hbf;7;nein;Hagen Hbf;Verspätung eines vorausfahrenden Zuges
08.10.2026;15:09;RE22;10029;Köln Messe/Deutz;Kall;8;nein;Mechernich;Defekt an einem Signal, Verspätung eines vorausfahrenden Zuges
08.10.2026;15:09;RE9;10922;Siegen Hbf;Aachen Hbf;20;nein;Siegen Hbf;Verspätung aus vorheriger Fahrt
08.10.2026;15:09;RRB S7;29183;Wuppertal Hbf;Solingen Hbf;5;nein;Remscheid-Güldenwerth;Vorfahrt eines anderen Zuges
08.10.2026;15:09;S12;32293;Hennef (Sieg);Horrem;8;nein;Horrem;Verspätung eines vorausfahrenden Zuges
08.10.2026;15:09;S12;33204;Horrem;Au(Sieg);;ja;Horrem;Kurzfristige Erkrankung von Personal
08.10.2026;15:09;S23;32365;Euskirchen;Bonn Hbf;1;nein;Euskirchen-Kuchenheim;
08.10.2026;15:09;VIA RB35;52256;Oberhausen Hbf;Gelsenkirchen Hbf;25;nein;Essen-Bergeborbeck;Verspätung aus vorheriger Fahrt
08.10.2026;15:09;VIA RB39;56662;Grevenbroich;Neuss Hbf;8;nein;Kapellen-Wevelinghoven;
08.10.2026;15:10;Bus RE1;7905;Duisburg Hbf;Essen Hbf Kruppstraße/Am Thyssenhaus;;nein;Duisburg Hbf;
08.10.2026;15:10;ERB RB65;52335;Rheine;Münster(Westf)Hbf;7;nein;Greven;
08.10.2026;15:10;RB33;10329;Duisburg Hbf;Aachen Hbf;34;teilweise;Herzogenrath;Defekt an der Strecke, Verspätung eines vorausfahrenden Zuges
08.10.2026;15:10;RE57;10762;Bestwig;Dortmund Hbf;10;nein;Dortmund-Hörde;Verspätung eines vorausfahrenden Zuges
08.10.2026;15:10;S12;32294;Horrem;Hennef(Sieg);9;nein;Spich;Verspätung eines vorausfahrenden Zuges
08.10.2026;15:11;Bus RE1;7894;Essen Hbf Kruppstraße/Am Thyssenhaus;Duisburg Hbf;;nein;Mülheim (Ruhr) Hbf;
08.10.2026;15:11;RE2;10220;Osnabrück Hbf;Essen Hbf;22;nein;Gelsenkirchen Hbf;Vorfahrt eines anderen Zuges
08.10.2026;15:12;NX RB48;17349;Wuppertal-Oberbarmen;Köln Hbf;3;nein;Wuppertal-Oberbarmen;
08.10.2026;15:12;RE18;18943;Eygelshoven Markt;Aachen Hbf;9;nein;Aachen Hbf;Verspätung eines vorausfahrenden Zuges
08.10.2026;15:12;RE41;16233;Bochum Hbf;Haltern am See;0;nein;Bochum Hbf;
08.10.2026;15:12;RE49;56789;Oberhausen Hbf;Wesel;2;nein;Oberhausen-Sterkrade;
08.10.2026;15:12;RE8;10825;Mönchengladbach Hbf;Köln Messe/Deutz;11;nein;Rheydt Hbf;Verspätung eines vorausfahrenden Zuges
08.10.2026;15:12;RTB RB21;90746;Linnich Bhf;Düren;7;nein;Düren;
08.10.2026;15:12;S23;32369;Bad Münstereifel;Bonn Hbf;2;nein;Bad Münstereifel Arloff;
08.10.2026;15:13;ERB RB72;90668;Paderborn Hbf;Herford;10;nein;Bad Salzuflen-Sylbach;Verspätung eines vorausfahrenden Zuges, Vorfahrt eines anderen Zuges
08.10.2026;15:13;HLB RE99;15144;Gießen;Siegen Hbf;17;nein;Siegen Hbf;Außerplanmäßige Geschwindigkeitsbeschränkung
08.10.2026;15:13;RE42;10144;Münster(Westf)Hbf;Essen Hbf;9;nein;Münster-Albachten;Verspätung eines vorausfahrenden Zuges
08.10.2026;15:13;RRB RE14;89552;Essen Hbf;Bottrop Hbf;6;nein;Bottrop Hbf;
08.10.2026;15:13;S1;31136;Dortmund Hbf;Essen Hbf;6;nein;Dortmund-Dorstfeld Süd;
08.10.2026;15:13;S12;33201;Au (Sieg);Horrem;2;nein;Porz (Rhein);
08.10.2026;15:13;S23;32362;Bonn Hbf;Euskirchen;18;nein;Bonn-Endenich Nord;
08.10.2026;15:13;S4;30466;Dortmund-Lütgendortmund;Unna-Königsborn;1;nein;Dortmund-Somborn;
08.10.2026;15:13;S6;56101;Köln-Worringen;Köln-Dellbrück;3;teilweise;Köln-Worringen;Defekt an der Strecke
08.10.2026;15:14;RB32;31263;Dortmund Hbf;Oberhausen Hbf;12;nein;Essen-Dellwig;
08.10.2026;15:14;RE34;26087;Lennestadt-Altenhundem;Hagen Hbf;;ja;Lennestadt-Altenhundem;Bauarbeiten
08.10.2026;15:14;RE42;10140;Münster(Westf)Hbf;Essen Hbf;17;nein;Essen Hbf;Verspätung eines vorausfahrenden Zuges
08.10.2026;15:14;S1;31119;Essen Hbf;Dortmund Hbf;4;nein;Dortmund Universität;
08.10.2026;15:14;S1;31133;Solingen Hbf;Duisburg Hbf;5;nein;Duisburg-Rahm;
08.10.2026;15:14;S2;30246;Essen Hbf;Dortmund Hbf;15;nein;Herne;Verspätung eines vorausfahrenden Zuges
08.10.2026;15:15;Bus RE1;7907;Duisburg Hbf;Essen Hbf Kruppstraße/Am Thyssenhaus;;nein;Duisburg Hbf;
08.10.2026;15:15;ICE 650;650;Berlin Hbf;Köln Hbf;30;nein;Köln Hbf;Defektes Stellwerk, Verspätung eines vorausfahrenden Zuges
08.10.2026;15:15;NWB RB74;75053;Bielefeld Hbf;Paderborn Hbf;16;nein;Bielefeld-Windelsbleiche;Defekt an einer Weiche
08.10.2026;15:15;RB25;10553;Gummersbach;Rösrath;7;nein;Engelskirchen;
08.10.2026;15:15;RB43;14770;Dorsten;Dortmund Hbf;17;nein;Dortmund-Huckarde Nord;Verspätung eines vorausfahrenden Zuges
08.10.2026;15:15;RE10;22511;Kleve;Düsseldorf Hbf;4;nein;Weeze;Verspätung eines vorausfahrenden Zuges
08.10.2026;15:15;RRB RB31;26065;Moers;Duisburg Hbf;11;nein;Duisburg Hbf;
08.10.2026;15:15;SBH S5;34568;Paderborn Hbf;Hannover Flughafen;11;teilweise;Paderborn Hbf;Umgestürzter Baum auf der Strecke
08.10.2026;15:16;Bus RE1;7896;Essen Hbf Kruppstraße/Am Thyssenhaus;Duisburg Hbf;;nein;Mülheim (Ruhr) Hbf;
08.10.2026;15:16;ERB RB59;90336;Soest;Dortmund Hbf;1;nein;Werl;
08.10.2026;15:16;ERB RE3;89886;Hamm(Westf)Hbf;Essen Hbf;4;nein;Bochum Hbf;Verspätung eines vorausfahrenden Zuges
08.10.2026;15:16;ICE 310;310;Köln Hbf;Antwerpen Centraal;8;nein;Aachen Hbf;
08.10.2026;15:16;RB33;10326;Aachen Hbf;Duisburg Hbf;14;nein;Rheinhausen Ost;Verspätung eines vorausfahrenden Zuges
08.10.2026;15:16;RB40;30778;Hagen Hbf;Essen Hbf;2;nein;Hagen Hbf;
08.10.2026;15:16;RRB RB36;82341;Duisburg-Ruhrort;Oberhausen Hbf;1;nein;Duisburg-Ruhrort;
08.10.2026;15:16;S2;31218;Dortmund-Mengede;Dortmund Hbf;2;nein;Dortmund-Westerfilde;
08.10.2026;15:16;TRI RE100;28087;Düsseldorf Hbf;Essen Hbf;2;nein;Essen Hbf;
08.10.2026;15:16;VIA RB46;31461;Gelsenkirchen Hbf;Bochum Hbf;1;nein;Gelsenkirchen Hbf;
08.10.2026;15:17;ERB RB59;90382;Soest;Dortmund Hbf;5;nein;Dortmund-Hörde;
08.10.2026;15:17;ERB RB73;90244;Lemgo-Lüttfeld;Bielefeld Hbf;17;nein;Lage (Lippe);Längere Haltezeit am Bahnhof, Defekt an der Strecke, Vorfahrt eines anderen Zuges
08.10.2026;15:17;NWB RB85;74928;Göttingen;Paderborn Hbf;8;nein;Beverungen-Wehrden;Vorfahrt eines anderen Zuges
08.10.2026;15:17;RB20;32820;Düren;Eschweiler-Weisweiler;2;nein;Düren;
08.10.2026;15:17;RB51;14620;Dortmund Hbf;Lünen Hbf;8;nein;Dortmund-Kirchderne;Verspätung eines vorausfahrenden Zuges
08.10.2026;15:17;RRB RE14;89555;Bottrop Hbf;Essen Hbf;7;nein;Bottrop Hbf;
08.10.2026;15:17;VIA RE19;77024;Düsseldorf Hbf;Bocholt;10;nein;Wesel;Vorfahrt eines anderen Zuges
08.10.2026;15:17;WFB RE70;95830;Braunschweig Hbf;Bielefeld Hbf;28;nein;Herford;Verspätung eines vorausfahrenden Zuges, Verspätung aus vorheriger Fahrt
08.10.2026;15:18;ICE 1516;1516;Frankfurt(Main)Hbf;Köln Hbf;3;nein;Siegburg/Bonn;Verspätung eines vorausfahrenden Zuges
08.10.2026;15:18;RB52;14670;Hagen Hbf;Dortmund Hbf;14;nein;Dortmund Signal Iduna Park;Verspätung eines vorausfahrenden Zuges
08.10.2026;15:18;RE57;10982;Warburg(Westf);Bestwig;9;nein;Marsberg Bredelar;Verspätung eines vorausfahrenden Zuges
08.10.2026;15:18;S11;33108;Düsseldorf Flughafen Terminal;Bergisch Gladbach;0;teilweise;Düsseldorf Hbf;Defekt an der Strecke
08.10.2026;15:18;S12;32299;Hennef (Sieg);Horrem;4;nein;Köln-Müngersdorf Technologiepark;
08.10.2026;15:18;S12;33205;Hennef (Sieg);Horrem;4;nein;Siegburg/Bonn;
08.10.2026;15:18;S9;30943;Wuppertal Hbf;Haltern am See;15;nein;Marl Mitte;Verspätung eines vorausfahrenden Zuges
08.10.2026;15:19;Bus EV;93882;Aue-Wingeshausen;Bad Berleburg;0;nein;Aue-Wingeshausen;
08.10.2026;15:19;RB20;30022;Eschweiler-Weisweiler;Stolberg(Rheinl)Hbf Gl.44;16;nein;Herzogenrath;Verspätung eines vorausfahrenden Zuges
08.10.2026;15:19;RB20;30072;Stolberg-Altstadt;Stolberg(Rheinl)Hbf Gl.44;16;nein;Herzogenrath;Verspätung eines vorausfahrenden Zuges
08.10.2026;15:19;RB38;10089;Bedburg (Erft);Horrem;3;nein;Paffendorf;
08.10.2026;15:19;RB63;14725;Coesfeld(Westf);Münster(W)Zentrum Nord;4;nein;Billerbeck;Verspätung eines vorausfahrenden Zuges
08.10.2026;15:19;S23;32361;Bad Münstereifel;Bonn Hbf;10;nein;Bonn Hbf;Verspätung eines vorausfahrenden Zuges
08.10.2026;15:20;Bus RE1;7909;Duisburg Hbf;Essen Hbf Kruppstraße/Am Thyssenhaus;;nein;Duisburg Hbf;
08.10.2026;15:20;ERB RB71;89653;Rahden;Bielefeld Hbf;7;nein;Lübbecke (Westf);Außerplanmäßige Geschwindigkeitsbeschränkung
08.10.2026;15:20;R S28;77225;Kaarster See;Wuppertal Hbf;4;nein;Neuss Am Kaiser;Verspätung eines vorausfahrenden Zuges
08.10.2026;15:20;RB53;14939;Dortmund Hbf;Iserlohn;6;nein;Schwerte-Ergste;Verspätung eines vorausfahrenden Zuges
08.10.2026;15:20;RB63;14724;Münster(W)Zentrum Nord;Coesfeld(Westf);3;nein;Münster-Roxel;
08.10.2026;15:20;RTB RB28;90867;Düren;Euskirchen;0;nein;Düren;
08.10.2026;15:20;S19;31088;Düren;Troisdorf;12;nein;Porz-Wahn;Verspätung eines vorausfahrenden Zuges
08.10.2026;15:20;TR RB26;25429;Köln Messe/Deutz;Mainz Hbf;45;teilweise;Roisdorf;Defekt an der Oberleitung
08.10.2026;15:21;Bus RE1;7898;Essen Hbf Kruppstraße/Am Thyssenhaus;Duisburg Hbf;;nein;Mülheim (Ruhr) Hbf;
08.10.2026;15:21;ERB RB61;20371;Hengelo;Bielefeld Hbf;19;nein;Hiddenhausen-Schweicheln;Warten auf Anschlussreisende
08.10.2026;15:21;NX RE11;26720;Kassel-Wilhelmshöhe;Essen Hbf;21;nein;Dortmund Hbf;Defekt an einem Signal
08.10.2026;15:21;RRB S7;29180;Solingen Hbf;Wuppertal Hbf;3;nein;Remscheid-Lennep;Vorfahrt eines anderen Zuges
08.10.2026;15:21;RTB RB21;90749;Düren;Linnich Bhf;0;nein;Düren;
08.10.2026;15:21;S2;30249;Dortmund Hbf;Essen Hbf;2;nein;Dortmund-Dorstfeld;
08.10.2026;15:22;NWB RB58;75258;Bremen Hbf;Osnabrück Hbf;6;nein;Halen;Warten auf einen entgegenkommenden Zug
08.10.2026;15:22;NWB RB75;75150;Halle (Westf);Bielefeld Hbf;12;nein;Bielefeld Hbf;Vorfahrt eines anderen Zuges
08.10.2026;15:22;RB RE22;10029;Kall;Trier Hbf;11;nein;Urft;Defekt an einem Signal, Verspätung eines vorausfahrenden Zuges
08.10.2026;15:22;RB33;10331;Duisburg Hbf;Aachen Hbf;5;nein;Mönchengladbach Hbf;
08.10.2026;15:22;RE47;89324;Düsseldorf Hbf;Remscheid-Lennep;3;nein;Remscheid Hbf;
08.10.2026;15:22;S1;56355;Essen West;Dortmund Hbf;2;teilweise;Essen West;
08.10.2026;15:22;S41;5014;Hergenrath;Aachen Hbf;1;nein;Aachen Hbf;
08.10.2026;15:22;S6;56092;Köln-Dellbrück;Köln-Worringen;10;nein;Köln-Blumenberg;Verspätung eines vorausfahrenden Zuges
08.10.2026;15:22;TR RB26;25428;Mainz Hbf;Köln Messe/Deutz;50;ja;Bonn-Mehlem;Defekt an der Oberleitung
08.10.2026;15:23;Bus EV;93885;Bad Berleburg;Aue-Wingeshausen;0;nein;Bad Berleburg;
08.10.2026;15:23;HLB RB90;61617;Siegen Hbf;Limburg(Lahn);3;nein;Geilhausen;Verzögerungen im Betriebsablauf
08.10.2026;15:23;R S28;77240;Mettmann Stadtwald;Kaarster See;4;nein;Neuss Hbf;
08.10.2026;15:23;RB52;33820;Lüdenscheid;Rummenohl;4;nein;Dahlerbrück;
08.10.2026;15:23;RE17;10725;Hagen Hbf;Brilon Stadt;5;nein;Bestwig;Verspätung eines vorausfahrenden Zuges
08.10.2026;15:23;RE62;11510;Löhne(Westf);Rheine;2;nein;Kirchlengern;
08.10.2026;15:23;RRB RE10;82280;Düsseldorf Hbf;Kleve;2;nein;Meerbusch-Osterath;
08.10.2026;15:23;S6;30694;Essen Hbf;Düsseldorf Hbf;3;nein;Kettwig;
08.10.2026;15:23;SBH S1;34126;Hannover Hbf;Minden (Westf);10;nein;Minden (Westf);Vorfahrt eines anderen Zuges
08.10.2026;15:24;ERB RB66;90600;Münster(Westf)Hbf;Osnabrück Hbf;4;nein;Lengerich (Westf);
08.10.2026;15:24;NWB RB84;74976;Paderborn Hbf;Kreiensen;12;nein;Brakel (Kr Höxter);Vorfahrt eines anderen Zuges
08.10.2026;15:24;NWB RB85;74937;Paderborn Hbf;Göttingen;12;nein;Brakel (Kr Höxter);Vorfahrt eines anderen Zuges
08.10.2026;15:24;S11;33110;Düsseldorf Flughafen Terminal;Bergisch Gladbach;16;ja;Düsseldorf Flughafen Terminal;Defekt an der Strecke
08.10.2026;15:25;Bus RE1;7911;Duisburg Hbf;Essen Hbf Kruppstraße/Am Thyssenhaus;;nein;Duisburg Hbf;
08.10.2026;15:25;ERB RB65;52332;Münster(Westf)Hbf;Rheine;1;nein;Greven;
08.10.2026;15:25;ERB RB67;79307;Bielefeld Hbf;Münster(Westf)Hbf;6;nein;Gütersloh Hbf;Verspätung eines vorausfahrenden Zuges
08.10.2026;15:25;ERB RE13;20080;Hamm(Westf)Hbf;Venlo;17;nein;Mönchengladbach Hbf;Defekt an einem Signal, Verspätete Bereitstellung
08.10.2026;15:25;IC 2203;2203;Norddeich Mole;Köln Hbf;14;nein;Oberhausen Hbf;Verspätete Bereitstellung
08.10.2026;15:25;ICE 610;610;München Hbf;Hamburg-Altona;7;nein;Dortmund Hbf;Verspätung eines vorausfahrenden Zuges
08.10.2026;15:25;NX RE5;28520;Koblenz Hbf;Wesel;10;nein;Oberhausen Hbf;Verspätung eines vorausfahrenden Zuges
08.10.2026;15:25;S1;31126;Duisburg Hbf;Solingen Hbf;1;nein;Duisburg-Rahm;
08.10.2026;15:25;VIA RE19;20025;Arnhem Centraal;Düsseldorf Hbf;33;nein;Düsseldorf Flughafen;Vorfahrt eines anderen Zuges
08.10.2026;15:25;VIA RE19;77025;Bocholt;Düsseldorf Hbf;33;nein;Düsseldorf Flughafen;Warten auf einen entgegenkommenden Zug, Vorfahrt eines anderen Zuges
08.10.2026;15:26;Bus RE1;7900;Essen Hbf Kruppstraße/Am Thyssenhaus;Duisburg Hbf;;nein;Mülheim (Ruhr) Hbf;
08.10.2026;15:26;NWB RB84;74977;Holzminden;Paderborn Hbf;7;nein;Höxter-Ottbergen;Vorfahrt eines anderen Zuges
08.10.2026;15:26;S3;30347;Hattingen(Ruhr) Mitte;Essen West;9;teilweise;Essen Hbf;Defekt an der Strecke
08.10.2026;15:26;S4;30468;Dortmund-Lütgendortmund;Unna;1;nein;Dortmund-Lütgendortmund;
08.10.2026;15:27;ERB RB72;90663;Herford;Paderborn Hbf;15;nein;Altenbeken;Verspätung eines vorausfahrenden Zuges, Vorfahrt eines anderen Zuges, Verspätung aus vorheriger Fahrt
08.10.2026;15:27;RRB RB31;26018;Duisburg Hbf;Moers;6;nein;Moers;Defekt an der Strecke
08.10.2026;15:27;VIA RB91;21432;Kirchhundem-Welschen Ennest;Siegen Hbf;2;nein;Siegen-Weidenau;
08.10.2026;15:28;ERB RB61;20373;Hengelo;Bielefeld Hbf;14;nein;Ibbenbüren;Verspätung eines vorausfahrenden Zuges
08.10.2026;15:28;ICE 918;918;München Hbf;Dortmund Hbf;29;nein;Gelsenkirchen Hbf;Verspätete Bereitstellung, Technischer Defekt an einem anderen Zug
08.10.2026;15:28;S6;56094;Köln-Dellbrück;Köln-Worringen;2;nein;Köln-Nippes;
08.10.2026;15:29;RE17;10726;Brilon Stadt;Hagen Hbf;6;nein;Schwerte (Ruhr);Verspätung eines vorausfahrenden Zuges
08.10.2026;15:29;RE22;10033;Köln Messe/Deutz;Kall;2;nein;Köln Süd;Defekt an einem Signal
08.10.2026;15:29;RRB S7;29187;Wuppertal Hbf;Solingen Hbf;2;nein;Remscheid-Güldenwerth;Vorfahrt eines anderen Zuges
08.10.2026;15:29;S4;30463;Unna;Dortmund-Lütgendortmund;3;nein;Dortmund-Asseln Mitte;
08.10.2026;15:29;WFB RE15;90285;Emden Hbf;Münster(Westf)Hbf;8;nein;Rheine;Witterungsbedingte Beeinträchtigungen
08.10.2026;15:30;Bus RE1;7913;Duisburg Hbf;Essen Hbf Kruppstraße/Am Thyssenhaus;;nein;Duisburg Hbf;
08.10.2026;15:30;RE18;18946;Aachen Hbf;Eygelshoven Markt;12;nein;Herzogenrath;Verspätung aus vorheriger Fahrt
08.10.2026;15:30;RRB S7;29189;Wuppertal Hbf;Solingen Hbf;3;nein;Wuppertal-Ronsdorf;Warten auf einen entgegenkommenden Zug
08.10.2026;15:30;RTB RB21;90816;Düren;Heimbach (Eifel);0;nein;Düren;
08.10.2026;15:30;S12;33200;Horrem;Hennef(Sieg);8;nein;Spich;
08.10.2026;15:30;S5;31552;Dortmund Hbf;Hagen Hbf;0;nein;Dortmund Hbf;
08.10.2026;15:30;S6;56096;Köln-Dellbrück;Köln-Worringen;5;nein;Köln-Holweide;
08.10.2026;15:31;Bus RE1;7902;Essen Hbf Kruppstraße/Am Thyssenhaus;Duisburg Hbf;;nein;Mülheim (Ruhr) Hbf;
08.10.2026;15:31;ERB RE82;79356;Bielefeld Hbf;Altenbeken;21;nein;Horn-Bad Meinberg;Vorfahrt eines anderen Zuges, Verspätung aus vorheriger Fahrt
08.10.2026;15:31;RB20;30575;Alsdorf-Annapark;Stolberg-Altstadt;4;nein;Aachen Hbf;
08.10.2026;15:31;RB54;14845;Fröndenberg;Neuenrade;3;nein;Balve Sanssouci;
08.10.2026;15:31;VIA RE16;31318;Essen Hbf;Iserlohn;13;nein;Iserlohn-Letmathe;
08.10.2026;15:32;ERB RB73;90243;Bielefeld Hbf;Lemgo-Lüttfeld;15;nein;Oerlinghausen;Verspätung eines vorausfahrenden Zuges, Vorfahrt eines anderen Zuges, Verspätung aus vorheriger Fahrt
08.10.2026;15:32;HLB RB93;61884;Siegen Hbf;Aue-Wingeshausen;13;nein;Vormwald Dorf;Verspätung eines vorausfahrenden Zuges, Warten auf einen entgegenkommenden Zug
08.10.2026;15:32;HLB RE34;28572;Kirchhundem-Welschen Ennest;Siegen Hbf;7;nein;Kirchhundem-Welschen Ennest;
08.10.2026;15:32;NWB RB75;75157;Bielefeld Hbf;Halle(Westf);13;nein;Bielefeld-Brackwede;Vorfahrt eines anderen Zuges
08.10.2026;15:32;RB38;10088;Horrem;Bedburg (Erft);3;nein;Paffendorf;
08.10.2026;15:32;RE47;89329;Remscheid-Lennep;Düsseldorf Hbf;1;nein;Remscheid-Lennep;
08.10.2026;15:32;VIA RB35;32918;Mönchengladbach Hbf;Duisburg-Hochfeld Süd;4;nein;Krefeld-Oppum;
08.10.2026;15:33;ERB RB66;90601;Osnabrück Hbf;Münster(Westf)Hbf;4;nein;Lengerich (Westf);Verspätung eines vorausfahrenden Zuges
08.10.2026;15:33;ERB RB69;89983;Hamm(Westf)Hbf;Bielefeld Hbf;16;nein;Bielefeld Hbf;Verspätung eines vorausfahrenden Zuges, Vorfahrt eines anderen Zuges
08.10.2026;15:33;ICE 124;124;Frankfurt(Main)Hbf;Amsterdam Centraal;13;nein;Oberhausen Hbf;
08.10.2026;15:33;RB32;31265;Dortmund Hbf;Oberhausen Hbf;17;nein;Dortmund Hbf;
08.10.2026;15:33;RE42;10138;Münster(Westf)Hbf;Mönchengladbach Hbf;10;nein;Viersen;Defekt an einer Weiche
08.10.2026;15:33;S1;31127;Essen Hbf;Dortmund Hbf;2;nein;Bochum-Langendreer West;
08.10.2026;15:33;S11;33103;Bergisch Gladbach;Düsseldorf Flughafen Terminal;2;teilweise;Bergisch Gladbach;Defekt an der Strecke
08.10.2026;15:33;S12;33211;Hennef (Sieg);Horrem;2;nein;Hennef (Sieg);
08.10.2026;15:33;S3;30346;Essen West;Hattingen(Ruhr) Mitte;6;teilweise;Essen West;Defekt an der Strecke
08.10.2026;15:33;SBH S5;34555;Hannover Flughafen;Paderborn Hbf;5;nein;Altenbeken;Vorfahrt eines anderen Zuges
08.10.2026;15:33;WFB RE15;90286;Münster(Westf)Hbf;Emden Hbf;3;nein;Rheine;Verspätung aus vorheriger Fahrt
08.10.2026;15:34;Bus RE14;67565;Coesfeld (Westf);Dorsten;1;nein;Reken-Maria Veen;
08.10.2026;15:34;ERB RB71;89652;Bielefeld Hbf;Rahden;9;nein;Lübbecke (Westf);Außerplanmäßige Geschwindigkeitsbeschränkung, Verspätung eines vorausfahrenden Zuges, Vorfahrt eines anderen Zuges
08.10.2026;15:34;ERB RB89;90025;Münster(Westf)Hbf;Paderborn Hbf;5;nein;Scharmede;Verspätung eines vorausfahrenden Zuges
08.10.2026;15:34;ERB RE78;52283;Bielefeld Hbf;Nienburg(Weser);4;nein;Herford;Längere Haltezeit am Bahnhof
08.10.2026;15:34;HLB RB96;61824;Dillenburg;Betzdorf(Sieg);1;nein;Niederdresselndorf;
08.10.2026;15:34;NWB RB58;75265;Osnabrück Hbf;Bremen Hbf;11;nein;Halen;Verspätung aus vorheriger Fahrt
08.10.2026;15:34;NX RE7;17418;Krefeld Hbf;Rheine;52;teilweise;Greven;Defekt an einem Bahnübergang, Vorfahrt eines anderen Zuges, Verspätung aus vorheriger Fahrt
08.10.2026;15:34;RB20;32821;Eschweiler-Weisweiler;Düren;14;nein;Langerwehe;Verspätung aus vorheriger Fahrt
08.10.2026;15:34;RB52;33821;Rummenohl;Lüdenscheid;4;nein;Dahlerbrück;
08.10.2026;15:34;RRB RB36;82342;Oberhausen Hbf;Duisburg-Ruhrort;2;nein;Duisburg-Obermeiderich;
08.10.2026;15:34;RRB RE10;82276;Düsseldorf Hbf;Kleve;21;nein;Kleve;Verspätung eines vorausfahrenden Zuges, Warten auf einen entgegenkommenden Zug
08.10.2026;15:34;S23;32363;Rheinbach;Bonn Hbf;2;nein;Bonn Hbf;
08.10.2026;15:35;Bus RE1;7915;Duisburg Hbf;Essen Hbf Kruppstraße/Am Thyssenhaus;;nein;Duisburg Hbf;
08.10.2026;15:35;HLB RB90;61616;Limburg(Lahn);Siegen Hbf;5;nein;Geilhausen;Verspätung eines vorausfahrenden Zuges
08.10.2026;15:35;IC 2048;2048;Dresden Hbf;Stuttgart Hbf;22;teilweise;Dortmund Hbf;Defekt an der Oberleitung, Defektes Stellwerk, Defekt an einem Bahnübergang, Vorfahrt eines anderen Zuges
08.10.2026;15:35;NX RE7;17424;Krefeld Hbf;Rheine;42;teilweise;Krefeld Hbf;Defekt an der Strecke, Verspätung aus vorheriger Fahrt
08.10.2026;15:35;RB51;20269;Enschede;Dortmund Hbf;3;nein;Selm;Warten auf einen entgegenkommenden Zug
08.10.2026;15:35;RTB RB21;90718;Jülich-Nord;Düren;0;nein;Düren;
08.10.2026;15:35;S23;32367;Rheinbach;Bonn Hbf;12;ja;Rheinbach;Defekte Tür
08.10.2026;15:35;S8;30895;Mönchengladbach Hbf;Wuppertal-Oberbarmen;2;nein;Neuss Am Kaiser;
08.10.2026;15:35;SBH S1;34131;Minden (Westf);Hannover Hbf;3;nein;Minden (Westf);Verspätung aus vorheriger Fahrt
08.10.2026;15:36;Bus RE1;7904;Essen Hbf Kruppstraße/Am Thyssenhaus;Duisburg Hbf;;nein;Mülheim (Ruhr) Hbf;
08.10.2026;15:36;ICE 144;144;Berlin Südkreuz;Amsterdam Centraal;9;nein;Rheine;Vorfahrt eines anderen Zuges
08.10.2026;15:36;S1;56354;Dortmund Hbf;Essen West;2;teilweise;Essen Hbf;Defekt an der Strecke
08.10.2026;15:36;S2;31223;Dortmund Hbf;Dortmund-Mengede;2;nein;Dortmund-Dorstfeld;
08.10.2026;15:36;S6;56103;Köln-Worringen;Köln-Dellbrück;8;nein;Köln-Blumenberg;Defekt an der Strecke
08.10.2026;15:37;ERB RB61;20372;Bielefeld Hbf;Hengelo;15;nein;Hörstel;Längere Haltezeit am Bahnhof, Verspätung eines vorausfahrenden Zuges, Vorfahrt eines anderen Zuges
08.10.2026;15:37;ERB RB67;79302;Münster (Westf) Hbf;Bielefeld Hbf;8;nein;Isselhorst-Avenwedde;Verspätung eines vorausfahrenden Zuges, Vorfahrt eines anderen Zuges
08.10.2026;15:37;NWB RB74;75050;Paderborn Hbf;Bielefeld Hbf;18;nein;Bielefeld Hbf;Vorfahrt eines anderen Zuges
08.10.2026;15:37;R S28;77227;Kaarster See;Mettmann Stadtwald;2;nein;Neuss Hbf;
08.10.2026;15:37;RB24;10429;Köln Messe/Deutz;Euskirchen;4;nein;Weilerswist-Derkum;
08.10.2026;15:37;RB33;10330;Aachen Hbf;Duisburg Hbf;5;teilweise;Aachen Hbf;Verspätung eines vorausfahrenden Zuges, Verspätung aus vorheriger Fahrt, Verspätetes Personal aus vorheriger Fahrt
08.10.2026;15:37;RB33;10380;Aachen Hbf;Heinsberg(Rheinl);2;ja;Aachen Hbf;Defekt an der Strecke
08.10.2026;15:37;RB53;14942;Iserlohn;Dortmund Hbf;7;nein;Schwerte-Ergste;Verspätung aus vorheriger Fahrt
08.10.2026;15:37;S41;5036;Aachen Hbf;Hergenrath;2;nein;Aachen Hbf;
08.10.2026;15:37;S8;30899;Mönchengladbach Hbf;Wuppertal-Oberbarmen;4;nein;Mönchengladbach-Lürrip;
08.10.2026;15:37;TRI RB37;89418;Neuss Hbf;Krefeld Hbf;0;nein;Neuss Hbf;
08.10.2026;15:38;ERB RB59;90383;Dortmund Hbf;Soest;4;nein;Dortmund Signal Iduna Park;Verspätung aus vorheriger Fahrt
08.10.2026;15:38;ICE 941;941;Düsseldorf Hbf;Berlin Hbf;34;nein;Bielefeld Hbf;Verspätete Bereitstellung
08.10.2026;15:38;ICE 951;951;Köln Hbf;Berlin Hbf;34;nein;Bielefeld Hbf;
08.10.2026;15:38;RB RE22;10028;Trier Hbf;Kall;7;nein;Urft;Verspätung eines vorausfahrenden Zuges
08.10.2026;15:38;RB43;14773;Dortmund Hbf;Dorsten;18;teilweise;Dortmund-Huckarde Nord;Defekt an einem Bahnübergang
08.10.2026;15:38;RE18;18945;Eygelshoven Markt;Aachen Hbf;3;nein;Aachen West;Verspätung im Ausland
08.10.2026;15:38;S11;32199;Bergisch Gladbach;Düsseldorf Flughafen Terminal;19;teilweise;Köln-Nippes;Defekt an der Strecke
08.10.2026;15:39;NWB RB74;75052;Paderborn Hbf;Bielefeld Hbf;15;nein;Hövelriege;
08.10.2026;15:39;NX RE1;26821;Aachen Hbf;Hamm(Westf)Hbf;32;nein;Hamm (Westf) Hbf;Verspätung eines vorausfahrenden Zuges
08.10.2026;15:39;RB43;14771;Dortmund Hbf;Dorsten;6;nein;Gladbeck Ost;Verspätung eines vorausfahrenden Zuges
08.10.2026;15:39;RE62;11511;Rheine;Löhne(Westf);4;nein;Rheine;Verspätung eines vorausfahrenden Zuges
08.10.2026;15:39;TRI RE100;28082;Essen Hbf;Düsseldorf Hbf;0;nein;Essen Hbf;
08.10.2026;15:39;TRI RE100;63619;Düsseldorf Hbf;Essen Hbf;1;nein;Düsseldorf Hbf;
08.10.2026;15:40;Bus RE1;7917;Duisburg Hbf;Essen Hbf Kruppstraße/Am Thyssenhaus;;nein;Duisburg Hbf;
08.10.2026;15:40;NX RE1;26822;Hamm(Westf)Hbf;Aachen Hbf;16;nein;Düsseldorf Hbf;Verspätung eines vorausfahrenden Zuges
08.10.2026;15:40;RE42;10141;Essen Hbf;Münster(Westf)Hbf;18;nein;Senden-Bösensell;Verspätung eines vorausfahrenden Zuges
08.10.2026;15:40;RE47;89326;Düsseldorf Hbf;Remscheid-Lennep;0;nein;Düsseldorf Hbf;
08.10.2026;15:40;S19;31092;Düren;Troisdorf;17;nein;Porz-Wahn;Verspätung eines vorausfahrenden Zuges
08.10.2026;15:41;Bus RE1;7906;Essen Hbf Kruppstraße/Am Thyssenhaus;Duisburg Hbf;;nein;Mülheim (Ruhr) Hbf;
08.10.2026;15:41;RB27;10627;Mönchengladbach Hbf;Köln Messe/Deutz;16;nein;Köln Messe/Deutz;Verspätung eines vorausfahrenden Zuges
08.10.2026;15:41;RB64;14986;Münster(Westf)Hbf;Gronau(Westf);9;nein;Gronau (Westf);Verspätung eines vorausfahrenden Zuges
08.10.2026;15:41;S4;30470;Dortmund-Lütgendortmund;Unna-Königsborn;1;nein;Dortmund-Lütgendortmund;
08.10.2026;15:41;VIA RB46;31460;Bochum Hbf;Gelsenkirchen Hbf;4;nein;Gelsenkirchen Hbf;
08.10.2026;15:42;Bus RE14;67552;Bottrop Hbf;Dorsten;2;nein;Gladbeck West;
08.10.2026;15:42;ERB RB65;52337;Rheine;Münster(Westf)Hbf;2;nein;Münster-Sprakel;Verspätung eines vorausfahrenden Zuges
08.10.2026;15:42;NWB RB75;75152;Osnabrück Hbf;Bielefeld Hbf;13;nein;Quelle-Kupferheide;
08.10.2026;15:42;RE22;10024;Kall;Köln Messe/Deutz;10;nein;Köln Hbf;Verspätung eines vorausfahrenden Zuges
08.10.2026;15:42;RE57;10767;Dortmund Hbf;Winterberg(Westf);13;nein;Meschede;Verspätung eines vorausfahrenden Zuges
08.10.2026;15:42;RE57;10799;Dortmund Hbf;Warburg(Westf);13;nein;Meschede;Verspätung eines vorausfahrenden Zuges
08.10.2026;15:42;S9;30945;Hagen Hbf;Recklinghausen Hbf;10;nein;Gelsenkirchen-Buer Nord;Verspätung eines vorausfahrenden Zuges
08.10.2026;15:43;Bus RE14;67550;Dorsten;Coesfeld(Westf);0;nein;Dorsten;
08.10.2026;15:43;NX RB48;17350;Bonn-Mehlem;Wuppertal-Oberbarmen;120;ja;Bonn-Mehlem;Streckensperrung
08.10.2026;15:43;R S28;77242;Wuppertal Hbf;Kaarster See;5;nein;Neuss Hbf;Verspätung eines vorausfahrenden Zuges
08.10.2026;15:43;RRB RE14;89554;Essen Hbf;Bottrop Hbf;2;nein;Bottrop Hbf;
08.10.2026;15:43;S5;31551;Witten Hbf;Dortmund Hbf;1;nein;Dortmund-Kruckel;
08.10.2026;15:44;HLB RB90;61614;Limburg(Lahn);Kreuztal;13;nein;Kreuztal;Warten auf einen entgegenkommenden Zug
08.10.2026;15:44;ICE 228;228;Nürnberg Hbf;Dortmund Hbf;31;ja;Bonn Hbf;Defekt an der Oberleitung, Defektes Stellwerk, Verspätung eines vorausfahrenden Zuges
08.10.2026;15:44;RB20;30025;Stolberg(Rheinl)Hbf Gl.44;Eschweiler-Weisweiler;8;nein;Herzogenrath;Verspätung eines vorausfahrenden Zuges
08.10.2026;15:44;RB20;30075;Stolberg(Rheinl)Hbf Gl.44;Stolberg-Altstadt;9;nein;Herzogenrath;
08.10.2026;15:44;RB20;30525;Alsdorf-Annapark;Langerwehe;5;nein;Stolberg (Rheinl) Hbf;Verspätung eines vorausfahrenden Zuges
08.10.2026;15:44;RB54;14848;Neuenrade;Fröndenberg;2;nein;Bösperde;
08.10.2026;15:44;RRB S7;29182;Solingen Hbf;Wuppertal Hbf;6;nein;Remscheid-Lüttringhausen;Technische Störung am Zug
08.10.2026;15:44;S1;31137;Solingen Hbf;Duisburg Hbf;7;nein;Duisburg Schlenk;
08.10.2026;15:44;S11;33112;Düsseldorf Flughafen Terminal;Bergisch Gladbach;24;teilweise;Düsseldorf Flughafen Terminal;Defekt an der Strecke
08.10.2026;15:45;Bus RE1;7919;Duisburg Hbf;Essen Hbf Kruppstraße/Am Thyssenhaus;;nein;Duisburg Hbf;
08.10.2026;15:45;NX RE5;28521;Wesel;Koblenz Hbf;37;teilweise;Brühl;Defekt an einem Signal
08.10.2026;15:45;RB53;14941;Dortmund Hbf;Iserlohn;4;nein;Schwerte (Ruhr);
08.10.2026;15:45;RE49;30398;Essen Hbf;Wuppertal Hbf;15;nein;Wuppertal-Vohwinkel;Verspätung eines vorausfahrenden Zuges
08.10.2026;15:45;RTB RB21;90787;Untermaubach-Schlagstein;Düren;0;ja;Düren;
08.10.2026;15:46;Bus RE1;7908;Essen Hbf Kruppstraße/Am Thyssenhaus;Duisburg Hbf;;nein;Mülheim (Ruhr) Hbf;
08.10.2026;15:46;ERB RB89;90027;Münster(Westf)Hbf;Paderborn Hbf;14;nein;Hamm (Westf) Hbf;Vorfahrt eines anderen Zuges
08.10.2026;15:46;RB24;10427;Köln Messe/Deutz;Kall;9;nein;Scheven;Defekt an einem Signal
08.10.2026;15:46;RE2;10222;Osnabrück Hbf;Essen Hbf;5;nein;Haltern am See;Verspätung eines vorausfahrenden Zuges
08.10.2026;15:46;RRB RB31;26025;Moers;Duisburg Hbf;2;nein;Duisburg Hbf;
08.10.2026;15:46;S19;32000;Düren;Troisdorf;45;teilweise;Merzenich;Verspätung eines vorausfahrenden Zuges
08.10.2026;15:46;S2;31220;Dortmund-Mengede;Dortmund Hbf;6;nein;Dortmund-Westerfilde;
08.10.2026;15:46;VIA RB39;56665;Neuss Hbf;Grevenbroich;2;nein;Kapellen-Wevelinghoven;
08.10.2026;15:47;ERB RB89;90024;Paderborn Hbf;Münster(Westf)Hbf;19;nein;Münster (Westf) Hbf;Defekt an einem Bahnübergang, Verspätung eines vorausfahrenden Zuges, Verspätete Bereitstellung
08.10.2026;15:47;HLB RB95;28691;Siegen Hbf;Dillenburg;12;nein;Wilnsdorf-Rudersdorf;
08.10.2026;15:47;ICE 108;108;Chur;Hamburg-Altona;17;nein;Duisburg Hbf;Verspätung eines vorausfahrenden Zuges
08.10.2026;15:47;RB32;31264;Oberhausen Hbf;Dortmund Hbf;17;nein;Essen-Zollverein Nord;
08.10.2026;15:47;RB51;14629;Lünen Hbf;Dortmund Hbf;9;nein;Dortmund Hbf;Verspätung aus vorheriger Fahrt
08.10.2026;15:47;RE41;16232;Haltern am See;Bochum Hbf;6;nein;Bochum Hbf;
08.10.2026;15:47;RE49;30991;Wuppertal Hbf;Essen Hbf;13;nein;Essen Hbf;
08.10.2026;15:48;S6;56100;Köln-Dellbrück;Köln-Worringen;4;nein;Köln-Dellbrück;Defekt an der Strecke
08.10.2026;15:48;VIA RE16;29985;Iserlohn;Iserlohn-Letmathe;5;nein;Iserlohn;Vorfahrt eines anderen Zuges, Verspätung aus vorheriger Fahrt
08.10.2026;15:49;Bus RB54;54022;Bahnhof, Unna;Ardey Bahnhof, Fröndenberg;;nein;Fröndenberg-Frömern;
08.10.2026;15:49;RB20;30520;Langerwehe;Alsdorf-Annapark;15;nein;Herzogenrath;Verspätung eines vorausfahrenden Zuges
08.10.2026;15:49;RB20;30570;Stolberg-Altstadt;Alsdorf-Annapark;15;nein;Herzogenrath;Verspätung eines vorausfahrenden Zuges
08.10.2026;15:49;RB63;14893;Coesfeld(Westf);Münster(Westf)Hbf;4;nein;Billerbeck;Verspätung eines vorausfahrenden Zuges
08.10.2026;15:49;RRB RB31;26068;Duisburg Hbf;Moers;25;nein;Rheinhausen;Defekt an der Strecke
08.10.2026;15:49;S6;30689;Düsseldorf Hbf;Essen Hbf;6;nein;Essen Süd;
08.10.2026;15:50;Bus RE1;7921;Duisburg Hbf;Essen Hbf Kruppstraße/Am Thyssenhaus;;nein;Duisburg Hbf;
08.10.2026;15:50;ERB RE82;79359;Altenbeken;Bielefeld Hbf;10;nein;Lage (Lippe);Verspätung eines vorausfahrenden Zuges, Vorfahrt eines anderen Zuges
08.10.2026;15:50;RB20;30024;Eschweiler-Weisweiler;Stolberg(Rheinl)Hbf Gl.44;0;nein;Stolberg (Rheinl) Hbf;
08.10.2026;15:50;RB25;10554;Rösrath;Gummersbach;7;nein;Ründeroth;Warten auf einen entgegenkommenden Zug
08.10.2026;15:50;RRB RB36;82343;Duisburg-Ruhrort;Oberhausen Hbf;1;nein;Duisburg-Meiderich Süd;
08.10.2026;15:50;RTB RB21;90721;Düren;Linnich Bhf;0;nein;Düren;
08.10.2026;15:50;RTB RB21;90788;Düren;Untermaubach-Schlagstein;0;nein;Düren;
08.10.2026;15:51;Bus RB31;62066;Moers;Xanten;3;nein;Alpen;
08.10.2026;15:51;Bus RE1;7910;Essen Hbf Kruppstraße/Am Thyssenhaus;Duisburg Hbf;;nein;Mülheim (Ruhr) Hbf;
08.10.2026;15:51;RB54;14847;Fröndenberg;Menden(Sauerland);2;nein;Bösperde;
08.10.2026;15:51;RB94;23168;Marburg(Lahn);Erndtebrück;1;nein;Erndtebrück;
08.10.2026;15:51;RE49;56790;Wesel;Oberhausen Hbf;4;nein;Oberhausen Hbf;
08.10.2026;15:51;RE9;10919;Aachen Hbf;Siegen Hbf;10;nein;Siegen Hbf;Verspätung eines vorausfahrenden Zuges
08.10.2026;15:51;S1;31145;Solingen Hbf;Duisburg Hbf;4;nein;Düsseldorf-Oberbilk;
08.10.2026;15:51;S9;30947;Wuppertal Hbf;Haltern am See;9;nein;Essen-Gerschede;Verspätung eines vorausfahrenden Zuges
08.10.2026;15:51;VIA RB35;32919;Duisburg-Hochfeld Süd;Mönchengladbach Hbf;6;nein;Mönchengladbach Hbf;Vorfahrt eines anderen Zuges
08.10.2026;15:52;ERB RB72;90665;Herford;Paderborn Hbf;9;nein;Lage (Lippe);Warten auf Anschlussreisende, Verspätung eines vorausfahrenden Zuges, Verspätung aus vorheriger Fahrt
08.10.2026;15:52;RRB RE10;82278;Düsseldorf Hbf;Kleve;15;nein;Goch;
08.10.2026;15:52;S1;56357;Essen West;Dortmund Hbf;1;teilweise;Essen West;Defekt an der Strecke
08.10.2026;15:52;S23;32364;Bonn Hbf;Rheinbach;13;nein;Rheinbach Römerkanal;
08.10.2026;15:52;S4;30467;Unna;Dortmund-Lütgendortmund;3;nein;Massen;
08.10.2026;15:52;VIA RB91;21433;Siegen Hbf;Welschen Ennest;12;nein;Kreuztal;Vorfahrt eines anderen Zuges
08.10.2026;15:53;HLB RB95;28696;Dillenburg;Siegen Hbf;7;nein;Siegen Hbf;Außerplanmäßige Geschwindigkeitsbeschränkung
08.10.2026;15:53;ICE 927;927;Hamburg-Altona;Regensburg Hbf;28;teilweise;Köln Hbf;Bauarbeiten, Defekt an der Oberleitung
08.10.2026;15:53;RB25;10552;Köln Hansaring;Lüdenscheid;12;nein;Meinerzhagen;Warten auf einen entgegenkommenden Zug
08.10.2026;15:53;S11;33105;Bergisch Gladbach;Düsseldorf Flughafen Terminal;3;teilweise;Bergisch Gladbach;Defekt an der Strecke
08.10.2026;15:53;S12;33206;Horrem;Hennef(Sieg);3;nein;Köln Messe/Deutz;
08.10.2026;15:53;S4;30465;Unna-Königsborn;Dortmund-Lütgendortmund;5;nein;Dortmund-Körne West;
08.10.2026;15:54;HLB RE99;15113;Siegen Hbf;Frankfurt(Main)Hbf;5;nein;Siegen Hbf;Außerplanmäßige Geschwindigkeitsbeschränkung
08.10.2026;15:54;ICE 611;611;Hamburg-Altona;München Hbf;28;nein;Köln Hbf;Warten auf Anschlussreisende, Verspätung eines vorausfahrenden Zuges
08.10.2026;15:54;RRB RE10;82291;Kleve;Düsseldorf Hbf;1;nein;Kleve;
08.10.2026;15:54;S1;31141;Solingen Hbf;Duisburg Hbf;9;nein;Duisburg-Rahm;
08.10.2026;15:55;Bus RE1;7923;Duisburg Hbf;Essen Hbf Kruppstraße/Am Thyssenhaus;;nein;Duisburg Hbf;
08.10.2026;15:55;ERB RB65;52334;Münster(Westf)Hbf;Rheine;8;nein;Emsdetten;Verspätung eines vorausfahrenden Zuges, Vorfahrt eines anderen Zuges
08.10.2026;15:55;HLB RB90;61684;Altenkirchen(Westerwald);Betzdorf(Sieg);2;nein;Geilhausen;
08.10.2026;15:55;ICE 548;548;Berlin Hbf;Düsseldorf Hbf;13;nein;Hamm (Westf) Hbf;Bereitstellung weiterer Wagen, Technische Untersuchung am Zug
08.10.2026;15:55;NWB RB74;75055;Bielefeld Hbf;Paderborn Hbf;14;nein;Schloß Holte;Vorfahrt eines anderen Zuges
08.10.2026;15:55;NX RE5;28524;Koblenz Hbf;Wesel;90;ja;Bonn-Bad Godesberg;Defekt an der Oberleitung
08.10.2026;15:55;RB64;20219;Enschede;Münster(Westf)Hbf;7;nein;Ochtrup;Verspätung eines vorausfahrenden Zuges
08.10.2026;15:55;RB64;20220;Münster(Westf)Hbf;Enschede;7;nein;Ochtrup;Warten auf einen entgegenkommenden Zug
08.10.2026;15:55;VIA RB34;90517;Mönchengladbach Hbf;Dalheim;18;nein;Dalheim;
08.10.2026;15:56;Bus RE1;7912;Essen Hbf Kruppstraße/Am Thyssenhaus;Duisburg Hbf;;nein;Mülheim (Ruhr) Hbf;
08.10.2026;15:56;Bus RE14;67548;Bottrop Hbf;Borken(Westf);2;teilweise;Deuten;
08.10.2026;15:56;HLB RB90;61722;Betzdorf(Sieg);Siegen Hbf;12;nein;Eiserfeld (Sieg);Verspätung eines vorausfahrenden Zuges
08.10.2026;15:56;NX RB48;17347;Wuppertal-Oberbarmen;Bonn-Mehlem;31;teilweise;Bornheim-Sechtem;Streckensperrung
08.10.2026;15:56;RB33;10381;Heinsberg(Rheinl);Aachen Hbf;1;ja;Lindern;Defekt an der Strecke
08.10.2026;15:56;S19;31093;Blankenberg (Sieg);Düren;11;nein;Düren;
08.10.2026;15:56;S3;30349;Hattingen(Ruhr) Mitte;Essen West;13;teilweise;Essen Hbf;Defekt an der Strecke
08.10.2026;15:56;S6;31600;Essen Hbf;Düsseldorf Hbf;2;nein;Essen-Hügel;
08.10.2026;15:57;VIA RB35;52263;Gelsenkirchen Hbf;Oberhausen Hbf;16;nein;Oberhausen Hbf;Vorfahrt eines anderen Zuges
08.10.2026;15:57;VIA RB39;56623;Düsseldorf Hbf;Bedburg(Erft);5;nein;Düsseldorf-Bilk;Verspätung aus vorheriger Fahrt
08.10.2026;15:58;HLB RB93;61883;Aue-Wingeshausen;Siegen Hbf;17;nein;Siegen-Weidenau;Warten auf einen entgegenkommenden Zug
08.10.2026;15:58;ICE 723;723;Düsseldorf Hbf;München Hbf;5;nein;Siegburg/Bonn;
08.10.2026;15:58;RB53;14943;Dortmund Hbf;Iserlohn;2;nein;Dortmund Signal Iduna Park;
08.10.2026;15:58;S4;30472;Dortmund-Lütgendortmund;Unna;1;nein;Dortmund-Somborn;
08.10.2026;15:59;NX RB48;17346;Bonn-Mehlem;Wuppertal-Oberbarmen;24;nein;Haan-Gruiten;Verspätung aus vorheriger Fahrt
08.10.2026;15:59;RB77;14573;Herford;Hildesheim Hbf;4;nein;Vlotho;
08.10.2026;15:59;RE8;10824;Köln Messe/Deutz;Mönchengladbach Hbf;8;nein;Köln Hbf;Verspätung eines vorausfahrenden Zuges
08.10.2026;15:59;VIA RB46;31463;Gelsenkirchen Hbf;Bochum Hbf;9;nein;Bochum-Riemke;Vorfahrt eines anderen Zuges
08.10.2026;16:00;Bus EV;92958;Finnentrop;Olpe;0;nein;Finnentrop;
08.10.2026;16:00;Bus RE1;7925;Duisburg Hbf;Essen Hbf Kruppstraße/Am Thyssenhaus;;nein;Duisburg Hbf;
08.10.2026;16:00;RB77;14570;Hildesheim Hbf;Herford;4;nein;Vlotho;
08.10.2026;16:00;RE18;18948;Aachen Hbf;Eygelshoven Markt;7;nein;Herzogenrath;Verspätung aus vorheriger Fahrt
08.10.2026;16:00;S5;31553;Hagen Hbf;Dortmund Hbf;24;nein;Wetter (Ruhr);
08.10.2026;16:00;S6;30691;Düsseldorf Hbf;Essen Hbf;2;nein;Essen-Werden;
08.10.2026;16:00;S8;30896;Wuppertal-Oberbarmen;Mönchengladbach Hbf;1;nein;Erkrath;
08.10.2026;16:00;VIA RB91;31354;Hagen Hbf;Lennestadt-Altenhundem;3;teilweise;Iserlohn-Letmathe;
08.10.2026;16:01;Bus EV;92933;Olpe;Finnentrop;0;nein;Olpe;
08.10.2026;16:01;Bus RE1;7914;Essen Hbf Kruppstraße/Am Thyssenhaus;Duisburg Hbf;;nein;Mülheim (Ruhr) Hbf;
08.10.2026;16:01;ERB RB50;89938;Dortmund Hbf;Münster(Westf)Hbf;21;nein;Capelle (Westf);Defekt an einem Signal, Defekt an der Strecke, Verspätung aus vorheriger Fahrt
08.10.2026;16:01;ICE 628;628;München Hbf;Düsseldorf Hbf;65;nein;Siegburg/Bonn;Defekt an der Strecke
08.10.2026;16:01;RRB RE14;89557;Bottrop Hbf;Essen Hbf;14;nein;Essen Hbf;Vorfahrt eines anderen Zuges
08.10.2026;16:01;RRB S7;29188;Solingen Hbf;Wuppertal Hbf;1;nein;Solingen Mitte;
08.10.2026;16:01;S9;30944;Haltern am See;Wuppertal Hbf;21;nein;Wuppertal-Sonnborn;Verspätung eines vorausfahrenden Zuges
08.10.2026;16:01;VIA RE16;31325;Iserlohn;Essen Hbf;14;nein;Witten Hbf;Defekt an einem Signal
08.10.2026;16:02;ERB RE13;20084;Hamm(Westf)Hbf;Venlo;14;nein;Hagen Hbf;Verspätung eines vorausfahrenden Zuges, Vorfahrt eines anderen Zuges
08.10.2026;16:02;HLB RB90;61717;Siegen Hbf;Betzdorf(Sieg);4;nein;Eiserfeld (Sieg);Verspätung eines vorausfahrenden Zuges
08.10.2026;16:02;NX RE1;26854;Düsseldorf Hbf;Aachen Hbf;12;nein;Köln Hbf;Verspätung eines vorausfahrenden Zuges
08.10.2026;16:02;RB24;10433;Köln Messe/Deutz;Euskirchen;3;nein;Köln Hbf;Verspätung eines vorausfahrenden Zuges
08.10.2026;16:02;RB38;10272;Köln Messe/Deutz;Bedburg(Erft);7;nein;Paffendorf;Verspätung eines vorausfahrenden Zuges
08.10.2026;16:02;RB94;23173;Erndtebrück;Marburg(Lahn);0;nein;Erndtebrück;
08.10.2026;16:02;RE42;10143;Mönchengladbach Hbf;Münster(Westf)Hbf;8;nein;Buldern;Warten auf einen entgegenkommenden Zug
08.10.2026;16:02;RRB RE14;89558;Essen Hbf;Bottrop Hbf;3;nein;Essen West;Verspätung aus vorheriger Fahrt
08.10.2026;16:03;R S28;77231;Kaarster See;Wuppertal Hbf;2;nein;Neuss Rheinparkcenter;
08.10.2026;16:03;RB27;10629;Mönchengladbach Hbf;Köln Messe/Deutz;4;nein;Grevenbroich;
08.10.2026;16:03;RB54;14850;Menden(Sauerland);Fröndenberg;1;nein;Bösperde;
08.10.2026;16:03;RB64;14995;Steinfurt-Burgsteinfurt;Münster(Westf)Hbf;3;nein;Münster-Häger;
08.10.2026;16:03;RRB RE10;82289;Kleve;Düsseldorf Hbf;18;nein;Nieukerk;Verspätung eines vorausfahrenden Zuges, Warten auf einen entgegenkommenden Zug
08.10.2026;16:03;S1;31131;Essen Hbf;Dortmund Hbf;4;nein;Bochum-Langendreer West;
08.10.2026;16:03;S3;30348;Essen West;Hattingen(Ruhr) Mitte;9;teilweise;Essen West;Defekt an der Strecke
08.10.2026;16:04;ERB RB89;90075;Münster(Westf)Hbf;Paderborn Hbf;33;nein;Scharmede;Verspätung eines vorausfahrenden Zuges, Verspätete Bereitstellung
08.10.2026;16:04;RRB RB36;82344;Oberhausen Hbf;Duisburg-Ruhrort;2;nein;Duisburg-Obermeiderich;
08.10.2026;16:04;RRB S7;29186;Solingen Hbf;Wuppertal Hbf;4;nein;Remscheid-Lüttringhausen;Warten auf einen entgegenkommenden Zug
08.10.2026;16:04;RTB RB21;90748;Linnich Bhf;Düren;3;nein;Düren;
08.10.2026;16:04;VIA RB39;56620;Bedburg (Erft);Düsseldorf Hbf;4;nein;Düsseldorf Hbf;Vorfahrt eines anderen Zuges
08.10.2026;16:05;Bus RE1;7927;Duisburg Hbf;Essen Hbf Kruppstraße/Am Thyssenhaus;;nein;Duisburg Hbf;
08.10.2026;16:05;ERB RB50;89939;Münster(Westf)Hbf;Dortmund Hbf;10;nein;Werne a d Lippe;Vorfahrt eines anderen Zuges, Verspätung aus vorheriger Fahrt
08.10.2026;16:05;HLB RE99;15114;Frankfurt(Main)Hbf;Siegen Hbf;5;nein;Siegen Hbf;
08.10.2026;16:05;RTB RB21;90817;Heimbach (Eifel);Düren;3;nein;Düren;
08.10.2026;16:05;TRI RB37;89421;Krefeld Hbf;Neuss Hbf;0;nein;Krefeld Hbf;
08.10.2026;16:05;VIA RB46;31462;Bochum Hbf;Gelsenkirchen Hbf;8;nein;Herne-Wanne-Eickel Hbf;Vorfahrt eines anderen Zuges
08.10.2026;16:05;WFB RE15;90288;Münster(Westf)Hbf;Emden Hbf;1;nein;Münster (Westf) Hbf;
08.10.2026;16:06;Bus RE1;7916;Essen Hbf Kruppstraße/Am Thyssenhaus;Duisburg Hbf;;nein;Mülheim (Ruhr) Hbf;
08.10.2026;16:06;ERB RB89;90074;Paderborn Hbf;Münster(Westf)Hbf;5;nein;Rinkerode;Verspätung eines vorausfahrenden Zuges
08.10.2026;16:06;NWB RB74;75056;Paderborn Hbf;Bielefeld Hbf;13;nein;Hövelhof;Verspätung eines vorausfahrenden Zuges, Vorfahrt eines anderen Zuges
08.10.2026;16:06;NWB RB75;75159;Bielefeld Hbf;Osnabrück Hbf;12;nein;Quelle-Kupferheide;Defekt an der Strecke
08.10.2026;16:06;S1;56356;Dortmund Hbf;Essen West;2;teilweise;Essen Hbf;Defekt an der Strecke
08.10.2026;16:06;S2;31225;Dortmund Hbf;Dortmund-Mengede;1;nein;Dortmund-Dorstfeld;
08.10.2026;16:07;Bus RE14;67567;Borken (Westf);Bottrop Hbf;4;teilweise;Deuten;
08.10.2026;16:07;RB25;10559;Gummersbach;Rösrath;5;nein;Ründeroth;
08.10.2026;16:07;RB40;30779;Essen Hbf;Hagen Hbf;5;nein;Essen Hbf;
08.10.2026;16:07;RB53;14944;Iserlohn;Dortmund Hbf;3;nein;Schwerte-Ergste;
08.10.2026;16:07;S4;30469;Unna-Königsborn;Dortmund-Lütgendortmund;1;nein;Massen;
08.10.2026;16:07;VIA RE16;29980;Iserlohn-Letmathe;Iserlohn;2;nein;Letmathe-Dechenhöhle;
08.10.2026;16:08;Bus RB54;54025;Ardey Bahnhof, Fröndenberg;Bahnhof, Unna;;nein;Fröndenberg-Frömern;
08.10.2026;16:08;Bus RE14;67571;Coesfeld (Westf);Dorsten;0;nein;Coesfeld (Westf);
08.10.2026;16:08;ERB RB89;90026;Paderborn Hbf;Münster(Westf)Hbf;12;nein;Hamm-Westtünnen;Verspätung eines vorausfahrenden Zuges, Vorfahrt eines anderen Zuges
08.10.2026;16:08;HLB RE34;28575;Siegen Hbf;Kirchhundem-Welschen Ennest;0;nein;Siegen Hbf;
08.10.2026;16:08;NX RE11;26722;Kassel-Wilhelmshöhe;Essen Hbf;15;nein;Kamen;Defekt an einem Bahnübergang, Verspätung aus vorheriger Fahrt
08.10.2026;16:08;NX RE7;17427;Rheine;Krefeld Hbf;46;teilweise;Rheine;Vorfahrt eines anderen Zuges, Verspätung aus vorheriger Fahrt
08.10.2026;16:08;RB24;10436;Kall;Köln Messe/Deutz;2;nein;Scheven;
08.10.2026;16:08;RB27;10620;Köln Messe/Deutz;Mönchengladbach Hbf;8;nein;Rheydt-Odenkirchen;Verspätung eines vorausfahrenden Zuges
08.10.2026;16:08;RB38;10271;Bedburg (Erft);Köln Messe/Deutz;4;nein;Horrem;
08.10.2026;16:08;RB52;14673;Dortmund Hbf;Hagen Hbf;6;nein;Hagen Hbf;Verspätung eines vorausfahrenden Zuges
08.10.2026;16:08;RB63;14892;Münster(Westf)Hbf;Coesfeld(Westf);4;nein;Billerbeck;
08.10.2026;16:08;RE18;18947;Eygelshoven Markt;Aachen Hbf;3;nein;Aachen West;
08.10.2026;16:08;RRB RE44;26660;Bottrop Hbf;Moers;22;nein;Moers;
08.10.2026;16:08;S5;31554;Dortmund Hbf;Witten Hbf;1;nein;Dortmund-Kruckel;
08.10.2026;16:08;VIA RB91;21434;Kirchhundem-Welschen Ennest;Siegen Hbf;10;nein;Kirchhundem-Welschen Ennest;Vorfahrt eines anderen Zuges
08.10.2026;16:09;ERB RB69;89984;Bielefeld Hbf;Hamm(Westf)Hbf;19;nein;Ahlen (Westf);Defekt an der Strecke, Verspätung eines vorausfahrenden Zuges
08.10.2026;16:09;RRB S7;29191;Wuppertal Hbf;Solingen Hbf;2;nein;Remscheid-Güldenwerth;
08.10.2026;16:10;Bus RE1;7929;Duisburg Hbf;Essen Hbf Kruppstraße/Am Thyssenhaus;;nein;Duisburg Hbf;
08.10.2026;16:10;RTB RB28;90866;Euskirchen;Düren;4;nein;Düren;
08.10.2026;16:10;S6;30698;Essen Hbf;Düsseldorf Hbf;4;nein;Düsseldorf Hbf;
08.10.2026;16:11;Bus RE1;7918;Essen Hbf Kruppstraße/Am Thyssenhaus;Duisburg Hbf;;nein;Mülheim (Ruhr) Hbf;
08.10.2026;16:11;ERB RB73;90246;Lemgo-Lüttfeld;Bielefeld Hbf;13;nein;Hörstmar (Lippe);Defekt an der Strecke, Verspätung eines vorausfahrenden Zuges
08.10.2026;16:11;ICE 950;950;Berlin Hbf;Köln Hbf;46;nein;Köln Hbf;Stau / Hohes Verkehrsaufkommen, Defektes Stellwerk, Vorfahrt eines anderen Zuges
08.10.2026;16:11;NX RE11;26721;Essen Hbf;Kassel-Wilhelmshöhe;16;nein;Willebadessen;Verspätung eines vorausfahrenden Zuges
08.10.2026;16:11;NX RE6;89722;Minden(Westf);Köln/Bonn Flughafen;65;nein;Köln/Bonn Flughafen;Verspätung eines vorausfahrenden Zuges, Vorfahrt eines anderen Zuges
08.10.2026;16:11;RB52;14672;Hagen Hbf;Dortmund Hbf;5;nein;Dortmund-Kirchhörde;Verspätung eines vorausfahrenden Zuges
08.10.2026;16:11;S19;31097;Troisdorf;Düren;17;nein;Lövenich;
08.10.2026;16:11;S23;32371;Rheinbach;Bonn Hbf;15;nein;Meckenheim;Defekt an der Oberleitung
08.10.2026;16:11;S4;30474;Dortmund-Lütgendortmund;Unna-Königsborn;1;nein;Dortmund-Lütgendortmund;
08.10.2026;16:11;VIA RB35;32921;Duisburg-Hochfeld Süd;Mönchengladbach Hbf;11;nein;Rheinhausen Ost;Vorfahrt eines anderen Zuges
08.10.2026;16:12;Bus RE14;67569;Borken (Westf);Bottrop Hbf;0;nein;Borken (Westf);
08.10.2026;16:12;RB43;14772;Dorsten;Dortmund Hbf;13;nein;Dortmund-Rahm;Defekt an einem Bahnübergang
08.10.2026;16:12;RE42;10145;Essen Hbf;Münster(Westf)Hbf;16;nein;Marl-Sinsen;Verspätung eines vorausfahrenden Zuges
08.10.2026;16:12;RE49;56791;Oberhausen Hbf;Wesel;2;nein;Oberhausen-Sterkrade;
08.10.2026;16:12;RE8;10827;Mönchengladbach Hbf;Köln Messe/Deutz;1;nein;Rheydt Hbf;
08.10.2026;16:12;S19;52799;Troisdorf;Düren;12;nein;Merzenich;
08.10.2026;16:12;S9;30950;Recklinghausen Hbf;Hagen Hbf;12;nein;Herten-Westerholt;Verspätung aus vorheriger Fahrt
08.10.2026;16:13;RRB RE44;26663;Moers;Bottrop Hbf;9;nein;Oberhausen Hbf;Warten auf einen entgegenkommenden Zug
08.10.2026;16:13;S1;31148;Dortmund Hbf;Essen Hbf;2;nein;Dortmund-Dorstfeld Süd;
08.10.2026;16:13;S11;33107;Bergisch Gladbach;Düsseldorf Flughafen Terminal;0;ja;Bergisch Gladbach;Defekt an der Strecke
08.10.2026;16:13;S6;56109;Köln-Worringen;Köln-Dellbrück;1;nein;Köln-Worringen;Defekt an der Strecke
08.10.2026;16:13;S9;30942;Recklinghausen Hbf;Hagen Hbf;14;nein;Hagen-Wehringhausen;Verspätung eines vorausfahrenden Zuges
08.10.2026;16:13;VIA RB34;90518;Dalheim;Mönchengladbach Hbf;18;nein;Mönchengladbach-Rheindahlen;Verspätung aus vorheriger Fahrt
08.10.2026;16:14;ERB RB66;90602;Münster(Westf)Hbf;Osnabrück Hbf;4;nein;Ostbevern;Verspätung eines vorausfahrenden Zuges
08.10.2026;16:14;ERB RE13;20083;Venlo;Hamm(Westf)Hbf;15;nein;Holzwickede;Verspätung eines vorausfahrenden Zuges, Vorfahrt eines anderen Zuges
08.10.2026;16:14;S2;30250;Essen Hbf;Dortmund Hbf;8;nein;Herne;
08.10.2026;16:14;S2;31222;Dortmund-Mengede;Dortmund Hbf;1;nein;Dortmund-Nette/Oestrich;
08.10.2026;16:14;S23;32366;Bonn Hbf;Bad Münstereifel;9;nein;Swisttal-Odendorf;Verspätung eines vorausfahrenden Zuges
08.10.2026;16:14;VIA RB91;31367;Lennestadt-Altenhundem;Hagen Hbf;5;teilweise;Lennestadt-Altenhundem;Defekt an einem Signal
08.10.2026;16:15;Bus RE1;7931;Duisburg Hbf;Essen Hbf Kruppstraße/Am Thyssenhaus;;nein;Duisburg Hbf;
08.10.2026;16:15;ERB RB73;90245;Bielefeld Hbf;Lemgo-Lüttfeld;12;nein;Bielefeld Hbf;Vorfahrt eines anderen Zuges, Verspätung aus vorheriger Fahrt
08.10.2026;16:15;RRB RB31;26067;Moers;Duisburg Hbf;3;nein;Duisburg Hbf;
08.10.2026;16:15;SBH S5;34572;Paderborn Hbf;Hannover Flughafen;0;nein;Paderborn Hbf;
08.10.2026;16:16;Bus RB31;62018;Moers;Xanten;6;nein;Alpen;
08.10.2026;16:16;Bus RE1;7920;Essen Hbf Kruppstraße/Am Thyssenhaus;Duisburg Hbf;;nein;Mülheim (Ruhr) Hbf;
08.10.2026;16:16;R S28;77250;Mettmann Stadtwald;Kaarster See;3;nein;Neuss Rheinparkcenter;
08.10.2026;16:16;RB38;10091;Bedburg (Erft);Horrem;6;nein;Glesch;
08.10.2026;16:16;S19;31096;Düren;Troisdorf;16;teilweise;Köln/Bonn Flughafen;Verspätung eines vorausfahrenden Zuges
08.10.2026;16:16;S8;30892;Wuppertal-Oberbarmen;Mönchengladbach Hbf;2;nein;Kleinenbroich;
08.10.2026;16:17;RB51;14622;Dortmund Hbf;Lünen Hbf;2;nein;Dortmund-Kirchderne;
08.10.2026;16:17;RRB RB31;26020;Duisburg Hbf;Moers;11;nein;Rheinhausen;
08.10.2026;16:17;VIA RE19;77026;Düsseldorf Hbf;Bocholt;26;nein;Wesel;Abhängen von Wagen, Vorfahrt eines anderen Zuges
08.10.2026;16:18;ICE 17;17;Bruxelles Midi;Frankfurt(Main)Hbf;7;nein;Köln Hbf;
08.10.2026;16:18;RB24;10434;Kall;Köln Messe/Deutz;5;nein;Köln Messe/Deutz;Verspätung eines vorausfahrenden Zuges
08.10.2026;16:18;RRB S7;29197;Wuppertal Hbf;Solingen Hbf;2;nein;Wuppertal-Barmen;
08.10.2026;16:19;Bus EV;93884;Aue-Wingeshausen;Bad Berleburg;0;nein;Aue-Wingeshausen;
08.10.2026;16:19;Bus RB31;62027;Xanten;Moers;4;nein;Moers;
08.10.2026;16:19;ICE 725;725;Düsseldorf Hbf;München Hbf;1;nein;Düsseldorf Hbf;
08.10.2026;16:19;RB20;30074;Stolberg-Altstadt;Stolberg(Rheinl)Hbf Gl.44;8;nein;Herzogenrath;Verspätung eines vorausfahrenden Zuges, Verspätete Bereitstellung
08.10.2026;16:19;S1;31153;Solingen Hbf;Duisburg Hbf;1;nein;Hilden Süd;
08.10.2026;16:19;VIA RB35;52258;Oberhausen Hbf;Gelsenkirchen Hbf;26;nein;Gelsenkirchen Hbf;Verspätung aus vorheriger Fahrt
08.10.2026;16:20;Bus RE1;7933;Duisburg Hbf;Essen Hbf Kruppstraße/Am Thyssenhaus;;nein;Duisburg Hbf;
08.10.2026;16:20;ERB RB71;89655;Rahden;Bielefeld Hbf;8;nein;Lübbecke (Westf);Außerplanmäßige Geschwindigkeitsbeschränkung
08.10.2026;16:20;ERB RB72;90670;Paderborn Hbf;Herford;12;nein;Bad Salzuflen;Längere Haltezeit am Bahnhof, Verspätung eines vorausfahrenden Zuges, Vorfahrt eines anderen Zuges
08.10.2026;16:20;ERB RE82;79358;Bielefeld Hbf;Altenbeken;21;nein;Detmold;Vorfahrt eines anderen Zuges, Verspätung aus vorheriger Fahrt
08.10.2026;16:20;ICE 14;14;Frankfurt(Main)Hbf;Bruxelles Midi;23;nein;Aachen Hbf;
08.10.2026;16:20;NX RB48;17353;Wuppertal-Oberbarmen;Köln Hbf;8;nein;Wuppertal Hbf;Vorfahrt eines anderen Zuges
08.10.2026;16:20;RB54;14849;Fröndenberg;Neuenrade;4;nein;Lendringsen;Verspätung eines vorausfahrenden Zuges
08.10.2026;16:20;RB63;14728;Münster(W)Zentrum Nord;Coesfeld(Westf);6;nein;Münster-Roxel;Verspätung eines vorausfahrenden Zuges
08.10.2026;16:20;RRB RB36;82345;Duisburg-Ruhrort;Oberhausen Hbf;2;nein;Duisburg-Meiderich Süd;
08.10.2026;16:20;RTB RB21;90818;Düren;Heimbach (Eifel);4;nein;Düren;
08.10.2026;16:20;TR RB26;25431;Köln Messe/Deutz;Mainz Hbf;48;teilweise;Roisdorf;
08.10.2026;16:20;WFB RE60;95780;Braunschweig Hbf;Rheine;10;nein;Bünde (Westf);Verspätung eines vorausfahrenden Zuges
08.10.2026;16:21;Bus RE1;7922;Essen Hbf Kruppstraße/Am Thyssenhaus;Duisburg Hbf;;nein;Mülheim (Ruhr) Hbf;
08.10.2026;16:21;ERB RE3;89885;Essen Hbf;Hamm(Westf)Hbf;10;nein;Bönen-Nordbögge;Verspätung aus vorheriger Fahrt
08.10.2026;16:21;RB52;33822;Lüdenscheid;Rummenohl;2;nein;Schalksmühle;
08.10.2026;16:21;RTB RB21;90751;Düren;Jülich-Nord;0;nein;Düren;
08.10.2026;16:21;S1;31144;Dortmund Hbf;Essen Hbf;3;nein;Essen Hbf;
08.10.2026;16:21;S1;31590;Düsseldorf Wehrhahn;Solingen Hbf;8;nein;Düsseldorf-Oberbilk;
08.10.2026;16:21;VIA RB39;56664;Grevenbroich;Düsseldorf Hbf;3;nein;Neuss Hbf;
08.10.2026;16:22;ERB RB69;89985;Hamm(Westf)Hbf;Bielefeld Hbf;43;nein;Bielefeld Hbf;Defekt an einem Signal, Verspätung eines vorausfahrenden Zuges, Vorfahrt eines anderen Zuges
08.10.2026;16:22;NWB RB58;75260;Bremen Hbf;Osnabrück Hbf;25;nein;Halen;Vorfahrt eines anderen Zuges
08.10.2026;16:22;NWB RB75;75156;Halle (Westf);Bielefeld Hbf;12;nein;Bielefeld Hbf;Verspätung eines vorausfahrenden Zuges
08.10.2026;16:22;RB RE22;10033;Kall;Trier Hbf;8;nein;Urft;Defekt an einem Signal
08.10.2026;16:22;RB25;10561;Lüdenscheid;Köln Hansaring;5;nein;Gummersbach;Verspätung aus vorheriger Fahrt
08.10.2026;16:22;S1;56359;Essen West;Dortmund Hbf;2;teilweise;Essen West;Defekt an der Strecke
08.10.2026;16:22;S23;32368;Bonn Hbf;Rheinbach;19;nein;Rheinbach Römerkanal;
08.10.2026;16:22;S23;32373;Euskirchen;Bonn Hbf;15;nein;Rheinbach Römerkanal;
08.10.2026;16:22;S41;5015;Hergenrath;Aachen Hbf;7;nein;Aachen Hbf;
08.10.2026;16:22;TR RB26;25430;Mainz Hbf;Köln Messe/Deutz;55;ja;Bonn-Mehlem;Defekt an der Oberleitung
08.10.2026;16:23;Bus EV;93887;Bad Berleburg;Aue-Wingeshausen;0;nein;Bad Berleburg;
08.10.2026;16:23;HLB RB90;61619;Siegen Hbf;Limburg(Lahn);23;nein;Geilhausen;Verspätung eines vorausfahrenden Zuges, Vorfahrt eines anderen Zuges
08.10.2026;16:23;RB33;10328;Aachen Hbf;Duisburg Hbf;14;nein;Duisburg Hbf;
08.10.2026;16:23;RE17;10727;Hagen Hbf;Brilon Wald;46;nein;Bestwig;Defekt an einem Signal
08.10.2026;16:23;SBH S1;34128;Hannover Hbf;Minden (Westf);25;ja;Minden (Westf);Bereitstellung weiterer Wagen, Technische Störung am Zug
08.10.2026;16:24;ERB RB65;52339;Rheine;Münster(Westf)Hbf;5;nein;Münster (Westf) Hbf;Verspätung eines vorausfahrenden Zuges
08.10.2026;16:24;NWB RB84;74978;Paderborn Hbf;Kreiensen;5;nein;Brakel (Kr Höxter);Vorfahrt eines anderen Zuges
08.10.2026;16:24;NWB RB85;74941;Paderborn Hbf;Göttingen;5;nein;Brakel (Kr Höxter);Vorfahrt eines anderen Zuges
08.10.2026;16:24;NX RE11;26725;Essen Hbf;Hamm(Westf)Hbf;5;nein;Bochum Hbf;Defekt an einem Signal
08.10.2026;16:24;RB53;14946;Iserlohn;Dortmund Hbf;1;nein;Iserlohnerheide;
08.10.2026;16:24;S1;31130;Duisburg Hbf;Solingen Hbf;9;nein;Solingen Vogelpark;
08.10.2026;16:24;S11;33118;Düsseldorf Flughafen Terminal;Bergisch Gladbach;10;teilweise;Düsseldorf Flughafen Terminal;Defekt an der Strecke
08.10.2026;16:24;S12;33212;Horrem;Hennef(Sieg);3;nein;Porz (Rhein);
08.10.2026;16:24;S12;33231;Au (Sieg);Horrem;1;nein;Rosbach (Sieg);
08.10.2026;16:24;S68;31877;Düsseldorf Hbf;Wuppertal-Vohwinkel;3;nein;Wuppertal-Vohwinkel;
08.10.2026;16:25;Bus RE1;7935;Duisburg Hbf;Essen Hbf Kruppstraße/Am Thyssenhaus;;nein;Duisburg Hbf;
08.10.2026;16:25;ERB RB65;52336;Münster(Westf)Hbf;Rheine;7;nein;Greven;Verspätung eines vorausfahrenden Zuges
08.10.2026;16:25;ERB RB67;79309;Bielefeld Hbf;Münster(Westf)Hbf;4;nein;Gütersloh Hbf;Verspätung eines vorausfahrenden Zuges
08.10.2026;16:25;ICE 1716;1716;Frankfurt(Main)Hbf;Köln Hbf;50;nein;Köln Hbf;Verspätung aus vorheriger Fahrt
08.10.2026;16:25;NWB RB74;75059;Bielefeld Hbf;Paderborn Hbf;12;nein;Schloß Holte;Vorfahrt eines anderen Zuges
08.10.2026;16:25;NX RE5;28522;Koblenz Hbf;Wesel;9;nein;Oberhausen Hbf;Defekt an einem Signal
08.10.2026;16:25;RB20;32822;Düren;Eschweiler-Weisweiler;5;nein;Langerwehe;
08.10.2026;16:25;VIA RE19;20027;Arnhem Centraal;Düsseldorf Hbf;36;nein;Düsseldorf Flughafen;Ärztliche Versorgung eines Fahrgastes, Beeinträchtigung durch Vandalismus, Außerplanmäßige Geschwindigkeitsbeschränkung, Vorfahrt eines anderen Zuges
08.10.2026;16:25;VIA RE19;77027;Bocholt;Düsseldorf Hbf;36;nein;Düsseldorf Flughafen;Ärztliche Versorgung eines Fahrgastes, Beeinträchtigung durch Vandalismus, Warten auf einen entgegenkommenden Zug
08.10.2026;16:26;Bus RE1;7924;Essen Hbf Kruppstraße/Am Thyssenhaus;Duisburg Hbf;;nein;Mülheim (Ruhr) Hbf;
08.10.2026;16:26;ERB RB59;90384;Soest;Dortmund Hbf;5;nein;Dortmund Hbf;Verspätung eines vorausfahrenden Zuges
08.10.2026;16:26;ERB RB61;20374;Bielefeld Hbf;Hengelo;12;nein;Ibbenbüren-Laggenbeck;Defekt an einem Bahnübergang, Verspätung eines vorausfahrenden Zuges, Vorfahrt eines anderen Zuges
08.10.2026;16:26;ERB RE78;52284;Nienburg(Weser);Bielefeld Hbf;2;nein;Herford;Längere Haltezeit am Bahnhof
08.10.2026;16:26;NX RB48;17348;Köln Hbf;Wuppertal-Oberbarmen;4;nein;Haan-Gruiten;
08.10.2026;16:26;RE9;10920;Siegen Hbf;Aachen Hbf;8;nein;Eschweiler Hbf;Verspätung aus vorheriger Fahrt
08.10.2026;16:26;S3;30351;Hattingen(Ruhr) Mitte;Essen West;6;teilweise;Essen Hbf;Defekt an der Strecke
08.10.2026;16:27;ICE 651;651;Köln Hbf;Berlin Gesundbrunnen;20;nein;Bielefeld Hbf;Verspätete Bereitstellung
08.10.2026;16:27;S4;30471;Unna;Dortmund-Lütgendortmund;5;nein;Dortmund-Wickede West;
08.10.2026;16:28;HLB RB90;61647;Kreuztal;Limburg(Lahn);6;nein;Siegen Hbf;Verspätung eines vorausfahrenden Zuges
08.10.2026;16:28;ICE 1520;1520;Köln Hbf;Rostock Hbf;10;nein;Düsseldorf Hbf;
08.10.2026;16:28;RB53;14945;Dortmund Hbf;Iserlohn;3;nein;Dortmund Signal Iduna Park;
08.10.2026;16:28;S6;56102;Köln-Dellbrück;Köln-Worringen;2;nein;Köln-Nippes;
08.10.2026;16:28;S8;30898;Hagen Hbf;Mönchengladbach Hbf;5;nein;Düsseldorf-Flingern;
08.10.2026;16:29;ERB RE3;89888;Hamm(Westf)Hbf;Essen Hbf;6;nein;Essen Hbf;Verspätung eines vorausfahrenden Zuges
08.10.2026;16:29;RB38;10090;Horrem;Bedburg (Erft);6;nein;Zieverich;Verspätung eines vorausfahrenden Zuges
08.10.2026;16:29;RE17;10728;Brilon Wald;Hagen Hbf;4;nein;Schwerte (Ruhr);Verspätung eines vorausfahrenden Zuges
08.10.2026;16:29;RE22;10035;Köln Messe/Deutz;Kall;15;nein;Köln Süd;Verspätung aus vorheriger Fahrt
08.10.2026;16:29;S6;30693;Düsseldorf Hbf;Essen Hbf;9;nein;Essen Süd;
08.10.2026;16:29;VIA RB46;31465;Gelsenkirchen Hbf;Bochum Hbf;7;nein;Bochum-Riemke;Vorfahrt eines anderen Zuges
08.10.2026;16:29;WFB RE15;90287;Emden Hbf;Münster(Westf)Hbf;11;nein;Rheine;Witterungsbedingte Beeinträchtigungen, Verspätung eines vorausfahrenden Zuges
08.10.2026;16:30;Bus RE1;7937;Duisburg Hbf;Essen Hbf Kruppstraße/Am Thyssenhaus;;nein;Duisburg Hbf;
08.10.2026;16:30;HLB RB93;61886;Siegen Hbf;Aue-Wingeshausen;9;nein;Hilchenbach;
08.10.2026;16:30;RB51;20271;Enschede;Dortmund Hbf;22;nein;Lüdinghausen;Warten auf einen entgegenkommenden Zug
08.10.2026;16:30;RE18;18949;Eygelshoven Markt;Aachen Hbf;1;nein;Herzogenrath;
08.10.2026;16:30;RE18;18950;Aachen Hbf;Eygelshoven Markt;6;nein;Herzogenrath;Verspätung eines vorausfahrenden Zuges
08.10.2026;16:30;RE41;16235;Bochum Hbf;Haltern am See;12;nein;Recklinghausen Hbf;
08.10.2026;16:30;RRB RE14;89561;Bottrop Hbf;Essen Hbf;15;nein;Essen Hbf;
08.10.2026;16:30;S6;30699;Düsseldorf Hbf;Essen Hbf;3;nein;Düsseldorf Hbf;
08.10.2026;16:30;S6;56107;Köln-Worringen;Köln-Dellbrück;4;nein;Köln-Holweide;
08.10.2026;16:31;Bus RE1;7926;Essen Hbf Kruppstraße/Am Thyssenhaus;Duisburg Hbf;;nein;Mülheim (Ruhr) Hbf;
08.10.2026;16:31;RB20;30527;Alsdorf-Annapark;Langerwehe;19;nein;Aachen Hbf;Verspätung aus vorheriger Fahrt
08.10.2026;16:31;RB20;30577;Alsdorf-Annapark;Stolberg-Altstadt;19;nein;Aachen Hbf;Verspätung eines vorausfahrenden Zuges, Verspätung aus vorheriger Fahrt
08.10.2026;16:31;VIA RE16;31320;Essen Hbf;Iserlohn;13;nein;Iserlohn-Letmathe;Defekt an einem Signal, Vorfahrt eines anderen Zuges
08.10.2026;16:32;HLB RE34;28574;Kirchhundem-Welschen Ennest;Siegen Hbf;0;nein;Kirchhundem-Welschen Ennest;
08.10.2026;16:32;RE22;10028;Kall;Köln Messe/Deutz;8;nein;Köln Süd;Verspätung eines vorausfahrenden Zuges
08.10.2026;16:32;S19;32005;Troisdorf;Düren;4;teilweise;Troisdorf;Verspätung eines vorausfahrenden Zuges
08.10.2026;16:33;ERB RB59;90385;Dortmund Hbf;Soest;3;nein;Dortmund Hbf;Verspätung aus vorheriger Fahrt
08.10.2026;16:33;ERB RB61;20376;Bielefeld Hbf;Hengelo;6;nein;Herford;Verspätung eines vorausfahrenden Zuges
08.10.2026;16:33;ERB RB72;90667;Herford;Paderborn Hbf;10;nein;Herford;Verspätung eines vorausfahrenden Zuges, Verspätung aus vorheriger Fahrt
08.10.2026;16:33;RE41;16234;Haltern am See;Bochum Hbf;4;nein;Recklinghausen Süd;
08.10.2026;16:33;RE42;10142;Münster(Westf)Hbf;Mönchengladbach Hbf;16;nein;Viersen;Verspätung aus vorheriger Fahrt
08.10.2026;16:33;S1;31142;Duisburg Hbf;Solingen Hbf;12;nein;Duisburg-Buchholz;
08.10.2026;16:33;S11;33111;Bergisch Gladbach;Düsseldorf Flughafen Terminal;6;teilweise;Bergisch Gladbach;Defekt an der Strecke
08.10.2026;16:33;S12;33225;Hennef (Sieg);Horrem;2;nein;Hennef (Sieg);
08.10.2026;16:33;S3;30350;Essen West;Hattingen(Ruhr) Mitte;9;teilweise;Essen West;Defekt an der Strecke
08.10.2026;16:33;SBH S5;34559;Hannover Flughafen;Paderborn Hbf;6;nein;Altenbeken;Vorfahrt eines anderen Zuges, Witterungsbedingt verminderte Geschwindigkeit
08.10.2026;16:34;ERB RB71;89654;Bielefeld Hbf;Rahden;9;nein;Lübbecke (Westf);Verspätung eines vorausfahrenden Zuges
08.10.2026;16:34;HLB RB96;61826;Dillenburg;Betzdorf(Sieg);7;nein;Niederdresselndorf;
08.10.2026;16:34;NWB RB58;75267;Osnabrück Hbf;Bremen Hbf;4;nein;Halen;Vorfahrt eines anderen Zuges
08.10.2026;16:34;NWB RB75;75163;Bielefeld Hbf;Halle(Westf);13;nein;Quelle-Kupferheide;Vorfahrt eines anderen Zuges
08.10.2026;16:34;NWB RE18;75375;Osnabrück Hbf;Oldenburg(Oldb)Hbf;4;nein;Halen;Vorfahrt eines anderen Zuges
08.10.2026;16:34;RB20;32823;Eschweiler-Weisweiler;Düren;9;nein;Langerwehe;Verspätung aus vorheriger Fahrt
08.10.2026;16:34;RB51;14631;Lünen Hbf;Dortmund Hbf;4;nein;Lünen Preußen;
08.10.2026;16:34;RB52;33823;Rummenohl;Lüdenscheid;2;nein;Dahlerbrück;
08.10.2026;16:34;RB54;14852;Neuenrade;Fröndenberg;4;nein;Lendringsen;
08.10.2026;16:34;RRB RB36;82346;Oberhausen Hbf;Duisburg-Ruhrort;3;nein;Duisburg-Obermeiderich;
08.10.2026;16:34;S1;31149;Solingen Hbf;Duisburg Hbf;3;nein;Duisburg-Rahm;
08.10.2026;16:35;Bus RE1;7939;Duisburg Hbf;Essen Hbf Kruppstraße/Am Thyssenhaus;;nein;Duisburg Hbf;
08.10.2026;16:35;NX RE7;17426;Krefeld Hbf;Rheine;0;teilweise;Krefeld Hbf;
08.10.2026;16:35;RRB S7;29199;Wuppertal Hbf;Solingen Hbf;1;nein;Wuppertal-Unterbarmen;Vorfahrt eines anderen Zuges
08.10.2026;16:35;RTB RB21;90720;Linnich Bhf;Düren;3;nein;Düren;
08.10.2026;16:35;RTB RB21;90789;Untermaubach-Schlagstein;Düren;0;nein;Düren;
08.10.2026;16:35;SBH S1;34133;Minden (Westf);Hannover Hbf;18;ja;Minden (Westf);
08.10.2026;16:35;VIA RB46;31464;Bochum Hbf;Gelsenkirchen Hbf;6;nein;Herne-Wanne-Eickel Hbf;Vorfahrt eines anderen Zuges
08.10.2026;16:36;Bus RE1;7928;Essen Hbf Kruppstraße/Am Thyssenhaus;Duisburg Hbf;;nein;Mülheim (Ruhr) Hbf;
08.10.2026;16:36;ICE 641;641;Düsseldorf Hbf;Berlin Hbf;26;nein;Bielefeld Hbf;Verspätung eines vorausfahrenden Zuges
08.10.2026;16:36;R S28;77252;Wuppertal Hbf;Kaarster See;8;nein;Neuss Rheinparkcenter;Verspätung eines vorausfahrenden Zuges
08.10.2026;16:36;RB77;14575;Herford;Hildesheim Hbf;1;nein;Herford;
08.10.2026;16:36;RE10;22510;Düsseldorf Hbf;Kleve;6;nein;Krefeld Hbf;Verspätung eines vorausfahrenden Zuges
08.10.2026;16:36;S1;56358;Dortmund Hbf;Essen West;4;teilweise;Essen Hbf;Defekt an der Strecke
08.10.2026;16:36;S2;31227;Dortmund Hbf;Dortmund-Mengede;1;nein;Dortmund-Dorstfeld;
08.10.2026;16:37;ERB RB66;90603;Osnabrück Hbf;Münster(Westf)Hbf;1;nein;Kattenvenne;
08.10.2026;16:37;ERB RB67;79304;Münster (Westf) Hbf;Bielefeld Hbf;8;nein;Isselhorst-Avenwedde;Verspätung eines vorausfahrenden Zuges
08.10.2026;16:37;NX RE4;26422;Dortmund Hbf;Aachen Hbf;16;nein;Aachen Hbf;Verspätung eines vorausfahrenden Zuges
08.10.2026;16:37;R S28;77235;Kaarster See;Mettmann Stadtwald;1;nein;Neuss Hbf;
08.10.2026;16:37;RB33;10382;Aachen Hbf;Heinsberg(Rheinl);2;ja;Aachen Hbf;Defekt an einem Signal
08.10.2026;16:37;RB64;20222;Münster(Westf)Hbf;Enschede;7;nein;Steinfurt-Grottenkamp;Verspätung eines vorausfahrenden Zuges
08.10.2026;16:37;S19;32009;Blankenberg (Sieg);Düren;1;teilweise;Blankenberg (Sieg);Verspätung eines vorausfahrenden Zuges
08.10.2026;16:37;S41;5037;Aachen Hbf;Hergenrath;1;nein;Aachen Hbf;
08.10.2026;16:37;TRI RB37;89420;Neuss Hbf;Krefeld Hbf;0;nein;Neuss Hbf;
08.10.2026;16:37;VIA RE19;74497;Düsseldorf Hbf;Emmerich;6;nein;Oberhausen Hbf;
08.10.2026;16:38;ERB RB89;90076;Paderborn Hbf;Münster(Westf)Hbf;5;nein;Hamm-Westtünnen;Defekt an der Strecke
08.10.2026;16:38;RB RE22;10030;Trier Hbf;Kall;3;nein;Urft;
08.10.2026;16:38;RB43;14775;Dortmund Hbf;Dorsten;9;teilweise;Dortmund-Huckarde Nord;Defekt an einem Bahnübergang
08.10.2026;16:38;RE42;10147;Mönchengladbach Hbf;Münster(Westf)Hbf;14;nein;Recklinghausen Hbf;Verspätung eines vorausfahrenden Zuges
08.10.2026;16:38;RRB RE10;82282;Düsseldorf Hbf;Kleve;5;nein;Kevelaer;Warten auf einen entgegenkommenden Zug
08.10.2026;16:38;S1;31134;Duisburg Hbf;Solingen Hbf;17;teilweise;Hilden;Verspätung eines vorausfahrenden Zuges
08.10.2026;16:39;Bus RE14;67563;Dorsten;Bottrop Hbf;8;nein;Bottrop Hbf;
08.10.2026;16:39;NWB RB74;75058;Paderborn Hbf;Bielefeld Hbf;13;nein;Hövelriege;Defekt an der Strecke
08.10.2026;16:39;RB32;31266;Oberhausen Hbf;Dortmund Hbf;15;nein;Essen-Dellwig;Verspätung aus vorheriger Fahrt
08.10.2026;16:39;RE42;10146;Münster(Westf)Hbf;Mönchengladbach Hbf;20;nein;Essen-Altenessen;Verspätung aus vorheriger Fahrt
08.10.2026;16:39;S23;32370;Bonn Hbf;Euskirchen;23;nein;Rheinbach;Defekt an der Strecke
08.10.2026;16:39;VIA RB39;56622;Bedburg (Erft);Düsseldorf Hbf;3;nein;Kapellen-Wevelinghoven;
08.10.2026;16:40;Bus RE1;7941;Duisburg Hbf;Essen Hbf Kruppstraße/Am Thyssenhaus;;nein;Duisburg Hbf;
08.10.2026;16:40;ERB RE82;79361;Altenbeken;Bielefeld Hbf;6;nein;Detmold;Verspätung eines vorausfahrenden Zuges
08.10.2026;16:40;NWB RB75;75158;Osnabrück Hbf;Bielefeld Hbf;12;nein;Quelle;Warten auf einen entgegenkommenden Zug
08.10.2026;16:40;NX RE1;26824;Hamm(Westf)Hbf;Aachen Hbf;24;nein;Düsseldorf Hbf;Verspätung eines vorausfahrenden Zuges
08.10.2026;16:40;RE47;89328;Düsseldorf Hbf;Remscheid-Lennep;8;nein;Düsseldorf Hbf;
08.10.2026;16:40;RRB S7;29195;Wuppertal Hbf;Solingen Hbf;3;nein;Solingen Grünewald;
08.10.2026;16:40;S19;32001;Blankenberg (Sieg);Düren;12;teilweise;Horrem;Verspätung eines vorausfahrenden Zuges
08.10.2026;16:40;S4;30473;Unna-Königsborn;Dortmund-Lütgendortmund;2;nein;Dortmund-Wickede;
08.10.2026;16:40;S5;31555;Witten Hbf;Dortmund Hbf;3;nein;Witten-Annen Nord;
08.10.2026;16:40;S6;30697;Düsseldorf Hbf;Essen Hbf;3;nein;Essen-Werden;
08.10.2026;16:40;S8;31807;Mönchengladbach Hbf;Wuppertal-Oberbarmen;1;nein;Korschenbroich;
08.10.2026;16:41;Bus RE1;7930;Essen Hbf Kruppstraße/Am Thyssenhaus;Duisburg Hbf;;nein;Mülheim (Ruhr) Hbf;
08.10.2026;16:41;NX RE1;26823;Aachen Hbf;Hamm(Westf)Hbf;30;nein;Hamm (Westf) Hbf;Verspätung eines vorausfahrenden Zuges, Verspätung aus vorheriger Fahrt
08.10.2026;16:41;RB33;10335;Duisburg Hbf;Aachen Hbf;7;nein;Rheinhausen Ost;
08.10.2026;16:41;RB64;14988;Münster(Westf)Hbf;Gronau(Westf);10;nein;Gronau (Westf);Verspätung eines vorausfahrenden Zuges
08.10.2026;16:41;RE10;28198;Düsseldorf Hbf;Kleve;3;nein;Düsseldorf-Bilk;
08.10.2026;16:41;S68;31881;Düsseldorf Hbf;Wuppertal-Vohwinkel;5;nein;Düsseldorf Hbf;
08.10.2026;16:41;WFB RE70;95833;Bielefeld Hbf;Braunschweig Hbf;3;nein;Herford;Verspätung eines vorausfahrenden Zuges
08.10.2026;16:42;ICE 1749;1749;Dortmund Hbf;Leipzig Hbf;25;teilweise;Dortmund Hbf;Verspätetes Personal aus vorheriger Fahrt, Technischer Defekt an einem anderen Zug
08.10.2026;16:42;RE34;26088;Hagen Hbf;Lennestadt-Altenhundem;;ja;Hagen Hbf;Bauarbeiten
08.10.2026;16:42;S8;31801;Mönchengladbach Hbf;Hagen Hbf;8;nein;Hochdahl;
08.10.2026;16:43;EUR 9474;9474;Köln Hbf;Paris Nord;6;nein;Köln Hbf;
08.10.2026;16:43;HLB RB96;61825;Betzdorf(Sieg);Dillenburg;5;nein;Würgendorf;
08.10.2026;16:43;ICE 1611;1611;Köln Hbf;Frankfurt(Main)Hbf;6;nein;Siegburg/Bonn;
08.10.2026;16:43;NX RB48;17354;Bonn-Mehlem;Wuppertal-Oberbarmen;8;teilweise;Bonn-Mehlem;
08.10.2026;16:43;RB40;30780;Hagen Hbf;Essen Hbf;25;teilweise;Bochum Hbf;Defekt an einem Signal, Verspätung eines vorausfahrenden Zuges
08.10.2026;16:43;RRB RE14;89560;Essen Hbf;Bottrop Hbf;8;nein;Bottrop Hbf;
08.10.2026;16:43;S19;32008;Düren;Troisdorf;15;teilweise;Düren;Verspätung eines vorausfahrenden Zuges
08.10.2026;16:43;S4;30478;Dortmund-Lütgendortmund;Unna-Königsborn;1;nein;Dortmund-Somborn;
08.10.2026;16:44;ICE 2012;2012;Stuttgart Hbf;Dortmund Hbf;31;ja;Bonn Hbf;Defekt an der Oberleitung
08.10.2026;16:44;S1;31139;Essen Hbf;Dortmund Hbf;7;nein;Dortmund Universität;
08.10.2026;16:44;S23;32375;Rheinbach;Bonn Hbf;23;nein;Meckenheim Industriepark;
08.10.2026;16:44;S68;31879;Düsseldorf Hbf;Wuppertal-Vohwinkel;11;nein;Wuppertal-Vohwinkel;
08.10.2026;16:44;VIA RB91;21435;Siegen Hbf;Welschen Ennest;2;nein;Siegen-Weidenau;
08.10.2026;16:45;Bus RE1;7943;Duisburg Hbf;Essen Hbf Kruppstraße/Am Thyssenhaus;;nein;Duisburg Hbf;
08.10.2026;16:45;NX RE5;28523;Wesel;Koblenz Hbf;21;teilweise;Brühl;Verspätung eines vorausfahrenden Zuges
08.10.2026;16:45;RB64;20221;Enschede;Münster(Westf)Hbf;8;nein;Gronau (Westf);Verspätung eines vorausfahrenden Zuges
08.10.2026;16:45;S1;31143;Essen Hbf;Dortmund Hbf;2;nein;Essen-Steele;
08.10.2026;16:45;WFB RE60;95785;Rheine;Braunschweig Hbf;3;nein;Hörstel;Verspätung eines vorausfahrenden Zuges
08.10.2026;16:46;Bus RE1;7932;Essen Hbf Kruppstraße/Am Thyssenhaus;Duisburg Hbf;;nein;Mülheim (Ruhr) Hbf;
08.10.2026;16:46;ERB RB59;90386;Soest;Dortmund Hbf;1;nein;Werl;
08.10.2026;16:46;RRB RB31;26027;Moers;Duisburg Hbf;6;nein;Duisburg Hbf;
08.10.2026;16:46;RRB RB36;82347;Duisburg-Ruhrort;Oberhausen Hbf;1;nein;Duisburg-Ruhrort;
08.10.2026;16:46;VIA RB35;32920;Mönchengladbach Hbf;Duisburg-Hochfeld Süd;4;nein;Rheinhausen Ost;
08.10.2026;16:46;VIA RB39;56667;Düsseldorf Hbf;Grevenbroich;3;nein;Kapellen-Wevelinghoven;
08.10.2026;16:46;VIA RB46;31467;Gelsenkirchen Hbf;Bochum Hbf;5;nein;Gelsenkirchen Hbf;Verspätung aus vorheriger Fahrt
08.10.2026;16:46;WFB RE70;95806;Hannover Hbf;Minden (Westf);9;nein;Minden (Westf);
08.10.2026;16:47;RE49;30993;Wuppertal Hbf;Essen Hbf;12;nein;Essen Hbf;
08.10.2026;16:48;RE57;10769;Dortmund Hbf;Bestwig;61;nein;Bestwig;Defekt an einem Signal, Verspätung eines vorausfahrenden Zuges
08.10.2026;16:48;S6;56104;Köln-Dellbrück;Köln-Worringen;8;nein;Köln-Nippes;Defekt an der Strecke
08.10.2026;16:48;S9;30946;Recklinghausen Hbf;Hagen Hbf;29;nein;Wuppertal-Langerfeld;Verspätung aus vorheriger Fahrt
08.10.2026;16:48;VIA RE16;29987;Iserlohn;Iserlohn-Letmathe;7;nein;Iserlohn;Vorfahrt eines anderen Zuges
08.10.2026;16:49;Bus RB54;54024;Bahnhof, Unna;Ardey Bahnhof, Fröndenberg;;nein;Fröndenberg-Frömern;
08.10.2026;16:49;ERB RB50;89941;Münster(Westf)Hbf;Dortmund Hbf;22;nein;Ascheberg (Westf);Defekt an der Strecke, Vorfahrt eines anderen Zuges, Verspätung aus vorheriger Fahrt
08.10.2026;16:49;RB20;30522;Langerwehe;Alsdorf-Annapark;4;nein;Herzogenrath;
08.10.2026;16:49;RB20;30572;Stolberg-Altstadt;Alsdorf-Annapark;4;nein;Herzogenrath;
08.10.2026;16:49;RB63;14895;Coesfeld(Westf);Münster(Westf)Hbf;6;nein;Billerbeck;Verspätung eines vorausfahrenden Zuges
08.10.2026;16:49;RRB RB31;26022;Duisburg Hbf;Moers;6;nein;Rheinhausen;Defekt an der Strecke
08.10.2026;16:49;S1;31138;Duisburg Hbf;Solingen Hbf;8;nein;Düsseldorf-Oberbilk;Verspätung eines vorausfahrenden Zuges
08.10.2026;16:49;S12;33215;Au (Sieg);Horrem;11;nein;Horrem;
08.10.2026;16:49;VIA RE19;20026;Düsseldorf Hbf;Arnhem Centraal;33;nein;Emmerich;Warten auf Anschlussreisende
08.10.2026;16:50;Bus RE1;7945;Duisburg Hbf;Essen Hbf Kruppstraße/Am Thyssenhaus;;nein;Duisburg Hbf;
08.10.2026;16:50;ICE 1013;1013;Dortmund Hbf;München Hbf;16;nein;Duisburg Hbf;
08.10.2026;16:50;NWB RB74;75062;Paderborn Hbf;Bielefeld Hbf;11;nein;Paderborn Nord;Warten auf Anschlussreisende
08.10.2026;16:50;RB25;10558;Rösrath;Gummersbach;6;nein;Ründeroth;Verspätung eines vorausfahrenden Zuges
08.10.2026;16:50;RTB RB21;90723;Düren;Linnich Bhf;0;nein;Düren;
08.10.2026;16:50;RTB RB21;90790;Düren;Untermaubach-Schlagstein;0;nein;Düren;
08.10.2026;16:50;S12;33219;Hennef (Sieg);Horrem;4;nein;Köln Hbf;
08.10.2026;16:50;S6;31601;Düsseldorf Hbf;Essen Hbf;2;nein;Düsseldorf Hbf;
08.10.2026;16:50;S6;31602;Essen Hbf;Düsseldorf Hbf;5;nein;Düsseldorf Hbf;
08.10.2026;16:50;S6;56108;Köln-Dellbrück;Köln-Worringen;1;nein;Köln-Holweide;
08.10.2026;16:50;TR RB26;25433;Köln Messe/Deutz;Mainz Hbf;15;ja;Köln Messe/Deutz;
08.10.2026;16:50;VIA RE19;20028;Düsseldorf Hbf;Arnhem Centraal;3;nein;Oberhausen Hbf;
08.10.2026;16:51;Bus RB31;62068;Moers;Xanten;5;nein;Alpen;
08.10.2026;16:51;Bus RE1;7934;Essen Hbf Kruppstraße/Am Thyssenhaus;Duisburg Hbf;;nein;Mülheim (Ruhr) Hbf;
08.10.2026;16:51;ERB RB65;52341;Rheine;Münster(Westf)Hbf;6;nein;Münster (Westf) Hbf;Verspätung eines vorausfahrenden Zuges
08.10.2026;16:51;ERB RB89;90077;Münster(Westf)Hbf;Paderborn Hbf;4;nein;Ehringhausen (Kr Lippstadt);
08.10.2026;16:51;ICE 2311;2311;Westerland(Sylt);Köln Hbf;21;nein;Düsseldorf Hbf;Vorfahrt eines anderen Zuges
08.10.2026;16:51;NWB RB74;75061;Bielefeld Hbf;Paderborn Hbf;12;nein;Bielefeld-Sennestadt;Vorfahrt eines anderen Zuges
08.10.2026;16:51;RB38;10274;Köln Messe/Deutz;Bedburg(Erft);8;nein;Quadrath-Ichendorf;Verspätung eines vorausfahrenden Zuges
08.10.2026;16:51;RB52;14674;Hagen Hbf;Dortmund Hbf;31;nein;Hagen Hbf;Verspätung eines vorausfahrenden Zuges
08.10.2026;16:51;RB54;14851;Fröndenberg;Menden(Sauerland);3;nein;Bösperde;
08.10.2026;16:51;RE49;56792;Wesel;Oberhausen Hbf;2;nein;Oberhausen Hbf;
08.10.2026;16:51;RE9;10921;Aachen Hbf;Siegen Hbf;35;nein;Siegen Hbf;Verspätung aus vorheriger Fahrt
08.10.2026;16:51;S1;31157;Solingen Hbf;Duisburg Hbf;14;nein;Düsseldorf-Oberbilk;Verspätung eines vorausfahrenden Zuges
08.10.2026;16:52;ERB RB59;90339;Dortmund Hbf;Soest;2;nein;Soest;
08.10.2026;16:52;HLB RB96;61829;Betzdorf(Sieg);Dillenburg;1;nein;Struthütten;
08.10.2026;16:52;NWB RB84;74979;Kreiensen;Paderborn Hbf;12;nein;Altenbeken;Verspätung eines vorausfahrenden Zuges, Vorfahrt eines anderen Zuges
08.10.2026;16:52;NWB RB85;74932;Göttingen;Paderborn Hbf;12;nein;Altenbeken;Vorfahrt eines anderen Zuges
08.10.2026;16:52;RB63;14727;Coesfeld(Westf);Münster(W)Zentrum Nord;11;teilweise;Münster (Westf) Hbf;Defekt an einem Signal, Verspätung eines vorausfahrenden Zuges
08.10.2026;16:52;RE2;10223;Essen Hbf;Osnabrück Hbf;19;nein;Kattenvenne;Verspätung aus vorheriger Fahrt
08.10.2026;16:52;RE49;30990;Essen Hbf;Wuppertal Hbf;18;nein;Wuppertal Hbf;Verspätung eines vorausfahrenden Zuges
08.10.2026;16:52;RRB S7;90171;Remscheid-Lennep;Solingen Hbf;;ja;Remscheid-Lennep;Technische Störung am Zug
08.10.2026;16:52;S1;56361;Essen West;Dortmund Hbf;3;teilweise;Essen West;Defekt an der Strecke
08.10.2026;16:52;S23;32372;Bonn Hbf;Rheinbach;11;nein;Rheinbach Römerkanal;
08.10.2026;16:52;VIA RB35;52265;Gelsenkirchen Hbf;Oberhausen Hbf;20;nein;Essen-Dellwig;Vorfahrt eines anderen Zuges, Verspätung aus vorheriger Fahrt
08.10.2026;16:52;WFB RE70;95832;Braunschweig Hbf;Bielefeld Hbf;19;nein;Minden (Westf);Verspätung aus vorheriger Fahrt
08.10.2026;16:53;ERB RB69;89987;Hamm(Westf)Hbf;Bielefeld Hbf;2;nein;Hamm-Heessen;Verspätung eines vorausfahrenden Zuges
08.10.2026;16:53;RB25;10556;Köln Hansaring;Lüdenscheid;10;nein;Meinerzhagen;Verspätung eines vorausfahrenden Zuges
08.10.2026;16:53;RE57;10766;Bestwig;Dortmund Hbf;55;teilweise;Fröndenberg;Defekt an einem Signal
08.10.2026;16:53;S1;31161;Solingen Hbf;Duisburg Hbf;11;teilweise;Solingen Hbf;Verspätung eines vorausfahrenden Zuges
08.10.2026;16:53;S11;33113;Bergisch Gladbach;Düsseldorf Flughafen Terminal;2;teilweise;Bergisch Gladbach;Defekt an der Strecke
08.10.2026;16:53;S11;33116;Düsseldorf Flughafen Terminal;Bergisch Gladbach;11;teilweise;Dormagen;Defekt an der Strecke
08.10.2026;16:54;HLB RB90;61724;Betzdorf(Sieg);Siegen Hbf;3;nein;Niederschelden Nord Hp;
08.10.2026;16:54;RB53;14948;Iserlohn;Dortmund Hbf;1;nein;Iserlohnerheide;
08.10.2026;16:54;RE57;10981;Bestwig;Warburg(Westf);56;nein;Bestwig;Defekt an einem Signal
08.10.2026;16:55;Bus RE1;7947;Duisburg Hbf;Essen Hbf Kruppstraße/Am Thyssenhaus;;nein;Duisburg Hbf;
08.10.2026;16:55;ERB RB50;89940;Dortmund Hbf;Münster(Westf)Hbf;15;nein;Werne a d Lippe;Defekt an einem Signal, Vorfahrt eines anderen Zuges, Verspätung aus vorheriger Fahrt
08.10.2026;16:55;HLB RE99;15141;Siegen Hbf;Gießen;2;nein;Wilnsdorf-Rudersdorf;
08.10.2026;16:55;NX RE5;28526;Koblenz Hbf;Wesel;91;ja;Bonn-Bad Godesberg;Defekt an der Oberleitung
08.10.2026;16:55;RRB S7;90123;Wuppertal Hbf;Solingen Hbf;1;nein;Wuppertal-Unterbarmen;Vorfahrt eines anderen Zuges
08.10.2026;16:55;S4;30475;Unna;Dortmund-Lütgendortmund;2;nein;Dortmund-Wickede;
08.10.2026;16:55;VIA RB34;90519;Mönchengladbach Hbf;Dalheim;18;nein;Dalheim;
08.10.2026;16:56;Bus RE1;7936;Essen Hbf Kruppstraße/Am Thyssenhaus;Duisburg Hbf;;nein;Mülheim (Ruhr) Hbf;
08.10.2026;16:56;Bus RE14;67554;Bottrop Hbf;Borken(Westf);8;teilweise;Deuten;
08.10.2026;16:56;ERB RB59;90338;Soest;Dortmund Hbf;4;nein;Dortmund Hbf;Verspätung eines vorausfahrenden Zuges
08.10.2026;16:56;NX RB48;17351;Wuppertal-Oberbarmen;Bonn-Mehlem;20;teilweise;Bornheim-Sechtem;Streckensperrung
08.10.2026;16:56;RB33;10383;Heinsberg(Rheinl);Aachen Hbf;18;ja;Lindern;Defekt an einem Signal, Verspätung aus vorheriger Fahrt
08.10.2026;16:56;S3;30353;Hattingen(Ruhr) Mitte;Essen West;8;teilweise;Essen Hbf;Defekt an der Strecke
08.10.2026;16:56;S9;30949;Hagen Hbf;Recklinghausen Hbf;27;nein;Recklinghausen Hbf;Ärztliche Versorgung eines Fahrgastes, Verspätung eines vorausfahrenden Zuges
08.10.2026;16:56;VIA RB39;56681;Neuss Hbf;Grevenbroich;5;nein;Neuss Hbf;
08.10.2026;16:57;ICE 1744;1744;Leipzig Hbf;Dortmund Hbf;8;teilweise;Hamm (Westf) Hbf;Verspätetes Personal aus vorheriger Fahrt, Technischer Defekt an einem anderen Zug
08.10.2026;16:57;NX RE6;89726;Minden(Westf);Köln/Bonn Flughafen;15;nein;Düsseldorf Flughafen;Defekt an der Strecke
08.10.2026;16:57;R S28;77239;Kaarster See;Wuppertal Hbf;6;nein;Neuss Hbf;Verspätung eines vorausfahrenden Zuges
08.10.2026;16:57;RB64;14997;Steinfurt-Burgsteinfurt;Münster(Westf)Hbf;7;nein;Altenberge;Verspätung eines vorausfahrenden Zuges
08.10.2026;16:57;RTB RB28;90869;Düren;Euskirchen;4;nein;Euskirchen;
08.10.2026;16:57;S2;30253;Dortmund Hbf;Essen Hbf;4;nein;Gelsenkirchen-Rotthausen;
08.10.2026;16:58;Bus RE14;67558;Bottrop Hbf;Borken(Westf);4;nein;Feldhausen;
08.10.2026;16:58;IC 2008;2008;Köln Hbf;Emden Hbf;10;nein;Recklinghausen Hbf;Verspätung eines vorausfahrenden Zuges
08.10.2026;16:58;RB24;10431;Köln Messe/Deutz;Gerolstein;10;nein;Urft;Verspätung eines vorausfahrenden Zuges
08.10.2026;16:58;RB53;14947;Dortmund Hbf;Iserlohn;4;nein;Dortmund Signal Iduna Park;Verspätung eines vorausfahrenden Zuges
08.10.2026;16:58;S2;31224;Dortmund-Mengede;Dortmund Hbf;3;nein;Dortmund Hbf;
08.10.2026;16:58;S4;30480;Dortmund-Lütgendortmund;Unna;1;nein;Dortmund-Somborn;
08.10.2026;16:58;S6;56115;Köln-Worringen;Köln-Dellbrück;1;nein;Köln-Chorweiler Nord;Defekt an der Strecke
08.10.2026;16:59;ERB RB69;89986;Bielefeld Hbf;Hamm(Westf)Hbf;11;nein;Ahlen (Westf);
08.10.2026;16:59;NX RE6;89731;Köln/Bonn Flughafen;Minden(Westf);180;teilweise;Köln Messe/Deutz;Gegenstände auf der Strecke, Vorfahrt eines anderen Zuges, Verspätung aus vorheriger Fahrt
08.10.2026;16:59;S12;33218;Horrem;Hennef(Sieg);3;nein;Köln Airport-Businesspark;
08.10.2026;17:00;Bus EV;92920;Finnentrop;Olpe;0;nein;Finnentrop;
08.10.2026;17:00;Bus RE1;7949;Duisburg Hbf;Essen Hbf Kruppstraße/Am Thyssenhaus;;nein;Duisburg Hbf;
08.10.2026;17:00;ERB RB65;52338;Münster(Westf)Hbf;Rheine;7;nein;Rheine-Mesum;Verspätung eines vorausfahrenden Zuges
08.10.2026;17:00;HLB RB93;61887;Aue-Wingeshausen;Siegen Hbf;7;nein;Erndtebrück;
08.10.2026;17:00;RB54;14854;Menden(Sauerland);Fröndenberg;1;nein;Menden (Sauerland);
08.10.2026;17:00;RB77;14572;Hildesheim Hbf;Herford;1;nein;Vlotho;
08.10.2026;17:00;RE18;18952;Aachen Hbf;Eygelshoven Markt;2;nein;Herzogenrath;
08.10.2026;17:00;RE57;10986;Warburg(Westf);Bestwig;5;nein;Scherfede;Verspätung eines vorausfahrenden Zuges
08.10.2026;17:00;RRB RE44;26662;Bottrop Hbf;Moers;15;nein;Rheinhausen;Vorfahrt eines anderen Zuges
08.10.2026;17:00;S5;31558;Dortmund Hbf;Witten Hbf;2;nein;Dortmund Hbf;
08.10.2026;17:01;Bus EV;92935;Olpe;Finnentrop;0;nein;Olpe;
08.10.2026;17:01;Bus RE1;7938;Essen Hbf Kruppstraße/Am Thyssenhaus;Duisburg Hbf;;nein;Mülheim (Ruhr) Hbf;
08.10.2026;17:01;HLB RE99;15146;Gießen;Siegen Hbf;1;nein;Wilnsdorf-Rudersdorf;
08.10.2026;17:01;RB63;14730;Münster(W)Zentrum Nord;Coesfeld(Westf);8;teilweise;Münster Zentrum Nord;Defekt an einem Signal
08.10.2026;17:01;RRB RE14;89563;Bottrop Hbf;Essen Hbf;18;nein;Essen Hbf;Defekt an der Strecke
08.10.2026;17:01;S23;32376;Bonn Hbf;Rheinbach;14;nein;Bonn Helmholtzstraße;Verspätung aus vorheriger Fahrt
08.10.2026;17:01;S9;30948;Haltern am See;Wuppertal Hbf;21;nein;Wuppertal-Sonnborn;Verspätung aus vorheriger Fahrt
08.10.2026;17:01;VIA RE16;31327;Iserlohn;Essen Hbf;20;nein;Witten Hbf;Defekt an einem Signal
08.10.2026;17:02;HLB RB90;61681;Betzdorf(Sieg);Westerburg;2;nein;Geilhausen;
08.10.2026;17:02;HLB RB90;61719;Siegen Hbf;Betzdorf(Sieg);1;nein;Eiserfeld (Sieg);
08.10.2026;17:02;HLB RB93;61885;Aue-Wingeshausen;Siegen Hbf;15;nein;Siegen Hbf;Warten auf einen entgegenkommenden Zug
08.10.2026;17:02;RB20;30026;Eschweiler-Weisweiler;Stolberg(Rheinl)Hbf Gl.44;4;nein;Aachen Hbf;Verspätung eines vorausfahrenden Zuges
08.10.2026;17:02;RB20;30076;Stolberg-Altstadt;Stolberg(Rheinl)Hbf Gl.44;4;nein;Aachen Hbf;Verspätung eines vorausfahrenden Zuges
08.10.2026;17:02;RB24;10437;Köln Messe/Deutz;Euskirchen;4;nein;Köln Hbf;
08.10.2026;17:03;ERB RE82;79360;Bielefeld Hbf;Altenbeken;16;nein;Oerlinghausen;Verspätung eines vorausfahrenden Zuges, Vorfahrt eines anderen Zuges, Verspätete Bereitstellung
08.10.2026;17:03;ICE 929;929;Oberhausen Hbf;Nürnberg Hbf;2;ja;Oberhausen Hbf;Defekt an der Oberleitung
08.10.2026;17:03;R S28;77256;Wuppertal Hbf;Kaarster See;2;nein;Neuss Hbf;
08.10.2026;17:03;RB51;20273;Enschede;Dortmund Hbf;18;nein;Coesfeld (Westf);Verspätetes Personal aus vorheriger Fahrt
08.10.2026;17:03;RRB RE10;82293;Kleve;Düsseldorf Hbf;4;nein;Nieukerk;Warten auf einen entgegenkommenden Zug
08.10.2026;17:03;S2;31229;Dortmund Hbf;Dortmund-Mengede;1;nein;Dortmund Hbf;
08.10.2026;17:03;S3;30352;Essen West;Hattingen(Ruhr) Mitte;12;teilweise;Essen West;Defekt an der Strecke
08.10.2026;17:03;S4;30476;Dortmund-Lütgendortmund;Unna;2;nein;Dortmund-Wickede West;
08.10.2026;17:04;RE8;10828;Köln Messe/Deutz;Mönchengladbach Hbf;4;nein;Köln-Ehrenfeld;
08.10.2026;17:04;RRB RB36;82348;Oberhausen Hbf;Duisburg-Ruhrort;2;nein;Duisburg-Obermeiderich;Vorfahrt eines anderen Zuges
08.10.2026;17:04;RRB S7;29194;Solingen Hbf;Wuppertal Hbf;7;nein;Remscheid-Lüttringhausen;Kurzfristiger Personalausfall
08.10.2026;17:04;RTB RB21;90750;Linnich Bhf;Düren;4;nein;Düren;
08.10.2026;17:04;S5;31556;Dortmund Hbf;Hagen Hbf;28;nein;Hagen Hbf;
08.10.2026;17:05;Bus RE1;7951;Duisburg Hbf;Essen Hbf Kruppstraße/Am Thyssenhaus;;nein;Duisburg Hbf;
08.10.2026;17:05;RE2;10224;Osnabrück Hbf;Essen Hbf;12;nein;Herne-Wanne-Eickel Hbf;Verspätung eines vorausfahrenden Zuges
08.10.2026;17:05;RTB RB21;90819;Heimbach (Eifel);Düren;4;nein;Düren;
08.10.2026;17:05;VIA RB46;31466;Bochum Hbf;Gelsenkirchen Hbf;4;nein;Herne-Wanne-Eickel Hbf;
08.10.2026;17:05;VIA RE16;29982;Iserlohn-Letmathe;Iserlohn;2;nein;Iserlohn-Letmathe;
08.10.2026;17:05;WFB RE15;90290;Münster(Westf)Hbf;Emden Hbf;4;nein;Münster (Westf) Hbf;Verspätung aus vorheriger Fahrt
08.10.2026;17:06;Bus RE1;7940;Essen Hbf Kruppstraße/Am Thyssenhaus;Duisburg Hbf;;nein;Mülheim (Ruhr) Hbf;
08.10.2026;17:06;NWB RB75;75165;Bielefeld Hbf;Osnabrück Hbf;9;nein;Quelle-Kupferheide;Vorfahrt eines anderen Zuges
08.10.2026;17:06;S1;56360;Dortmund Hbf;Essen West;2;teilweise;Essen Hbf;Defekt an der Strecke
08.10.2026;17:06;S5;31557;Hagen Hbf;Dortmund Hbf;27;nein;Witten Hbf;Defekt an einem Signal
08.10.2026;17:07;Bus RE14;67556;Dorsten;Coesfeld(Westf);6;nein;Lembeck;
08.10.2026;17:07;Bus RE14;67573;Borken (Westf);Bottrop Hbf;1;teilweise;Deuten;
08.10.2026;17:07;ERB RB89;90029;Münster(Westf)Hbf;Paderborn Hbf;13;nein;Bad Sassendorf;Verspätung eines vorausfahrenden Zuges
08.10.2026;17:07;NX RE7;17423;Rheine;Krefeld Hbf;43;teilweise;Neuss Hbf;Verspätung aus vorheriger Fahrt
08.10.2026;17:07;R S28;77233;Kaarster See;Wuppertal Hbf;6;nein;Wuppertal-Vohwinkel;Verspätung eines vorausfahrenden Zuges
08.10.2026;17:07;RB25;10563;Gummersbach;Rösrath;5;nein;Ründeroth;
08.10.2026;17:07;RB40;30781;Essen Hbf;Hagen Hbf;18;teilweise;Essen Hbf;Defekt an einem Signal
08.10.2026;17:07;RRB S7;29190;Solingen Hbf;Wuppertal Hbf;5;nein;Wuppertal Hbf;
08.10.2026;17:07;S19;32002;Düren;Blankenberg(Sieg);28;teilweise;Troisdorf;Verspätung eines vorausfahrenden Zuges
08.10.2026;17:08;Bus RB54;54027;Ardey Bahnhof, Fröndenberg;Bahnhof, Unna;;nein;Fröndenberg-Frömern;
08.10.2026;17:08;Bus RE14;67577;Coesfeld (Westf);Dorsten;0;nein;Coesfeld (Westf);
08.10.2026;17:08;HLB RE34;28577;Siegen Hbf;Kirchhundem-Welschen Ennest;0;nein;Siegen Hbf;
08.10.2026;17:08;NX RE7;17429;Rheine;Krefeld Hbf;42;teilweise;Rheine;Defekt an einem Signal, Defekt an der Strecke, Vorfahrt eines anderen Zuges
08.10.2026;17:08;RB27;10622;Köln Messe/Deutz;Mönchengladbach Hbf;17;nein;Rheydt-Odenkirchen;Verspätung aus vorheriger Fahrt
08.10.2026;17:08;RB38;10273;Bedburg (Erft);Köln Messe/Deutz;5;nein;Horrem;
08.10.2026;17:08;RB52;14675;Dortmund Hbf;Hagen Hbf;31;nein;Hagen Hbf;Verspätung eines vorausfahrenden Zuges
08.10.2026;17:08;RB63;14894;Münster(Westf)Hbf;Coesfeld(Westf);7;nein;Billerbeck;Verspätung eines vorausfahrenden Zuges
08.10.2026;17:08;RE18;18951;Eygelshoven Markt;Aachen Hbf;5;nein;Aachen West;
08.10.2026;17:08;S6;31606;Essen Hbf;Düsseldorf Hbf;2;nein;Düsseldorf Wehrhahn;
08.10.2026;17:08;S8;31804;Wuppertal-Oberbarmen;Mönchengladbach Hbf;3;nein;Düsseldorf-Flingern;
08.10.2026;17:09;NX RE4;26428;Dortmund Hbf;Aachen Hbf;48;teilweise;Dortmund Hbf;Defekt an einem Signal, Verspätung eines vorausfahrenden Zuges, Verspätete Bereitstellung
08.10.2026;17:09;RB20;30027;Stolberg(Rheinl)Hbf Gl.44;Eschweiler-Weisweiler;15;nein;Eilendorf;
08.10.2026;17:09;RB20;30077;Stolberg(Rheinl)Hbf Gl.44;Stolberg-Altstadt;15;nein;Eilendorf;
08.10.2026;17:09;S23;32381;Euskirchen;Bonn Hbf;16;nein;Euskirchen-Kuchenheim;Verspätung aus vorheriger Fahrt
08.10.2026;17:09;TRI RB37;89423;Krefeld Hbf;Neuss Hbf;2;nein;Krefeld-Oppum;
08.10.2026;17:10;Bus RE1;7953;Duisburg Hbf;Essen Hbf Kruppstraße/Am Thyssenhaus;;nein;Duisburg Hbf;
08.10.2026;17:10;NX RE6;89724;Minden(Westf);Köln/Bonn Flughafen;20;nein;Köln/Bonn Flughafen;Defekt an einem Signal
08.10.2026;17:10;RB33;10333;Duisburg Hbf;Aachen Hbf;31;teilweise;Herzogenrath;Defekt an einem Signal, Verspätung eines vorausfahrenden Zuges, Verspätung aus vorheriger Fahrt
08.10.2026;17:10;RB54;14853;Fröndenberg;Neuenrade;2;nein;Bösperde;
08.10.2026;17:10;RTB RB28;90868;Euskirchen;Düren;3;nein;Düren;
08.10.2026;17:10;S12;33216;Horrem;Au(Sieg);4;nein;Blankenberg (Sieg);
08.10.2026;17:10;S23;32378;Bonn Hbf;Euskirchen;20;nein;Bonn Hbf;
08.10.2026;17:10;S4;30477;Unna-Königsborn;Dortmund-Lütgendortmund;2;nein;Dortmund-Wickede;
08.10.2026;17:11;Bus RE1;7942;Essen Hbf Kruppstraße/Am Thyssenhaus;Duisburg Hbf;;nein;Mülheim (Ruhr) Hbf;
08.10.2026;17:11;ERB RB73;90248;Lemgo-Lüttfeld;Bielefeld Hbf;10;nein;Hörstmar (Lippe);Defekt an der Strecke, Verspätung aus vorheriger Fahrt
08.10.2026;17:11;NX RE1;26856;Köln Messe/Deutz;Aachen Hbf;3;nein;Köln Hbf;
08.10.2026;17:11;NX RE11;26723;Essen Hbf;Kassel-Wilhelmshöhe;8;nein;Willebadessen;
08.10.2026;17:11;RE8;10826;Köln Messe/Deutz;Kaldenkirchen;14;nein;Jüchen;Verspätung eines vorausfahrenden Zuges
08.10.2026;17:11;RRB RE10;82288;Düsseldorf Hbf;Kleve;7;nein;Düsseldorf-Bilk;Verspätung aus vorheriger Fahrt
08.10.2026;17:11;S1;31592;Düsseldorf Wehrhahn;Solingen Hbf;12;teilweise;Düsseldorf Wehrhahn;Verspätung eines vorausfahrenden Zuges
08.10.2026;17:11;S23;32377;Bad Münstereifel;Bonn Hbf;17;nein;Bonn-Duisdorf;Verspätung eines vorausfahrenden Zuges
08.10.2026;17:11;VIA RB35;32923;Duisburg-Hochfeld Süd;Mönchengladbach Hbf;3;nein;Rheinhausen Ost;
08.10.2026;17:12;ERB RB61;20375;Hengelo;Bielefeld Hbf;38;teilweise;Bünde (Westf);Verspätung eines vorausfahrenden Zuges
08.10.2026;17:12;RB43;14774;Dorsten;Dortmund Hbf;7;nein;Dortmund-Rahm;Defekt an einem Bahnübergang
08.10.2026;17:12;RB51;14624;Dortmund Hbf;Lünen Hbf;;ja;Dortmund Hbf;Defekt an einem Bahnübergang
08.10.2026;17:12;RE49;56793;Oberhausen Hbf;Wesel;1;nein;Oberhausen-Sterkrade;
08.10.2026;17:12;S19;52803;Troisdorf;Düren;15;teilweise;Troisdorf;Verspätung eines vorausfahrenden Zuges
08.10.2026;17:12;S6;56111;Köln-Worringen;Köln-Dellbrück;3;nein;Köln-Dellbrück;
08.10.2026;17:12;VIA RE19;20031;Arnhem Centraal;Düsseldorf Hbf;18;nein;Praest;Warten auf Anschlussreisende, Außerplanmäßige Geschwindigkeitsbeschränkung
08.10.2026;17:13;ERB RB72;90672;Paderborn Hbf;Herford;8;nein;Bad Salzuflen-Sylbach;Verspätung eines vorausfahrenden Zuges
08.10.2026;17:13;RE9;10924;Siegen Hbf;Aachen Hbf;8;nein;Siegburg/Bonn;Verspätung eines vorausfahrenden Zuges
08.10.2026;17:13;RRB RE14;89564;Essen Hbf;Bottrop Hbf;7;nein;Bottrop Hbf;
08.10.2026;17:13;S11;33115;Bergisch Gladbach;Düsseldorf Flughafen Terminal;6;teilweise;Bergisch Gladbach;Defekt an der Strecke
08.10.2026;17:13;S4;30482;Dortmund-Lütgendortmund;Unna-Königsborn;1;nein;Dortmund-Somborn;
08.10.2026;17:13;S6;56117;Köln-Worringen;Köln-Dellbrück;5;nein;Köln-Worringen;
08.10.2026;17:13;S8;31800;Wuppertal-Oberbarmen;Mönchengladbach Hbf;5;nein;Büttgen;
08.10.2026;17:14;ERB RB66;90604;Münster(Westf)Hbf;Osnabrück Hbf;10;nein;Ostbevern;Verspätung eines vorausfahrenden Zuges
08.10.2026;17:14;ERB RB67;79311;Bielefeld Hbf;Münster(Westf)Hbf;3;nein;Bielefeld-Brackwede;Verspätung eines vorausfahrenden Zuges
08.10.2026;17:14;NWB RB84;74981;Holzminden;Paderborn Hbf;10;nein;Höxter-Godelheim;Verzögerungen im Betriebsablauf
08.10.2026;17:14;RB20;30529;Alsdorf-Annapark;Langerwehe;1;nein;Herzogenrath;
08.10.2026;17:14;RB20;30579;Alsdorf-Annapark;Stolberg-Altstadt;1;nein;Herzogenrath;
08.10.2026;17:14;RB32;31267;Dortmund Hbf;Oberhausen Hbf;10;nein;Essen-Dellwig;Verspätung aus vorheriger Fahrt
08.10.2026;17:14;RE42;10148;Münster(Westf)Hbf;Essen Hbf;15;nein;Essen Hbf;Verspätung aus vorheriger Fahrt
08.10.2026;17:14;RE47;89333;Remscheid-Lennep;Düsseldorf Hbf;2;nein;Düsseldorf-Eller Mitte;
08.10.2026;17:14;S2;30254;Essen Hbf;Dortmund Hbf;10;nein;Herne;
08.10.2026;17:14;S23;32374;Bonn Hbf;Bad Münstereifel;14;nein;Swisttal-Odendorf;Verspätung aus vorheriger Fahrt
08.10.2026;17:14;S6;31605;Düsseldorf Hbf;Essen Hbf;3;nein;Düsseldorf Zoo;
08.10.2026;17:14;S68;31883;Düsseldorf Hbf;Wuppertal-Vohwinkel;2;nein;Hochdahl;
08.10.2026;17:14;VIA RB91;31369;Lennestadt-Altenhundem;Hagen Hbf;3;teilweise;Lennestadt-Altenhundem;
08.10.2026;17:15;Bus RE1;7955;Duisburg Hbf;Essen Hbf Kruppstraße/Am Thyssenhaus;;nein;Duisburg Hbf;
08.10.2026;17:15;ICE 558;558;Berlin Hbf;Köln Hbf;32;nein;Köln Hbf;Längere Haltezeit am Bahnhof, Warten auf einen entgegenkommenden Zug, Verfügbarkeit der Gleise derzeit eingeschränkt
08.10.2026;17:15;NWB RB84;74980;Paderborn Hbf;Kreiensen;4;nein;Bad Driburg (Westf);Vorfahrt eines anderen Zuges
08.10.2026;17:15;NWB RB85;74943;Paderborn Hbf;Göttingen;4;nein;Bad Driburg (Westf);Vorfahrt eines anderen Zuges
08.10.2026;17:15;RRB RB31;26069;Moers;Duisburg Hbf;6;nein;Duisburg Hbf;
08.10.2026;17:15;RRB RE10;82295;Kleve;Düsseldorf Hbf;4;nein;Weeze;
08.10.2026;17:15;S6;56110;Köln-Dellbrück;Köln-Worringen;4;nein;Köln-Mülheim;Defekt an der Strecke
08.10.2026;17:15;S8;31803;Mönchengladbach Hbf;Wuppertal-Oberbarmen;3;nein;Wuppertal-Sonnborn;
08.10.2026;17:15;SBH S5;34576;Paderborn Hbf;Hannover Flughafen;1;nein;Paderborn Hbf;Verspätung eines vorausfahrenden Zuges
08.10.2026;17:16;Bus RB31;62020;Moers;Xanten;4;nein;Alpen;
08.10.2026;17:16;Bus RE1;7944;Essen Hbf Kruppstraße/Am Thyssenhaus;Duisburg Hbf;;nein;Mülheim (Ruhr) Hbf;
08.10.2026;17:16;ERB RE3;89890;Hamm(Westf)Hbf;Essen Hbf;2;nein;Bochum Hbf;
08.10.2026;17:16;ICE 149;149;Amsterdam Centraal;Hannover Hbf;15;nein;Bünde (Westf);
08.10.2026;17:16;R S28;77260;Mettmann Stadtwald;Kaarster See;2;nein;Neuss Rheinparkcenter;
08.10.2026;17:16;RB24;10435;Köln Messe/Deutz;Gerolstein;8;nein;Weilerswist;Verspätung eines vorausfahrenden Zuges
08.10.2026;17:16;RB38;10093;Bedburg (Erft);Horrem;6;nein;Glesch;
08.10.2026;17:16;S19;32004;Düren;Troisdorf;24;teilweise;Köln/Bonn Flughafen;Verspätung eines vorausfahrenden Zuges
08.10.2026;17:16;S2;31226;Dortmund-Mengede;Dortmund Hbf;1;nein;Dortmund-Westerfilde;
08.10.2026;17:17;R S28;77241;Kaarster See;Wuppertal Hbf;5;nein;Neuss Hbf;Verspätung aus vorheriger Fahrt
08.10.2026;17:17;RB20;32824;Düren;Eschweiler-Weisweiler;3;nein;Düren;
08.10.2026;17:17;S19;52801;Troisdorf;Düren;9;nein;Düren;
08.10.2026;17:17;S8;31811;Mönchengladbach Hbf;Wuppertal-Oberbarmen;5;nein;Mönchengladbach-Lürrip;
08.10.2026;17:19;Bus EV;93886;Aue-Wingeshausen;Bad Berleburg;0;nein;Aue-Wingeshausen;
08.10.2026;17:19;Bus RB31;62029;Xanten;Moers;5;nein;Moers;
08.10.2026;17:19;ERB RB65;52343;Rheine;Münster(Westf)Hbf;9;nein;Münster Zentrum Nord;Verspätung eines vorausfahrenden Zuges, Verspätung aus vorheriger Fahrt
08.10.2026;17:19;RB RE22;10032;Trier Hbf;Kall;13;nein;Dahlem (Eifel);
08.10.2026;17:19;S1;31151;Essen Hbf;Dortmund Hbf;5;nein;Essen-Eiberg;
08.10.2026;17:19;S1;31165;Solingen Hbf;Duisburg Hbf;7;nein;Hilden Süd;
08.10.2026;17:19;VIA RB35;52260;Oberhausen Hbf;Gelsenkirchen Hbf;32;nein;Gelsenkirchen Hbf;Verspätung aus vorheriger Fahrt
08.10.2026;17:20;Bus RE1;7957;Duisburg Hbf;Essen Hbf Kruppstraße/Am Thyssenhaus;;nein;Duisburg Hbf;
08.10.2026;17:20;ICE 727;727;Düsseldorf Hbf;München Hbf;35;nein;Düsseldorf Hbf;Verspätetes Personal aus vorheriger Fahrt
08.10.2026;17:20;RRB RB36;82349;Duisburg-Ruhrort;Oberhausen Hbf;2;nein;Duisburg-Meiderich Süd;
08.10.2026;17:20;RTB RB21;90820;Düren;Heimbach (Eifel);2;nein;Düren;
08.10.2026;17:20;RTB RB28;90871;Düren;Euskirchen;1;nein;Düren;
08.10.2026;17:21;Bus RE1;7946;Essen Hbf Kruppstraße/Am Thyssenhaus;Duisburg Hbf;;nein;Mülheim (Ruhr) Hbf;
08.10.2026;17:21;RB64;14990;Münster(Westf)Hbf;Gronau(Westf);8;nein;Steinfurt-Burgsteinfurt;Verspätung eines vorausfahrenden Zuges
08.10.2026;17:21;RE18;18954;Aachen Hbf;Eygelshoven Markt;5;nein;Aachen West;
08.10.2026;17:21;RE22;10037;Köln Messe/Deutz;Kall;1;nein;Köln Hbf;
08.10.2026;17:21;RTB RB21;90753;Düren;Jülich-Nord;0;nein;Düren;
08.10.2026;17:21;S1;31156;Dortmund Hbf;Essen Hbf;2;nein;Essen Hbf;
08.10.2026;17:21;S9;30953;Hagen Hbf;Recklinghausen Hbf;14;nein;Essen-Gerschede;
08.10.2026;17:22;NWB RB75;75162;Halle (Westf);Bielefeld Hbf;12;nein;Bielefeld Hbf;Vorfahrt eines anderen Zuges
08.10.2026;17:22;RE42;58311;Essen Hbf;Münster(Westf)Hbf;17;nein;Sythen;Verspätung eines vorausfahrenden Zuges
08.10.2026;17:22;RRB RE44;26665;Moers;Bottrop Hbf;15;nein;Bottrop-Vonderort;Defekt an der Strecke
08.10.2026;17:22;RRB S7;90125;Wuppertal Hbf;Solingen Hbf;5;nein;Wuppertal-Oberbarmen;Warten auf einen entgegenkommenden Zug
08.10.2026;17:22;S1;56363;Essen West;Dortmund Hbf;5;teilweise;Essen West;
08.10.2026;17:22;S41;5016;Hergenrath;Aachen Hbf;5;nein;Aachen Hbf;
08.10.2026;17:22;TR RB26;33644;Mainz Hbf;Köln Messe/Deutz;26;ja;Bonn-Mehlem;
08.10.2026;17:23;Bus EV;93889;Bad Berleburg;Aue-Wingeshausen;0;nein;Bad Berleburg;
08.10.2026;17:23;NWB RB58;75262;Bremen Hbf;Osnabrück Hbf;14;nein;Halen;Warten auf einen entgegenkommenden Zug
08.10.2026;17:23;RB52;33824;Lüdenscheid;Rummenohl;1;nein;Dahlerbrück;Verspätung eines vorausfahrenden Zuges
08.10.2026;17:23;SBH S1;34130;Hannover Hbf;Minden (Westf);18;nein;Minden (Westf);Verspätetes Personal aus vorheriger Fahrt
08.10.2026;17:24;HLB RB90;61618;Limburg(Lahn);Siegen Hbf;5;nein;Niederschelden Nord Hp;
08.10.2026;17:24;NX RE4;26426;Dortmund Hbf;Aachen Hbf;8;nein;Düsseldorf-Bilk;Verspätung eines vorausfahrenden Zuges
08.10.2026;17:24;RB25;10566;Köln Hansaring;Lüdenscheid;3;nein;Köln Hbf;
08.10.2026;17:24;RB53;14950;Iserlohn;Dortmund Hbf;2;nein;Iserlohnerheide;
08.10.2026;17:25;Bus RE1;7959;Duisburg Hbf;Essen Hbf Kruppstraße/Am Thyssenhaus;;nein;Duisburg Hbf;
08.10.2026;17:25;ERB RE13;20085;Venlo;Hamm(Westf)Hbf;12;nein;Bönen;Verspätung eines vorausfahrenden Zuges
08.10.2026;17:25;ICE 1055;1055;Münster (Westf) Hbf;Hannover Hbf;2;nein;Münster (Westf) Hbf;
08.10.2026;17:25;NWB RB74;75065;Bielefeld Hbf;Paderborn Hbf;12;nein;Schloß Holte;Vorfahrt eines anderen Zuges
08.10.2026;17:25;RB40;30782;Hagen Hbf;Essen Hbf;29;nein;Wetter (Ruhr);Defekt an einem Signal
08.10.2026;17:25;S4;30479;Unna;Dortmund-Lütgendortmund;2;nein;Dortmund-Wickede;
08.10.2026;17:25;VIA RB34;90520;Dalheim;Mönchengladbach Hbf;19;nein;Mönchengladbach Hbf;Verspätung aus vorheriger Fahrt
08.10.2026;17:25;VIA RE19;20029;Arnhem Centraal;Düsseldorf Hbf;12;nein;Düsseldorf Flughafen;Vorfahrt eines anderen Zuges
08.10.2026;17:25;VIA RE19;77029;Bocholt;Düsseldorf Hbf;12;nein;Düsseldorf Flughafen;Bereitstellung weiterer Wagen
08.10.2026;17:26;Bus RE1;7948;Essen Hbf Kruppstraße/Am Thyssenhaus;Duisburg Hbf;;nein;Mülheim (Ruhr) Hbf;
08.10.2026;17:26;S12;33243;Au (Sieg);Horrem;9;nein;Schladern (Sieg);
08.10.2026;17:26;S3;30355;Hattingen(Ruhr) Mitte;Essen West;12;teilweise;Essen Hbf;Defekt an der Strecke
08.10.2026;17:27;ERB RB89;90031;Münster(Westf)Hbf;Paderborn Hbf;7;nein;Hamm-Bockum-Hövel;Verspätung eines vorausfahrenden Zuges
08.10.2026;17:27;ICE 613;613;Hamburg-Altona;München Hbf;13;nein;Solingen Hbf;Verspätung eines vorausfahrenden Zuges
08.10.2026;17:27;RRB RB31;26024;Duisburg Hbf;Moers;4;nein;Moers;
08.10.2026;17:27;S9;30951;Wuppertal Hbf;Haltern am See;10;nein;Haltern am See;Bauarbeiten
08.10.2026;17:27;VIA RB91;21436;Kirchhundem-Welschen Ennest;Siegen Hbf;6;nein;Siegen-Weidenau;Vorfahrt eines anderen Zuges
08.10.2026;17:28;NX RE6;89732;Minden(Westf);Düsseldorf Hbf;20;teilweise;Minden (Westf);Defekt an einem Signal
08.10.2026;17:28;RB54;14856;Neuenrade;Fröndenberg;1;nein;Binolen;
08.10.2026;17:28;S23;32379;Rheinbach;Bonn Hbf;12;nein;Bonn Helmholtzstraße;
08.10.2026;17:28;S23;32380;Bonn Hbf;Rheinbach;18;nein;Bonn-Endenich Nord;Verspätung aus vorheriger Fahrt
08.10.2026;17:28;S4;30484;Dortmund-Lütgendortmund;Unna;2;nein;Dortmund-Somborn;
08.10.2026;17:28;S6;31608;Essen Hbf;Düsseldorf Hbf;4;nein;Düsseldorf Wehrhahn;
08.10.2026;17:28;S9;30952;Haltern am See;Wuppertal Hbf;9;nein;Essen-Überruhr;Verspätung aus vorheriger Fahrt
08.10.2026;17:28;VIA RB39;56666;Grevenbroich;Düsseldorf Hbf;11;nein;Düsseldorf-Bilk;Vorfahrt eines anderen Zuges
08.10.2026;17:29;ERB RE3;89887;Essen Hbf;Hamm(Westf)Hbf;17;nein;Hamm (Westf) Hbf;Bauarbeiten, Vorfahrt eines anderen Zuges
08.10.2026;17:29;RB43;14776;Dorsten;Dortmund Hbf;5;nein;Gelsenkirchen Zoo;Längere Haltezeit am Bahnhof
08.10.2026;17:29;RB51;20275;Enschede;Dortmund Hbf;14;nein;Epe (Westf);Verspätung eines vorausfahrenden Zuges
08.10.2026;17:29;RB51;20276;Dortmund Hbf;Enschede;16;nein;Lüdinghausen;Verspätung eines vorausfahrenden Zuges
08.10.2026;17:29;RE17;10730;Brilon Stadt;Hagen Hbf;47;teilweise;Schwerte (Ruhr);Defekt an einem Signal, Verspätung eines vorausfahrenden Zuges
08.10.2026;17:29;VIA RB46;31469;Gelsenkirchen Hbf;Bochum Hbf;2;nein;Bochum-Riemke;
08.10.2026;17:29;VIA RE19;77028;Düsseldorf Hbf;Bocholt;6;nein;Hamminkeln;Warten auf einen entgegenkommenden Zug
08.10.2026;17:30;Bus RE1;7961;Duisburg Hbf;Essen Hbf Kruppstraße/Am Thyssenhaus;;nein;Duisburg Hbf;
08.10.2026;17:30;RRB RE14;89567;Bottrop Hbf;Essen Hbf;10;nein;Essen Hbf;
08.10.2026;17:30;S12;33224;Horrem;Hennef(Sieg);5;nein;Spich;
08.10.2026;17:30;VIA RB39;56625;Düsseldorf Hbf;Bedburg(Erft);4;nein;Gustorf;
08.10.2026;17:31;Bus RE1;7950;Essen Hbf Kruppstraße/Am Thyssenhaus;Duisburg Hbf;;nein;Mülheim (Ruhr) Hbf;
08.10.2026;17:31;ICE 713;713;Köln Hbf;Frankfurt(Main)Hbf;10;nein;Köln Hbf;
08.10.2026;17:31;NX RB48;17352;Köln Hbf;Wuppertal-Oberbarmen;14;nein;Wuppertal-Vohwinkel;Verspätung eines vorausfahrenden Zuges
08.10.2026;17:31;RB51;14633;Lünen Hbf;Dortmund Hbf;;ja;Lünen Hbf;Defekt an einem Bahnübergang
08.10.2026;17:32;HLB RB90;61623;Siegen Hbf;Limburg(Lahn);14;nein;Eiserfeld (Sieg);
08.10.2026;17:32;HLB RB93;61888;Siegen Hbf;Aue-Wingeshausen;7;nein;Vormwald Dorf;
08.10.2026;17:32;HLB RE34;28576;Kirchhundem-Welschen Ennest;Siegen Hbf;0;nein;Kirchhundem-Welschen Ennest;
08.10.2026;17:32;ICE 127;127;Amsterdam Centraal;Frankfurt(Main)Hbf;20;nein;Siegburg/Bonn;Verspätetes Personal aus vorheriger Fahrt
08.10.2026;17:32;NWB RB75;75169;Bielefeld Hbf;Halle(Westf);13;nein;Bielefeld-Brackwede;Vorfahrt eines anderen Zuges
08.10.2026;17:32;RB53;14949;Dortmund Hbf;Iserlohn;2;nein;Dortmund-Hörde;
08.10.2026;17:32;RTB RB28;90870;Euskirchen;Düren;0;nein;Euskirchen;
08.10.2026;17:32;S19;32013;Troisdorf;Düren;18;teilweise;Troisdorf;Verspätung eines vorausfahrenden Zuges
08.10.2026;17:32;S8;31809;Mönchengladbach Hbf;Hagen Hbf;3;nein;Düsseldorf-Flingern;
08.10.2026;17:32;TRI RE100;28083;Düsseldorf Hbf;Essen Hbf;4;nein;Düsseldorf Hbf;
08.10.2026;17:33;ERB RB65;52340;Münster(Westf)Hbf;Rheine;6;nein;Emsdetten;Verspätung eines vorausfahrenden Zuges
08.10.2026;17:33;ERB RB66;90605;Osnabrück Hbf;Münster(Westf)Hbf;1;nein;Lengerich (Westf);
08.10.2026;17:33;ICE 122;122;Frankfurt(Main)Hbf;Amsterdam Centraal;51;nein;Oberhausen Hbf;Defekt an einem Signal
08.10.2026;17:33;ICE 1514;1514;Frankfurt(Main)Hbf;Köln Hbf;23;nein;Köln Hbf;Defekt an der Strecke, Verspätung aus vorheriger Fahrt
08.10.2026;17:33;NX RE4;26424;Dortmund Hbf;Aachen Hbf;27;nein;Aachen West;Technische Störung am Zug, Verspätung aus vorheriger Fahrt
08.10.2026;17:33;RE41;16236;Haltern am See;Bochum Hbf;14;nein;Recklinghausen Süd;
08.10.2026;17:33;S11;33119;Bergisch Gladbach;Düsseldorf Flughafen Terminal;6;teilweise;Bergisch Gladbach;Defekt an der Strecke
08.10.2026;17:33;S11;33120;Düsseldorf Flughafen Terminal;Bergisch Gladbach;6;teilweise;Dormagen;Defekt an der Strecke
08.10.2026;17:33;S12;33233;Hennef (Sieg);Horrem;7;nein;Porz (Rhein);
08.10.2026;17:33;S3;30354;Essen West;Hattingen(Ruhr) Mitte;18;teilweise;Essen West;Defekt an der Strecke
08.10.2026;17:33;SBH S5;34563;Hannover Flughafen;Paderborn Hbf;5;nein;Altenbeken;Behobener Defekt am Zug
08.10.2026;17:33;VIA RE16;31322;Essen Hbf;Iserlohn;14;nein;Letmathe-Dechenhöhle;Verspätung aus vorheriger Fahrt
08.10.2026;17:34;ERB RB71;89656;Bielefeld Hbf;Rahden;8;nein;Lübbecke (Westf);Verspätung eines vorausfahrenden Zuges
08.10.2026;17:34;NWB RB58;75269;Osnabrück Hbf;Bremen Hbf;12;nein;Halen;Warten auf einen entgegenkommenden Zug, Verspätung aus vorheriger Fahrt
08.10.2026;17:34;NWB RB85;74936;Göttingen;Paderborn Hbf;6;nein;Brakel (Kr Höxter);Vorfahrt eines anderen Zuges
08.10.2026;17:34;NWB RE18;75377;Osnabrück Hbf;Oldenburg(Oldb)Hbf;12;nein;Halen;Warten auf einen entgegenkommenden Zug, Verspätung aus vorheriger Fahrt
08.10.2026;17:34;NX RE4;26425;Aachen Hbf;Dortmund Hbf;34;nein;Wetter (Ruhr);Defekt an einem Signal
08.10.2026;17:34;RRB RB36;82350;Oberhausen Hbf;Duisburg-Ruhrort;2;nein;Duisburg-Obermeiderich;
08.10.2026;17:35;Bus RE1;7963;Duisburg Hbf;Essen Hbf Kruppstraße/Am Thyssenhaus;;nein;Duisburg Hbf;
08.10.2026;17:35;HLB RB90;61620;Limburg(Lahn);Siegen Hbf;11;nein;Geilhausen;Warten auf einen entgegenkommenden Zug
08.10.2026;17:35;NX RE7;17428;Krefeld Hbf;Rheine;34;teilweise;Krefeld Hbf;Verspätung aus vorheriger Fahrt
08.10.2026;17:35;RB38;10092;Horrem;Bedburg (Erft);6;nein;Glesch;
08.10.2026;17:35;RRB S7;90127;Wuppertal Hbf;Solingen Hbf;3;nein;Wuppertal-Unterbarmen;Verspätung eines vorausfahrenden Zuges, Warten auf einen entgegenkommenden Zug
08.10.2026;17:35;RTB RB21;90722;Jülich-Nord;Düren;0;nein;Düren;
08.10.2026;17:35;RTB RB21;90791;Untermaubach-Schlagstein;Düren;0;nein;Düren;
08.10.2026;17:35;S5;31560;Dortmund Hbf;Hagen Hbf;25;nein;Dortmund-Barop;Verspätung aus vorheriger Fahrt
08.10.2026;17:36;Bus RE1;7952;Essen Hbf Kruppstraße/Am Thyssenhaus;Duisburg Hbf;;nein;Mülheim (Ruhr) Hbf;
08.10.2026;17:36;ERB RB73;90247;Bielefeld Hbf;Lemgo-Lüttfeld;9;nein;Helpup;Vorfahrt eines anderen Zuges, Verspätung aus vorheriger Fahrt
08.10.2026;17:36;IC 2440;2440;Dresden Hbf;Stuttgart Hbf;26;teilweise;Dortmund Hbf;Defekt an der Oberleitung, Defekt an einem Bahnübergang
08.10.2026;17:36;ICE 142;142;Hannover Hbf;Amsterdam Centraal;4;teilweise;Rheine;Defekt an der Oberleitung
08.10.2026;17:36;R S28;77262;Wuppertal Hbf;Kaarster See;5;nein;Neuss Rheinparkcenter;Verspätung eines vorausfahrenden Zuges
08.10.2026;17:36;S1;56362;Dortmund Hbf;Essen West;1;teilweise;Essen Hbf;Defekt an der Strecke
08.10.2026;17:36;S6;31607;Düsseldorf Hbf;Essen Hbf;3;nein;Düsseldorf-Derendorf;
08.10.2026;17:36;VIA RB39;56669;Düsseldorf Hbf;Grevenbroich;9;nein;Neuss Hbf;Vorfahrt eines anderen Zuges
08.10.2026;17:37;R S28;77243;Kaarster See;Mettmann Stadtwald;1;nein;Neuss Hbf;
08.10.2026;17:37;RB RE22;10035;Kall;Trier Hbf;17;nein;Schmidtheim;Verspätung aus vorheriger Fahrt
08.10.2026;17:37;RB25;10565;Lüdenscheid;Köln Hansaring;4;nein;Ründeroth;
08.10.2026;17:37;RB32;31268;Oberhausen Hbf;Dortmund Hbf;10;nein;Essen-Dellwig;
08.10.2026;17:37;RB33;10334;Aachen Hbf;Duisburg Hbf;29;teilweise;Aachen Hbf;
08.10.2026;17:37;RB33;10384;Aachen Hbf;Heinsberg(Rheinl);2;ja;Aachen Hbf;Defekt an einem Signal
08.10.2026;17:37;RB52;33825;Rummenohl;Lüdenscheid;2;nein;Schalksmühle;
08.10.2026;17:37;RB64;20224;Münster(Westf)Hbf;Enschede;6;nein;Steinfurt-Grottenkamp;Verspätung eines vorausfahrenden Zuges, Verspätete Bereitstellung
08.10.2026;17:37;S19;32017;Blankenberg (Sieg);Düren;6;teilweise;Blankenberg (Sieg);Verspätung eines vorausfahrenden Zuges
08.10.2026;17:37;S4;30481;Unna-Königsborn;Dortmund-Lütgendortmund;1;nein;Massen;
08.10.2026;17:37;S41;5038;Aachen Hbf;Hergenrath;2;nein;Aachen Hbf;
08.10.2026;17:37;S8;31815;Mönchengladbach Hbf;Wuppertal-Oberbarmen;2;nein;Mönchengladbach-Lürrip;
08.10.2026;17:37;SBH S1;34135;Minden (Westf);Hannover Hbf;13;nein;Minden (Westf);Verspätung aus vorheriger Fahrt, Verspätetes Personal aus vorheriger Fahrt
08.10.2026;17:37;TRI RB37;89422;Neuss Hbf;Krefeld Hbf;0;nein;Neuss Hbf;
08.10.2026;17:37;VIA RE19;20048;Düsseldorf Hbf;Emmerich;11;nein;Oberhausen Hbf;Vorfahrt eines anderen Zuges
08.10.2026;17:38;ERB RB59;90387;Dortmund Hbf;Soest;1;nein;Dortmund Signal Iduna Park;
08.10.2026;17:38;ICE 317;317;Bruxelles Midi;Frankfurt(Main)Hbf;10;nein;Aachen Hbf;Verspätung eines vorausfahrenden Zuges
08.10.2026;17:38;ICE 626;626;München Hbf;Düsseldorf Hbf;57;nein;Düsseldorf Hbf;Defekt an einem Signal
08.10.2026;17:38;ICE 943;943;Düsseldorf Hbf;Berlin Hbf;20;nein;Bielefeld Hbf;Verspätung eines vorausfahrenden Zuges
08.10.2026;17:38;ICE 953;953;Köln Hbf;Berlin Hbf;20;nein;Bielefeld Hbf;Verspätung eines vorausfahrenden Zuges
08.10.2026;17:38;RB27;10631;Mönchengladbach Hbf;Köln Messe/Deutz;2;nein;Köln Hbf;
08.10.2026;17:38;RB43;14777;Dortmund Hbf;Dorsten;3;teilweise;Dortmund-Huckarde Nord;
08.10.2026;17:38;RRB RE10;82297;Kleve;Düsseldorf Hbf;1;nein;Goch;
08.10.2026;17:39;NWB RB74;75064;Paderborn Hbf;Bielefeld Hbf;12;nein;Hövelriege;Vorfahrt eines anderen Zuges
08.10.2026;17:39;NX RE1;26825;Aachen Hbf;Hamm(Westf)Hbf;13;nein;Hamm (Westf) Hbf;Verspätung eines vorausfahrenden Zuges
08.10.2026;17:40;Bus RE1;7965;Duisburg Hbf;Essen Hbf Kruppstraße/Am Thyssenhaus;;nein;Duisburg Hbf;
08.10.2026;17:40;ERB RB89;90030;Paderborn Hbf;Münster(Westf)Hbf;7;nein;Dedinghausen;Verspätung eines vorausfahrenden Zuges
08.10.2026;17:40;NWB RB75;75164;Osnabrück Hbf;Bielefeld Hbf;12;nein;Quelle;Warten auf einen entgegenkommenden Zug
08.10.2026;17:40;NX RB48;17359;Wuppertal-Oberbarmen;Bonn-Mehlem;;ja;Wuppertal-Oberbarmen;Streckensperrung
08.10.2026;17:40;NX RE1;26826;Hamm(Westf)Hbf;Aachen Hbf;38;nein;Düsseldorf Hbf;Defekt an einem Signal, Verspätung eines vorausfahrenden Zuges, Vorfahrt eines anderen Zuges
08.10.2026;17:40;RE47;89330;Düsseldorf Hbf;Remscheid-Lennep;5;nein;Düsseldorf Hbf;Verspätung eines vorausfahrenden Zuges
08.10.2026;17:40;S1;31146;Duisburg Hbf;Solingen Hbf;9;nein;Hilden Süd;
08.10.2026;17:40;S1;31155;Essen Hbf;Dortmund Hbf;1;nein;Essen Hbf;
08.10.2026;17:41;Bus RE1;7954;Essen Hbf Kruppstraße/Am Thyssenhaus;Duisburg Hbf;;nein;Mülheim (Ruhr) Hbf;
08.10.2026;17:41;ERB RE78;52285;Bielefeld Hbf;Nienburg(Weser);2;nein;Löhne (Westf);
08.10.2026;17:41;FLX 30;1324;Berlin Südkreuz;Köln Hbf;34;nein;Köln Hbf;Vorfahrt eines anderen Zuges
08.10.2026;17:41;NX RB48;17357;Wuppertal-Oberbarmen;Köln Hbf;7;nein;Leichlingen;
08.10.2026;17:41;RB20;32825;Eschweiler-Weisweiler;Düren;18;nein;Düren;Verspätung eines vorausfahrenden Zuges
08.10.2026;17:41;RB27;10633;Mönchengladbach Hbf;Köln Messe/Deutz;3;nein;Mönchengladbach Hbf;
08.10.2026;17:41;RE57;10985;Dortmund Hbf;Warburg(Westf);35;teilweise;Dortmund Hbf;Defekt an einem Signal
08.10.2026;17:41;RE8;10829;Mönchengladbach Hbf;Köln Messe/Deutz;3;nein;Stommeln;
08.10.2026;17:41;RRB S7;29198;Solingen Hbf;Wuppertal Hbf;1;nein;Remscheid-Lennep;
08.10.2026;17:41;S12;33230;Horrem;Hennef(Sieg);1;nein;Köln-Müngersdorf Technologiepark;
08.10.2026;17:41;VIA RB46;31468;Bochum Hbf;Gelsenkirchen Hbf;2;nein;Gelsenkirchen Hbf;
08.10.2026;17:42;ERB RB59;90341;Dortmund Hbf;Soest;5;nein;Werl;Verspätung eines vorausfahrenden Zuges
08.10.2026;17:42;ERB RB65;52345;Rheine;Münster(Westf)Hbf;5;nein;Münster-Sprakel;Verspätung eines vorausfahrenden Zuges, Verspätung aus vorheriger Fahrt
08.10.2026;17:42;RB52;14677;Dortmund Hbf;Hagen Hbf;25;teilweise;Dortmund Signal Iduna Park;Defekt an einem Signal
08.10.2026;17:42;RE18;18953;Eygelshoven Markt;Aachen Hbf;5;nein;Aachen Hbf;
08.10.2026;17:42;RE22;10030;Kall;Köln Messe/Deutz;5;nein;Köln Hbf;Verspätung eines vorausfahrenden Zuges
08.10.2026;17:42;RE42;10151;Mönchengladbach Hbf;Münster(Westf)Hbf;13;nein;Marl-Sinsen;Verspätung eines vorausfahrenden Zuges
08.10.2026;17:42;RE57;10717;Dortmund Hbf;Warburg(Westf);16;nein;Meschede;Verspätung eines vorausfahrenden Zuges, Warten auf einen entgegenkommenden Zug
08.10.2026;17:42;RE57;10771;Dortmund Hbf;Winterberg(Westf);16;nein;Meschede;Verspätung eines vorausfahrenden Zuges
08.10.2026;17:42;RRB S7;90172;Solingen Hbf;Remscheid-Lennep;;ja;Solingen Hbf;Technische Störung am Zug
08.10.2026;17:43;NX RB48;17358;Bonn-Mehlem;Wuppertal-Oberbarmen;2;teilweise;Bonn-Mehlem;Streckensperrung
08.10.2026;17:43;RE41;16237;Bochum Hbf;Haltern am See;8;nein;Haltern am See;
08.10.2026;17:43;RRB RE14;89566;Essen Hbf;Bottrop Hbf;3;nein;Bottrop Hbf;
08.10.2026;17:43;S1;31154;Duisburg Hbf;Solingen Hbf;7;nein;Duisburg-Großenbaum;
08.10.2026;17:43;S1;31168;Dortmund Hbf;Essen Hbf;3;nein;Dortmund-Dorstfeld Süd;
08.10.2026;17:43;S2;31231;Dortmund Hbf;Dortmund-Mengede;2;nein;Dortmund-Westerfilde;
08.10.2026;17:43;S23;32382;Bonn Hbf;Bad Münstereifel;11;nein;Bonn-Endenich Nord;
08.10.2026;17:43;S4;30486;Dortmund-Lütgendortmund;Unna-Königsborn;1;nein;Dortmund-Somborn;
08.10.2026;17:43;S6;31614;Essen Hbf;Düsseldorf Hbf;2;nein;Kettwig;
08.10.2026;17:44;ICE 28;28;Nürnberg Hbf;Dortmund Hbf;0;ja;Bonn Hbf;Defekt an der Oberleitung, Verspätetes Personal aus vorheriger Fahrt
08.10.2026;17:44;ICE 710;710;Stuttgart Hbf;Köln Hbf;3;nein;Siegburg/Bonn;
08.10.2026;17:44;RB20;30029;Stolberg(Rheinl)Hbf Gl.44;Eschweiler-Weisweiler;58;nein;Herzogenrath;
08.10.2026;17:44;RB20;30079;Stolberg(Rheinl)Hbf Gl.44;Stolberg-Altstadt;58;nein;Herzogenrath;
08.10.2026;17:44;RB25;10564;Rösrath;Gummersbach;3;nein;Engelskirchen;
08.10.2026;17:44;RB32;31269;Dortmund Hbf;Oberhausen Hbf;10;nein;Castrop-Rauxel Hbf;Verspätung aus vorheriger Fahrt
08.10.2026;17:44;S6;56112;Köln-Dellbrück;Köln-Worringen;5;nein;Köln Hbf;
08.10.2026;17:44;S68;31885;Düsseldorf Hbf;Wuppertal-Vohwinkel;6;nein;Wuppertal-Vohwinkel;
08.10.2026;17:44;VIA RB39;56624;Bedburg (Erft);Düsseldorf Hbf;6;nein;Holzheim (b Neuss);Vorfahrt eines anderen Zuges
08.10.2026;17:44;VIA RB91;31371;Siegen Hbf;Welschen Ennest;9;nein;Siegen-Weidenau;Vorfahrt eines anderen Zuges
08.10.2026;17:45;Bus RE1;7967;Duisburg Hbf;Essen Hbf Kruppstraße/Am Thyssenhaus;;nein;Duisburg Hbf;
08.10.2026;17:45;ERB RE3;89892;Hamm(Westf)Hbf;Essen Hbf;6;nein;Kamen-Methler;Verspätung eines vorausfahrenden Zuges
08.10.2026;17:45;NX RE11;26724;Hamm(Westf)Hbf;Essen Hbf;11;nein;Essen Hbf;Verspätung eines vorausfahrenden Zuges
08.10.2026;17:45;NX RE5;28525;Wesel;Koblenz Hbf;13;teilweise;Brühl;Verspätung eines vorausfahrenden Zuges
08.10.2026;17:45;RE17;10731;Hagen Hbf;Brilon Stadt;35;teilweise;Brilon Wald;Defekt an einem Signal, Verspätung eines vorausfahrenden Zuges
08.10.2026;17:45;S1;31150;Duisburg Hbf;Solingen Hbf;4;nein;Düsseldorf Hbf;
08.10.2026;17:46;Bus RE1;7956;Essen Hbf Kruppstraße/Am Thyssenhaus;Duisburg Hbf;;nein;Mülheim (Ruhr) Hbf;
08.10.2026;17:46;RB51;20274;Dortmund Hbf;Enschede;23;teilweise;Gronau (Westf);Defekt an einem Bahnübergang, Verspätung aus vorheriger Fahrt
08.10.2026;17:46;RB64;14999;Steinfurt-Burgsteinfurt;Münster(Westf)Hbf;5;nein;Steinfurt-Grottenkamp;Verspätung eines vorausfahrenden Zuges
08.10.2026;17:46;RB77;14577;Herford;Hildesheim Hbf;6;nein;Löhne (Westf);Verspätung eines vorausfahrenden Zuges, Kurzfristige Erkrankung von Personal
08.10.2026;17:46;RRB RE44;26664;Bottrop Hbf;Moers;14;nein;Oberhausen Hbf;Verspätung aus vorheriger Fahrt
08.10.2026;17:46;VIA RB46;31471;Gelsenkirchen Hbf;Bochum Hbf;0;nein;Gelsenkirchen Hbf;
08.10.2026;17:46;WFB RE70;95808;Hannover Hbf;Minden (Westf);5;nein;Minden (Westf);Verzögerungen im Betriebsablauf
08.10.2026;17:47;ERB RB89;90028;Paderborn Hbf;Münster(Westf)Hbf;5;nein;Münster (Westf) Hbf;
08.10.2026;17:47;HLB RB95;28693;Siegen Hbf;Dillenburg;6;nein;Wilnsdorf-Rudersdorf;Verspätung eines vorausfahrenden Zuges
08.10.2026;17:47;RE49;30995;Wuppertal Hbf;Essen Hbf;12;nein;Essen Hbf;Verspätung aus vorheriger Fahrt
08.10.2026;17:47;RRB S7;29196;Solingen Hbf;Wuppertal Hbf;3;nein;Wuppertal Hbf;Warten auf einen entgegenkommenden Zug
08.10.2026;17:47;VIA RB35;32922;Mönchengladbach Hbf;Duisburg-Hochfeld Süd;3;nein;Rheinhausen Ost;
08.10.2026;17:47;VIA RE19;77031;Bocholt;Düsseldorf Hbf;15;nein;Friedrichsfeld (Niederrhein);Verspätung aus vorheriger Fahrt
08.10.2026;17:48;ERB RB89;90079;Münster(Westf)Hbf;Paderborn Hbf;13;nein;Dedinghausen;Verspätung eines vorausfahrenden Zuges
08.10.2026;17:48;RE2;10225;Essen Hbf;Osnabrück Hbf;18;nein;Ostbevern;Verspätung eines vorausfahrenden Zuges
08.10.2026;17:48;RRB RB31;26029;Moers;Duisburg Hbf;4;nein;Duisburg Hbf;
08.10.2026;17:48;S6;31610;Essen Hbf;Düsseldorf Hbf;1;nein;Düsseldorf Wehrhahn;
08.10.2026;17:48;S6;56119;Köln-Worringen;Köln-Dellbrück;3;nein;Köln-Geldernstr./Parkgürtel;Defekt an der Strecke
08.10.2026;17:48;S8;31812;Wuppertal-Oberbarmen;Mönchengladbach Hbf;2;nein;Wuppertal-Vohwinkel;
08.10.2026;17:48;VIA RE16;29989;Iserlohn;Iserlohn-Letmathe;7;nein;Iserlohn;
08.10.2026;17:49;Bus RB31;62022;Moers;Xanten;2;nein;Alpen;
08.10.2026;17:49;Bus RB54;54026;Bahnhof, Unna;Ardey Bahnhof, Fröndenberg;;nein;Fröndenberg-Frömern;
08.10.2026;17:49;RB20;30524;Langerwehe;Alsdorf-Annapark;5;nein;Herzogenrath;
08.10.2026;17:49;RB20;30574;Stolberg-Altstadt;Alsdorf-Annapark;5;nein;Herzogenrath;Verspätung eines vorausfahrenden Zuges
08.10.2026;17:49;RB38;10275;Bedburg (Erft);Köln Messe/Deutz;5;nein;Paffendorf;
08.10.2026;17:49;RB63;14897;Coesfeld(Westf);Münster(Westf)Hbf;6;nein;Billerbeck;Verspätung eines vorausfahrenden Zuges
08.10.2026;17:49;RE22;10032;Kall;Köln Messe/Deutz;13;nein;Mechernich;
08.10.2026;17:49;RRB RB31;26028;Duisburg Hbf;Moers;3;nein;Rheinhausen;
08.10.2026;17:49;VIA RB46;31470;Bochum Hbf;Gelsenkirchen Hbf;1;nein;Bochum Hbf;
08.10.2026;17:50;Bus RE1;7969;Duisburg Hbf;Essen Hbf Kruppstraße/Am Thyssenhaus;;nein;Duisburg Hbf;
08.10.2026;17:50;ERB RB67;79306;Münster (Westf) Hbf;Bielefeld Hbf;4;nein;Bielefeld Hbf;Verspätung eines vorausfahrenden Zuges
08.10.2026;17:50;ICE 916;916;München Hbf;Dortmund Hbf;17;nein;Dortmund Hbf;Defekt an einem Signal
08.10.2026;17:50;RB20;30028;Eschweiler-Weisweiler;Stolberg(Rheinl)Hbf Gl.44;9;nein;Stolberg (Rheinl) Hbf;Verspätung eines vorausfahrenden Zuges
08.10.2026;17:50;RB20;30078;Stolberg-Altstadt;Stolberg(Rheinl)Hbf Gl.44;9;nein;Stolberg (Rheinl) Hbf;Verspätung eines vorausfahrenden Zuges
08.10.2026;17:50;RRB RB36;82351;Duisburg-Ruhrort;Oberhausen Hbf;2;nein;Duisburg-Meiderich Süd;
08.10.2026;17:50;RTB RB21;90725;Düren;Linnich Bhf;0;nein;Düren;
08.10.2026;17:50;RTB RB21;90792;Düren;Untermaubach-Schlagstein;0;nein;Düren;
08.10.2026;17:50;S6;31609;Düsseldorf Hbf;Essen Hbf;4;nein;Düsseldorf Hbf;
08.10.2026;17:51;Bus RE1;7958;Essen Hbf Kruppstraße/Am Thyssenhaus;Duisburg Hbf;;nein;Mülheim (Ruhr) Hbf;
08.10.2026;17:51;RB54;14855;Fröndenberg;Menden(Sauerland);4;nein;Bösperde;
08.10.2026;17:51;RB94;23172;Marburg(Lahn);Erndtebrück;0;nein;Erndtebrück;
08.10.2026;17:51;RE47;89337;Remscheid-Lennep;Düsseldorf Hbf;6;nein;Solingen Grünewald;Verspätung aus vorheriger Fahrt
08.10.2026;17:51;RE49;56794;Wesel;Oberhausen Hbf;4;nein;Oberhausen Hbf;
08.10.2026;17:51;RE9;10923;Aachen Hbf;Siegen Hbf;19;nein;Siegen Hbf;Verspätung eines vorausfahrenden Zuges
08.10.2026;17:51;S1;31160;Dortmund Hbf;Essen Hbf;3;nein;Essen Hbf;
08.10.2026;17:52;FLX 30;1327;Köln Hbf;Berlin Südkreuz;16;nein;Hamm (Westf) Hbf;
08.10.2026;17:52;HLB RB96;61831;Betzdorf(Sieg);Neunkirchen(Kr Siegen);0;nein;Struthütten;
08.10.2026;17:52;RB63;14729;Coesfeld(Westf);Münster(W)Zentrum Nord;7;teilweise;Münster (Westf) Hbf;Verspätung eines vorausfahrenden Zuges
08.10.2026;17:52;RE49;30992;Essen Hbf;Wuppertal Hbf;10;nein;Wuppertal Hbf;Verspätung eines vorausfahrenden Zuges
08.10.2026;17:52;S1;56365;Essen West;Dortmund Hbf;2;teilweise;Essen West;Defekt an der Strecke
08.10.2026;17:52;S5;31559;Witten Hbf;Dortmund Hbf;10;nein;Dortmund Hbf;
08.10.2026;17:52;S8;31808;Wuppertal-Oberbarmen;Mönchengladbach Hbf;7;nein;Düsseldorf Hbf;
08.10.2026;17:52;VIA RB35;52267;Gelsenkirchen Hbf;Oberhausen Hbf;24;nein;Essen-Dellwig;Verspätung aus vorheriger Fahrt
08.10.2026;17:53;ERB RB89;90081;Münster(Westf)Hbf;Paderborn Hbf;5;nein;Drensteinfurt;Verspätung eines vorausfahrenden Zuges
08.10.2026;17:53;S11;33121;Bergisch Gladbach;Düsseldorf Flughafen Terminal;2;teilweise;Bergisch Gladbach;
08.10.2026;17:53;S11;33124;Düsseldorf Flughafen Terminal;Bergisch Gladbach;2;teilweise;Dormagen;Defekt an der Strecke
08.10.2026;17:53;S12;33239;Hennef (Sieg);Horrem;2;nein;Porz (Rhein);
08.10.2026;17:54;ERB RB71;89657;Rahden;Bielefeld Hbf;10;nein;Hiddenhausen-Schweicheln;Warten auf Anschlussreisende, Verspätung eines vorausfahrenden Zuges
08.10.2026;17:54;HLB RB90;61726;Betzdorf(Sieg);Siegen Hbf;15;nein;Niederschelden Nord Hp;
08.10.2026;17:54;HLB RE99;15115;Siegen Hbf;Frankfurt(Main)Hbf;4;nein;Siegen Hbf;
08.10.2026;17:55;Bus RE1;7971;Duisburg Hbf;Essen Hbf Kruppstraße/Am Thyssenhaus;;nein;Duisburg Hbf;
08.10.2026;17:55;ERB RB65;52342;Münster(Westf)Hbf;Rheine;8;nein;Emsdetten;Verspätung eines vorausfahrenden Zuges
08.10.2026;17:55;HLB RB90;61686;Altenkirchen(Westerwald);Au (Sieg);0;ja;Geilhausen;Kurzfristiger Fahrzeugausfall
08.10.2026;17:55;NWB RB74;75067;Bielefeld Hbf;Paderborn Hbf;12;nein;Schloß Holte;Defekt an einem Signal
08.10.2026;17:55;NX RE5;28528;Koblenz Hbf;Wesel;32;teilweise;Bonn-Bad Godesberg;
08.10.2026;17:55;RB64;20223;Enschede;Münster(Westf)Hbf;7;nein;Ochtrup;Verspätung eines vorausfahrenden Zuges
08.10.2026;17:55;RRB S7;90131;Wuppertal Hbf;Solingen Hbf;2;nein;Wuppertal-Unterbarmen;Vorfahrt eines anderen Zuges
08.10.2026;17:55;S1;31158;Duisburg Hbf;Solingen Hbf;1;ja;Duisburg Hbf;Technische Störung am Zug
08.10.2026;17:55;S23;32384;Bonn Hbf;Rheinbach;12;nein;Bonn Hbf;Verspätung aus vorheriger Fahrt
08.10.2026;17:55;S6;56116;Köln-Dellbrück;Köln-Worringen;2;nein;Köln-Mülheim;Defekt an der Strecke
08.10.2026;17:55;VIA RB34;90521;Mönchengladbach Hbf;Dalheim;21;nein;Dalheim;
08.10.2026;17:55;VIA RE19;20030;Düsseldorf Hbf;Arnhem Centraal;9;nein;Oberhausen-Sterkrade;Vorfahrt eines anderen Zuges
08.10.2026;17:56;Bus RB31;62024;Moers;Xanten;1;nein;Rheinberg (Rheinl);
08.10.2026;17:56;Bus RE1;7960;Essen Hbf Kruppstraße/Am Thyssenhaus;Duisburg Hbf;;nein;Mülheim (Ruhr) Hbf;
08.10.2026;17:56;Bus RE14;67560;Bottrop Hbf;Borken(Westf);0;teilweise;Deuten;
08.10.2026;17:56;ERB RB59;90340;Soest;Dortmund Hbf;6;nein;Dortmund Hbf;Verspätung eines vorausfahrenden Zuges
08.10.2026;17:56;ICE 518;518;München Hbf;Hamburg-Altona;30;nein;Münster (Westf) Hbf;
08.10.2026;17:56;NX RB48;17355;Wuppertal-Oberbarmen;Bonn-Mehlem;30;teilweise;Bornheim-Sechtem;Defekt an der Oberleitung, Verspätung aus vorheriger Fahrt
08.10.2026;17:56;R S28;77266;Wuppertal Hbf;Kaarster See;6;nein;Neuss Rheinparkcenter;Verspätung eines vorausfahrenden Zuges
08.10.2026;17:56;RB33;10385;Heinsberg(Rheinl);Aachen Hbf;5;ja;Lindern;Defekt an einem Signal
08.10.2026;17:56;S3;30357;Hattingen(Ruhr) Mitte;Essen West;13;teilweise;Essen Hbf;Defekt an der Strecke
08.10.2026;17:56;S4;30488;Dortmund-Lütgendortmund;Unna;1;nein;Dortmund-Lütgendortmund;
08.10.2026;17:56;WFB RE15;90289;Emden Hbf;Münster(Westf)Hbf;3;nein;Münster (Westf) Hbf;Warten auf Anschlussreisende, Verspätung eines vorausfahrenden Zuges
08.10.2026;17:57;ERB RB69;89989;Hamm(Westf)Hbf;Bielefeld Hbf;6;nein;Oelde;Vorfahrt eines anderen Zuges
08.10.2026;17:57;NX RE11;26726;Kassel-Wilhelmshöhe;Essen Hbf;13;nein;Hamm (Westf) Hbf;Verspätung eines vorausfahrenden Zuges
08.10.2026;17:57;R S28;77247;Kaarster See;Wuppertal Hbf;3;nein;Neuss Hbf;
08.10.2026;17:57;S4;30483;Unna;Dortmund-Lütgendortmund;3;nein;Dortmund-Wickede West;
08.10.2026;17:58;Bus RB31;62031;Xanten;Moers;4;nein;Rheinberg (Rheinl);
08.10.2026;17:58;ERB RB89;90078;Paderborn Hbf;Münster(Westf)Hbf;10;nein;Mersch (Westf);Außerplanmäßige Geschwindigkeitsbeschränkung, Vorfahrt eines anderen Zuges
08.10.2026;17:58;RB24;10438;Kall;Köln Messe/Deutz;3;nein;Hürth-Kalscheuren;
08.10.2026;17:58;RB53;14951;Dortmund Hbf;Schwerte(Ruhr);3;nein;Dortmund Signal Iduna Park;
08.10.2026;17:58;S2;31228;Dortmund-Mengede;Dortmund Hbf;3;nein;Dortmund Hbf;
08.10.2026;17:59;ERB RB59;90388;Soest;Dortmund Hbf;5;nein;Unna;Verspätung eines vorausfahrenden Zuges
08.10.2026;18:00;Bus EV;92922;Finnentrop;Olpe;0;nein;Finnentrop;
08.10.2026;18:00;Bus RE1;7973;Duisburg Hbf;Essen Hbf Kruppstraße/Am Thyssenhaus;;nein;Duisburg Hbf;
08.10.2026;18:00;RB25;10562;Köln Hansaring;Lüdenscheid;6;nein;Kierspe;
08.10.2026;18:00;RE18;18955;Eygelshoven Markt;Aachen Hbf;1;nein;Herzogenrath;
08.10.2026;18:00;RE18;18956;Aachen Hbf;Eygelshoven Markt;5;nein;Herzogenrath;
08.10.2026;18:00;RE9;10925;Aachen Hbf;Siegen Hbf;10;teilweise;Eitorf;Technische Störung am Zug, Verspätung eines vorausfahrenden Zuges
08.10.2026;18:00;S2;30257;Dortmund Hbf;Essen Hbf;7;nein;Essen-Kray Nord;
08.10.2026;18:00;S5;31562;Dortmund Hbf;Witten Hbf;9;nein;Dortmund Hbf;
08.10.2026;18:00;VIA RB91;31358;Hagen Hbf;Lennestadt-Altenhundem;3;teilweise;Iserlohn-Letmathe;
08.10.2026;18:01;Bus EV;92937;Olpe;Finnentrop;0;nein;Olpe;
08.10.2026;18:01;Bus RE1;7962;Essen Hbf Kruppstraße/Am Thyssenhaus;Duisburg Hbf;;nein;Mülheim (Ruhr) Hbf;
08.10.2026;18:01;ERB RB50;89942;Dortmund Hbf;Münster(Westf)Hbf;24;nein;Capelle (Westf);Defekt an der Strecke, Vorfahrt eines anderen Zuges, Verspätung aus vorheriger Fahrt
08.10.2026;18:01;ICE 848;848;Berlin Hbf;Düsseldorf Hbf;70;nein;Düsseldorf Flughafen;Defekt an der Oberleitung, Defekt an einem Signal
08.10.2026;18:01;RB63;14732;Münster(W)Zentrum Nord;Coesfeld(Westf);6;teilweise;Münster Zentrum Nord;Verspätung eines vorausfahrenden Zuges
08.10.2026;18:01;RRB RE14;89569;Bottrop Hbf;Essen Hbf;7;nein;Essen Hbf;
08.10.2026;18:01;RRB S7;90124;Solingen Hbf;Wuppertal Hbf;1;nein;Solingen Mitte;Vorfahrt eines anderen Zuges
08.10.2026;18:01;VIA RB39;56683;Neuss Hbf;Grevenbroich;1;nein;Holzheim (b Neuss);
08.10.2026;18:01;VIA RE16;31329;Iserlohn;Essen Hbf;26;nein;Witten Hbf;
08.10.2026;18:02;ERB RE13;20088;Hamm(Westf)Hbf;Venlo;6;nein;Hagen Hbf;Verspätung eines vorausfahrenden Zuges
08.10.2026;18:02;ERB RE3;89889;Essen Hbf;Hamm(Westf)Hbf;1;nein;Dortmund Hbf;
08.10.2026;18:02;HLB RB90;61685;Betzdorf(Sieg);Altenkirchen(Westerwald);1;nein;Geilhausen;
08.10.2026;18:02;HLB RB90;61721;Siegen Hbf;Betzdorf(Sieg);9;nein;Eiserfeld (Sieg);
08.10.2026;18:02;RB24;10441;Köln Messe/Deutz;Euskirchen;2;nein;Köln Hbf;
08.10.2026;18:02;RB38;10276;Köln Messe/Deutz;Bedburg(Erft);4;nein;Paffendorf;
08.10.2026;18:02;RB94;23177;Erndtebrück;Marburg(Lahn);0;nein;Erndtebrück;
08.10.2026;18:02;S8;31806;Hagen Hbf;Mönchengladbach Hbf;17;nein;Mönchengladbach-Lürrip;
08.10.2026;18:02;SBH S5;34567;Hannover Flughafen;Paderborn Hbf;1;nein;Lügde;Vorfahrt eines anderen Zuges
08.10.2026;18:03;HLB RB96;61828;Neunkirchen(Kr Siegen);Betzdorf(Sieg);0;nein;Neunkirchen (Kr Siegen);
08.10.2026;18:03;RB54;14858;Menden(Sauerland);Fröndenberg;4;nein;Bösperde;
08.10.2026;18:03;S2;31233;Dortmund Hbf;Dortmund-Mengede;1;nein;Dortmund Hbf;
08.10.2026;18:03;S3;30356;Essen West;Hattingen(Ruhr) Mitte;5;teilweise;Essen West;Defekt an der Strecke
08.10.2026;18:03;S6;31616;Essen Hbf;Düsseldorf Hbf;1;nein;Kettwig;
08.10.2026;18:04;ICE 643;643;Düsseldorf Hbf;Berlin Hbf;9;nein;Hamm (Westf) Hbf;
08.10.2026;18:04;NWB RB75;75171;Bielefeld Hbf;Osnabrück Hbf;10;nein;Bielefeld-Brackwede;Vorfahrt eines anderen Zuges
08.10.2026;18:04;NX RE4;26450;Düsseldorf Hbf;Aachen Hbf;26;nein;Aachen Schanz;Verspätung eines vorausfahrenden Zuges
08.10.2026;18:04;RE42;58306;Münster(Westf)Hbf;Essen Hbf;12;nein;Gelsenkirchen Hbf;Verspätung eines vorausfahrenden Zuges
08.10.2026;18:04;RRB RB36;82352;Oberhausen Hbf;Duisburg-Ruhrort;2;nein;Duisburg-Obermeiderich;
08.10.2026;18:04;RRB S7;90122;Solingen Hbf;Wuppertal Hbf;3;nein;Remscheid-Lüttringhausen;Technische Störung am Zug, Warten auf einen entgegenkommenden Zug
08.10.2026;18:04;RTB RB21;90752;Linnich Bhf;Düren;6;nein;Düren;
08.10.2026;18:04;S23;32383;Rheinbach;Bonn Hbf;18;nein;Bonn Hbf;
08.10.2026;18:04;S68;31887;Düsseldorf Hbf;Wuppertal-Vohwinkel;8;nein;Wuppertal-Vohwinkel;
08.10.2026;18:05;Bus RE1;7975;Duisburg Hbf;Essen Hbf Kruppstraße/Am Thyssenhaus;;nein;Duisburg Hbf;
08.10.2026;18:05;ERB RB50;89943;Münster(Westf)Hbf;Dortmund Hbf;13;nein;Werne a d Lippe;Längere Haltezeit am Bahnhof, Verspätung aus vorheriger Fahrt
08.10.2026;18:05;HLB RE99;15116;Frankfurt(Main)Hbf;Siegen Hbf;6;nein;Siegen Hbf;
08.10.2026;18:05;RTB RB21;90821;Heimbach (Eifel);Düren;0;nein;Düren;
08.10.2026;18:05;TRI RB37;89425;Krefeld Hbf;Neuss Hbf;2;nein;Krefeld Hbf;
08.10.2026;18:05;VIA RE16;29984;Iserlohn-Letmathe;Iserlohn;;nein;Iserlohn-Letmathe;
08.10.2026;18:06;Bus RE1;7964;Essen Hbf Kruppstraße/Am Thyssenhaus;Duisburg Hbf;;nein;Mülheim (Ruhr) Hbf;
08.10.2026;18:06;NWB RB74;75068;Paderborn Hbf;Bielefeld Hbf;12;nein;Hövelhof;Vorfahrt eines anderen Zuges
08.10.2026;18:06;RE17;10734;Brilon Stadt;Hagen Hbf;19;teilweise;Brilon Stadt;Defekt an einem Signal
08.10.2026;18:06;S1;56364;Dortmund Hbf;Essen West;6;teilweise;Essen Hbf;Defekt an der Strecke
08.10.2026;18:07;Bus RE14;67562;Dorsten;Coesfeld(Westf);8;nein;Lembeck;
08.10.2026;18:07;Bus RE14;67579;Borken (Westf);Bottrop Hbf;1;teilweise;Deuten;
08.10.2026;18:07;NX RE11;26727;Essen Hbf;Kassel-Wilhelmshöhe;7;nein;Hamm (Westf) Hbf;Defekt an einem Bahnübergang
08.10.2026;18:07;RB25;10567;Gummersbach;Rösrath;2;nein;Ründeroth;
08.10.2026;18:07;RB53;14952;Iserlohn;Dortmund Hbf;3;nein;Schwerte-Ergste;
08.10.2026;18:07;RE8;10831;Mönchengladbach Hbf;Köln Messe/Deutz;4;nein;Mönchengladbach Hbf;
08.10.2026;18:07;S23;32387;Rheinbach;Bonn Hbf;8;nein;Rheinbach Römerkanal;
08.10.2026;18:07;S4;30485;Unna-Königsborn;Dortmund-Lütgendortmund;2;nein;Massen;
08.10.2026;18:07;VIA RE19;20046;Düsseldorf Hbf;Emmerich;7;nein;Emmerich;
08.10.2026;18:08;Bus RB54;54029;Ardey Bahnhof, Fröndenberg;Bahnhof, Unna;;nein;Fröndenberg-Frömern;
08.10.2026;18:08;Bus RE14;67581;Coesfeld (Westf);Dorsten;0;nein;Coesfeld (Westf);
08.10.2026;18:08;ERB RB59;90343;Dortmund Hbf;Soest;3;nein;Dortmund Signal Iduna Park;Verspätung aus vorheriger Fahrt
08.10.2026;18:08;HLB RE34;28579;Siegen Hbf;Kirchhundem-Welschen Ennest;0;nein;Siegen Hbf;
08.10.2026;18:08;NX RE7;17431;Rheine;Krefeld Hbf;42;teilweise;Rheine;Verspätung eines vorausfahrenden Zuges, Verspätung aus vorheriger Fahrt
08.10.2026;18:08;RB24;10440;Kall;Köln Messe/Deutz;2;nein;Scheven;
08.10.2026;18:08;RB54;14857;Fröndenberg;Neuenrade;3;nein;Fröndenberg;Verspätung eines vorausfahrenden Zuges
08.10.2026;18:08;RB63;14896;Münster(Westf)Hbf;Coesfeld(Westf);6;nein;Billerbeck;Warten auf einen entgegenkommenden Zug
08.10.2026;18:08;RRB RE10;82299;Kleve;Düsseldorf Hbf;1;nein;Goch;
08.10.2026;18:08;VIA RB91;21438;Kirchhundem-Welschen Ennest;Siegen Hbf;3;nein;Kirchhundem-Welschen Ennest;
08.10.2026;18:09;Bus RB31;62033;Xanten;Moers;0;nein;Xanten;
08.10.2026;18:09;Bus RE14;67564;Bottrop Hbf;Borken(Westf);1;nein;Dorsten;
08.10.2026;18:09;ERB RB69;89988;Bielefeld Hbf;Hamm(Westf)Hbf;21;nein;Ahlen (Westf);Defekt an der Strecke, Verspätung eines vorausfahrenden Zuges
08.10.2026;18:09;ERB RB72;90674;Paderborn Hbf;Herford;6;nein;Lage (Lippe);Verspätung eines vorausfahrenden Zuges
08.10.2026;18:09;S23;32389;Euskirchen;Bonn Hbf;9;nein;Euskirchen-Kuchenheim;
08.10.2026;18:10;Bus RE1;7977;Duisburg Hbf;Essen Hbf Kruppstraße/Am Thyssenhaus;;nein;Duisburg Hbf;
08.10.2026;18:10;ICE 106;106;Interlaken Ost;Hamburg-Altona;11;nein;Gelsenkirchen Hbf;
08.10.2026;18:10;S2;30258;Essen Hbf;Dortmund Hbf;10;nein;Herne-Wanne-Eickel Hbf;Verspätung eines vorausfahrenden Zuges
08.10.2026;18:10;S23;32386;Bonn Hbf;Euskirchen;17;nein;Bonn Hbf;
08.10.2026;18:10;VIA RB35;52262;Oberhausen Hbf;Gelsenkirchen Hbf;29;nein;Essen-Bergeborbeck;Verspätung aus vorheriger Fahrt
08.10.2026;18:11;Bus RE1;7966;Essen Hbf Kruppstraße/Am Thyssenhaus;Duisburg Hbf;;nein;Mülheim (Ruhr) Hbf;
08.10.2026;18:11;ERB RB61;20377;Hengelo;Bielefeld Hbf;32;teilweise;Bünde (Westf);Verspätung eines vorausfahrenden Zuges
08.10.2026;18:11;ERB RE82;79363;Altenbeken;Bielefeld Hbf;6;nein;Bielefeld Hbf;Verspätung eines vorausfahrenden Zuges
08.10.2026;18:11;NX RE5;28529;Wesel;Koblenz Hbf;44;teilweise;Wesel;Defekt an der Oberleitung
08.10.2026;18:11;RE2;10226;Osnabrück Hbf;Essen Hbf;10;nein;Gelsenkirchen Hbf;Verspätung eines vorausfahrenden Zuges
08.10.2026;18:11;S1;31172;Dortmund Hbf;Essen Hbf;2;nein;Dortmund-Dorstfeld;
08.10.2026;18:11;S23;32385;Bad Münstereifel;Bonn Hbf;11;nein;Bonn-Duisdorf;
08.10.2026;18:11;VIA RB39;56627;Düsseldorf Hbf;Bedburg(Erft);7;nein;Holzheim (b Neuss);Verspätung aus vorheriger Fahrt
08.10.2026;18:12;ERB RB61;20380;Bielefeld Hbf;Hengelo;8;teilweise;Bielefeld Hbf;Verspätung eines vorausfahrenden Zuges
08.10.2026;18:12;ICE 858;858;Berlin Hbf;Köln Hbf;38;nein;Köln Hbf;Defekt an einem Signal
08.10.2026;18:12;NX RB48;17361;Wuppertal-Oberbarmen;Köln Hbf;2;nein;Wuppertal-Oberbarmen;
08.10.2026;18:12;RB27;10624;Köln Messe/Deutz;Mönchengladbach Hbf;2;nein;Rheydt Hbf;
08.10.2026;18:12;RB51;14626;Dortmund Hbf;Lünen Hbf;;ja;Dortmund Hbf;Defekt an einem Bahnübergang
08.10.2026;18:12;RE49;56795;Oberhausen Hbf;Wesel;2;nein;Oberhausen-Sterkrade;
08.10.2026;18:12;S23;32393;Bad Münstereifel;Bonn Hbf;2;nein;Bad Münstereifel Arloff;
08.10.2026;18:13;ERB RB65;52344;Münster(Westf)Hbf;Rheine;2;nein;Münster (Westf) Hbf;Verspätung eines vorausfahrenden Zuges
08.10.2026;18:13;ERB RE82;79365;Altenbeken;Bielefeld Hbf;4;nein;Altenbeken;Verspätung eines vorausfahrenden Zuges, Vorfahrt eines anderen Zuges
08.10.2026;18:13;IC 2442;2442;Dresden Hbf;Frankfurt(Main)Hbf;87;ja;Minden (Westf);Defekt an der Oberleitung, Technische Störung am Zug, Technische Untersuchung am Zug
08.10.2026;18:13;RRB RE14;89570;Essen Hbf;Bottrop Hbf;9;nein;Bottrop Hbf;
08.10.2026;18:13;S11;33123;Bergisch Gladbach;Düsseldorf Flughafen Terminal;7;teilweise;Bergisch Gladbach;Defekt an der Strecke
08.10.2026;18:13;S11;33126;Düsseldorf Flughafen Terminal;Bergisch Gladbach;6;teilweise;Dormagen;Defekt an der Strecke
08.10.2026;18:13;S12;33245;Hennef (Sieg);Horrem;3;nein;Hennef (Sieg);
08.10.2026;18:13;S4;30490;Dortmund-Lütgendortmund;Unna-Königsborn;1;nein;Dortmund-Somborn;
08.10.2026;18:14;ERB RB67;79313;Bielefeld Hbf;Münster(Westf)Hbf;2;nein;Bielefeld-Brackwede;
08.10.2026;18:14;ERB RE13;20087;Venlo;Hamm(Westf)Hbf;12;nein;Holzwickede;Verspätung eines vorausfahrenden Zuges, Vorfahrt eines anderen Zuges
08.10.2026;18:14;ERB RE13;20091;Venlo;Hamm(Westf)Hbf;3;nein;Breyell;Verspätung eines vorausfahrenden Zuges
08.10.2026;18:14;IC 2205;2205;Norddeich Mole;Köln Hbf;26;nein;Köln Hbf;Verspätung eines vorausfahrenden Zuges
08.10.2026;18:14;RE34;26089;Lennestadt-Altenhundem;Hagen Hbf;;ja;Lennestadt-Altenhundem;Bauarbeiten
08.10.2026;18:14;S1;31169;Solingen Hbf;Duisburg Hbf;7;nein;Duisburg-Rahm;
08.10.2026;18:15;Bus RE1;7979;Duisburg Hbf;Essen Hbf Kruppstraße/Am Thyssenhaus;;nein;Duisburg Hbf;
08.10.2026;18:15;ERB RB73;90249;Bielefeld Hbf;Lemgo-Lüttfeld;7;nein;Bielefeld Hbf;Verspätung aus vorheriger Fahrt
08.10.2026;18:15;NX RE6;89728;Minden(Westf);Köln/Bonn Flughafen;12;nein;Düsseldorf-Bilk;Verspätung eines vorausfahrenden Zuges, Vorfahrt eines anderen Zuges
08.10.2026;18:15;RB43;14778;Dorsten;Dortmund Hbf;2;nein;Gladbeck-Zweckel;
08.10.2026;18:15;RB77;14574;Hildesheim Hbf;Herford;3;nein;Löhne (Westf);Verspätung eines vorausfahrenden Zuges
08.10.2026;18:15;RRB RB31;26071;Moers;Duisburg Hbf;3;nein;Duisburg Hbf;
08.10.2026;18:15;S1;31163;Essen Hbf;Dortmund Hbf;4;nein;Essen-Steele;
08.10.2026;18:15;WFB RE60;95782;Braunschweig Hbf;Rheine;7;nein;Kirchlengern;Beeinträchtigung durch Vandalismus, Verspätung aus vorheriger Fahrt
08.10.2026;18:16;Bus RE1;7968;Essen Hbf Kruppstraße/Am Thyssenhaus;Duisburg Hbf;;nein;Mülheim (Ruhr) Hbf;
08.10.2026;18:16;R S28;77270;Mettmann Stadtwald;Kaarster See;2;nein;Neuss Rheinparkcenter;
08.10.2026;18:16;RB38;10095;Bedburg (Erft);Horrem;2;nein;Glesch;
08.10.2026;18:16;S19;32012;Düren;Troisdorf;21;teilweise;Köln/Bonn Flughafen;
08.10.2026;18:16;S6;56125;Köln-Worringen;Köln-Dellbrück;2;nein;Köln-Blumenberg;Defekt an der Strecke
08.10.2026;18:17;ERB RB73;90250;Lemgo-Lüttfeld;Bielefeld Hbf;6;nein;Lage (Lippe);Defekt an der Strecke
08.10.2026;18:17;RE17;10735;Hagen Hbf;Bigge;15;teilweise;Hagen Hbf;Defekt an einem Signal
08.10.2026;18:17;RE57;10768;Winterberg(Westf);Dortmund Hbf;32;nein;Dortmund Hbf;Defekt an einem Signal
08.10.2026;18:17;RE57;10984;Warburg(Westf);Dortmund Hbf;32;nein;Dortmund Hbf;Defekt an einem Signal
08.10.2026;18:17;S19;32010;Düren;Blankenberg(Sieg);7;nein;Hennef (Sieg);
08.10.2026;18:17;VIA RE19;77030;Düsseldorf Hbf;Bocholt;10;nein;Wesel;Vorfahrt eines anderen Zuges
08.10.2026;18:18;ERB RB66;90606;Münster(Westf)Hbf;Osnabrück Hbf;4;nein;Kattenvenne;
08.10.2026;18:18;RB52;14676;Hagen Hbf;Dortmund Hbf;8;nein;Dortmund Signal Iduna Park;Defekt an einem Signal
08.10.2026;18:18;RE57;10988;Warburg(Westf);Dortmund Hbf;15;nein;Marsberg Bredelar;Warten auf einen entgegenkommenden Zug
08.10.2026;18:18;RE62;11512;Löhne(Westf);Rheine;9;nein;Rheine;Verspätung eines vorausfahrenden Zuges
08.10.2026;18:19;Bus EV;93888;Aue-Wingeshausen;Bad Berleburg;0;nein;Aue-Wingeshausen;
08.10.2026;18:19;RB RE22;10036;Trier Hbf;Kall;7;nein;Dahlem (Eifel);Verspätung eines vorausfahrenden Zuges
08.10.2026;18:19;RB63;14731;Coesfeld(Westf);Münster(W)Zentrum Nord;5;nein;Billerbeck;Verspätung eines vorausfahrenden Zuges
08.10.2026;18:19;S2;31230;Dortmund-Mengede;Dortmund Hbf;1;nein;Dortmund-Huckarde;
08.10.2026;18:20;Bus RE1;7981;Duisburg Hbf;Essen Hbf Kruppstraße/Am Thyssenhaus;;nein;Duisburg Hbf;
08.10.2026;18:20;ICE 12;12;Frankfurt(Main)Hbf;Bruxelles Midi;15;nein;Aachen Hbf;Verspätung eines vorausfahrenden Zuges
08.10.2026;18:20;NWB RB74;75070;Paderborn Hbf;Bielefeld Hbf;10;nein;Paderborn Nord;Verspätung eines vorausfahrenden Zuges, Vorfahrt eines anderen Zuges
08.10.2026;18:20;RRB RB36;82353;Duisburg-Ruhrort;Oberhausen Hbf;1;nein;Duisburg-Meiderich Süd;
08.10.2026;18:20;RTB RB21;90822;Düren;Heimbach (Eifel);2;nein;Düren;
08.10.2026;18:20;VIA RB39;56668;Grevenbroich;Neuss Hbf;4;nein;Neuss Hbf;
08.10.2026;18:21;Bus RE1;7970;Essen Hbf Kruppstraße/Am Thyssenhaus;Duisburg Hbf;;nein;Mülheim (Ruhr) Hbf;
08.10.2026;18:21;Bus RE14;67575;Borken (Westf);Bottrop Hbf;8;nein;Gladbeck West;
08.10.2026;18:21;ICE 729;729;Düsseldorf Hbf;München Hbf;49;nein;Düsseldorf Hbf;Gegenstände auf der Strecke, Verspätetes Personal aus vorheriger Fahrt
08.10.2026;18:21;RE18;18958;Aachen Hbf;Eygelshoven Markt;5;nein;Aachen West;
08.10.2026;18:21;RTB RB21;90755;Düren;Linnich Bhf;0;nein;Düren;
08.10.2026;18:21;S9;30955;Wuppertal Hbf;Haltern am See;14;nein;Marl-Hamm;Verspätung eines vorausfahrenden Zuges
08.10.2026;18:21;S9;30957;Hagen Hbf;Recklinghausen Hbf;17;nein;Essen-Gerschede;Verspätung eines vorausfahrenden Zuges
08.10.2026;18:21;VIA RB34;90522;Dalheim;Mönchengladbach Hbf;22;nein;Rheydt Hbf;Verspätung aus vorheriger Fahrt
08.10.2026;18:21;VIA RB39;56626;Bedburg (Erft);Düsseldorf Hbf;2;nein;Gustorf;
08.10.2026;18:21;VIA RB46;31472;Bochum Hbf;Gelsenkirchen Hbf;1;nein;Bochum West;
08.10.2026;18:22;ERB RB65;52349;Rheine;Münster(Westf)Hbf;7;nein;Rheine-Mesum;Verspätung eines vorausfahrenden Zuges
08.10.2026;18:22;HLB RB95;28774;Dillenburg;Siegen Hbf;11;nein;Siegen Hbf;Außerplanmäßige Geschwindigkeitsbeschränkung
08.10.2026;18:22;NWB RB75;75168;Halle (Westf);Bielefeld Hbf;10;nein;Bielefeld Hbf;Verspätung eines vorausfahrenden Zuges, Vorfahrt eines anderen Zuges
08.10.2026;18:22;RB25;10569;Lüdenscheid;Köln Hansaring;5;nein;Gummersbach;
08.10.2026;18:22;RB51;20277;Enschede;Dortmund Hbf;10;teilweise;Gronau (Westf);Defekt an einem Bahnübergang
08.10.2026;18:22;RE41;16238;Haltern am See;Bochum Hbf;1;nein;Marl-Sinsen;
08.10.2026;18:22;RRB RE44;26667;Moers;Bottrop Hbf;9;nein;Bottrop-Vonderort;
08.10.2026;18:22;S1;56367;Essen West;Dortmund Hbf;5;teilweise;Essen West;Defekt an der Strecke
08.10.2026;18:22;S4;30487;Unna;Dortmund-Lütgendortmund;1;nein;Massen;
08.10.2026;18:22;S41;5017;Hergenrath;Aachen Hbf;0;nein;Aachen Hbf;
08.10.2026;18:22;S5;31561;Hagen Hbf;Dortmund Hbf;44;nein;Dortmund Hbf;Defekt an einem Signal
08.10.2026;18:23;Bus EV;93891;Bad Berleburg;Aue-Wingeshausen;0;nein;Bad Berleburg;
08.10.2026;18:23;NWB RB58;75264;Bremen Hbf;Osnabrück Hbf;23;nein;Halen;Warten auf einen entgegenkommenden Zug
08.10.2026;18:23;RB33;10332;Aachen Hbf;Duisburg Hbf;9;nein;Duisburg Hbf;
08.10.2026;18:23;RB52;33826;Lüdenscheid;Rummenohl;3;nein;Dahlerbrück;
08.10.2026;18:23;S6;31618;Essen Hbf;Düsseldorf Hbf;3;nein;Kettwig;
08.10.2026;18:23;SBH S1;34132;Hannover Hbf;Minden (Westf);1;nein;Minden (Westf);
08.10.2026;18:24;ERB RB65;52347;Rheine;Münster(Westf)Hbf;5;nein;Münster (Westf) Hbf;Vorfahrt eines anderen Zuges, Verspätung aus vorheriger Fahrt
08.10.2026;18:24;NWB RB84;74986;Paderborn Hbf;Holzminden;7;nein;Brakel (Kr Höxter);Vorfahrt eines anderen Zuges
08.10.2026;18:24;NWB RB85;74947;Paderborn Hbf;Göttingen;7;nein;Brakel (Kr Höxter);Vorfahrt eines anderen Zuges
08.10.2026;18:24;RE41;16239;Bochum Hbf;Haltern am See;2;nein;Recklinghausen Süd;
08.10.2026;18:25;Bus RE1;7983;Duisburg Hbf;Essen Hbf Kruppstraße/Am Thyssenhaus;;nein;Duisburg Hbf;
08.10.2026;18:25;ERB RE13;20086;Hamm(Westf)Hbf;Venlo;13;nein;Mönchengladbach Hbf;Verspätung eines vorausfahrenden Zuges, Vorfahrt eines anderen Zuges
08.10.2026;18:25;ICE 1714;1714;Frankfurt(Main)Hbf;Köln Hbf;5;nein;Köln Hbf;Defekt an der Strecke, Defekt an einer Weiche
08.10.2026;18:25;NWB RB74;75071;Bielefeld Hbf;Paderborn Hbf;11;nein;Schloß Holte;Vorfahrt eines anderen Zuges
08.10.2026;18:25;RB20;32826;Düren;Eschweiler-Weisweiler;5;nein;Langerwehe;
08.10.2026;18:25;RB40;30784;Hagen Hbf;Essen Hbf;19;teilweise;Wetter (Ruhr);Defekt an einem Signal
08.10.2026;18:25;RE9;10926;Siegen Hbf;Aachen Hbf;42;nein;Porz (Rhein);Verspätung aus vorheriger Fahrt
08.10.2026;18:25;VIA RB35;32925;Duisburg-Hochfeld Süd;Mönchengladbach Hbf;5;nein;Krefeld-Oppum;
08.10.2026;18:26;Bus RE1;7972;Essen Hbf Kruppstraße/Am Thyssenhaus;Duisburg Hbf;;nein;Mülheim (Ruhr) Hbf;
08.10.2026;18:26;ICE 241;241;Amsterdam Centraal;Berlin Südkreuz;5;nein;Rheine;
08.10.2026;18:26;RB64;14992;Münster(Westf)Hbf;Gronau(Westf);9;nein;Metelen Land;Verspätung eines vorausfahrenden Zuges
08.10.2026;18:26;RE22;10039;Köln Messe/Deutz;Kall;2;nein;Köln West;
08.10.2026;18:26;S3;30359;Hattingen(Ruhr) Mitte;Essen West;15;teilweise;Essen Hbf;Defekt an der Strecke
08.10.2026;18:27;ERB RB72;90669;Herford;Paderborn Hbf;11;nein;Altenbeken;Verspätung aus vorheriger Fahrt
08.10.2026;18:27;HLB RE99;15124;Frankfurt(Main)Hbf;Siegen Hbf;10;nein;Siegen Hbf;Außerplanmäßige Geschwindigkeitsbeschränkung
08.10.2026;18:27;ICE 653;653;Köln Hbf;Berlin Gesundbrunnen;30;nein;Bielefeld Hbf;Verspätetes Personal aus vorheriger Fahrt
08.10.2026;18:27;RRB RB31;26030;Duisburg Hbf;Moers;8;nein;Moers;
08.10.2026;18:27;S12;33238;Horrem;Hennef(Sieg);2;nein;Porz-Wahn;
08.10.2026;18:27;SBH S5;34580;Paderborn Hbf;Hannover Flughafen;1;nein;Altenbeken;
08.10.2026;18:27;TR RB26;25435;Köln Messe/Deutz;Mainz Hbf;30;teilweise;Bonn Hbf;Defekt an der Oberleitung
08.10.2026;18:28;ERB RB61;20378;Bielefeld Hbf;Hengelo;5;nein;Ibbenbüren-Laggenbeck;Verspätung eines vorausfahrenden Zuges
08.10.2026;18:28;RB53;14953;Dortmund Hbf;Iserlohn;1;nein;Dortmund Signal Iduna Park;
08.10.2026;18:28;S6;56118;Köln-Dellbrück;Köln-Worringen;5;nein;Köln-Nippes;
08.10.2026;18:28;S9;30956;Haltern am See;Wuppertal Hbf;23;nein;Essen-Überruhr;Verspätung eines vorausfahrenden Zuges, Verspätung aus vorheriger Fahrt
08.10.2026;18:29;RB38;10094;Horrem;Bedburg (Erft);2;nein;Zieverich;
08.10.2026;18:29;RB51;20278;Dortmund Hbf;Enschede;8;nein;Lüdinghausen;Warten auf einen entgegenkommenden Zug
08.10.2026;18:29;RB64;20226;Münster(Westf)Hbf;Enschede;5;nein;Nordwalde;Verspätung eines vorausfahrenden Zuges
08.10.2026;18:29;RE17;10732;Brilon Wald;Hagen Hbf;16;nein;Schwerte (Ruhr);Verspätung aus vorheriger Fahrt
08.10.2026;18:29;S12;33242;Horrem;Hennef(Sieg);1;nein;Horrem;
08.10.2026;18:29;WFB RE15;90291;Emden Hbf;Münster(Westf)Hbf;5;nein;Rheine;Witterungsbedingte Beeinträchtigungen
08.10.2026;18:30;Bus RE1;7985;Duisburg Hbf;Essen Hbf Kruppstraße/Am Thyssenhaus;;nein;Duisburg Hbf;
08.10.2026;18:30;RRB RE14;89573;Bottrop Hbf;Essen Hbf;22;nein;Essen Hbf;
08.10.2026;18:30;S19;32016;Düren;Troisdorf;9;nein;Köln Frankfurter Straße;
08.10.2026;18:30;S6;31613;Düsseldorf Hbf;Essen Hbf;1;nein;Hösel;
08.10.2026;18:31;Bus RE1;7974;Essen Hbf Kruppstraße/Am Thyssenhaus;Duisburg Hbf;;nein;Mülheim (Ruhr) Hbf;
08.10.2026;18:31;ICE 1544;1544;Hannover Hbf;Münster (Westf) Hbf;6;nein;Münster (Westf) Hbf;Verspätetes Personal aus vorheriger Fahrt
08.10.2026;18:31;RB20;30531;Alsdorf-Annapark;Langerwehe;6;nein;Aachen Hbf;Verspätung eines vorausfahrenden Zuges
08.10.2026;18:31;RB20;30581;Alsdorf-Annapark;Stolberg-Altstadt;6;nein;Aachen Hbf;Verspätung eines vorausfahrenden Zuges
08.10.2026;18:31;RB51;14635;Lünen Hbf;Dortmund Hbf;;ja;Lünen Hbf;Defekt an einem Bahnübergang
08.10.2026;18:31;RE49;30994;Essen Hbf;Wuppertal Hbf;22;nein;Velbert-Langenberg;Verspätung eines vorausfahrenden Zuges
08.10.2026;18:32;HLB RB90;61625;Siegen Hbf;Limburg(Lahn);2;nein;Eiserfeld (Sieg);Verzögerungen im Betriebsablauf
08.10.2026;18:32;HLB RB93;61890;Siegen Hbf;Aue-Wingeshausen;114;nein;Vormwald Dorf;Verspätung eines vorausfahrenden Zuges
08.10.2026;18:32;HLB RE34;28578;Kirchhundem-Welschen Ennest;Siegen Hbf;0;nein;Kirchhundem-Welschen Ennest;
08.10.2026;18:32;RB40;30783;Essen Hbf;Hagen Hbf;30;nein;Witten Hbf;Defekt an einem Signal
08.10.2026;18:32;RE47;89341;Remscheid-Lennep;Düsseldorf Hbf;1;nein;Remscheid-Lennep;
08.10.2026;18:32;S19;32021;Troisdorf;Düren;22;teilweise;Troisdorf;Verspätung eines vorausfahrenden Zuges
08.10.2026;18:32;S6;56123;Köln-Worringen;Köln-Dellbrück;2;nein;Köln-Dellbrück;
08.10.2026;18:33;ERB RB67;79308;Münster (Westf) Hbf;Bielefeld Hbf;3;nein;Gütersloh Hbf;
08.10.2026;18:33;ERB RB72;90671;Herford;Paderborn Hbf;4;nein;Herford;Verspätung eines vorausfahrenden Zuges, Verspätung aus vorheriger Fahrt
08.10.2026;18:33;RE42;10150;Münster(Westf)Hbf;Mönchengladbach Hbf;28;nein;Viersen;Verspätung aus vorheriger Fahrt
08.10.2026;18:33;S11;33127;Bergisch Gladbach;Dormagen;1;ja;Bergisch Gladbach;Defekt an der Strecke
08.10.2026;18:33;S11;33128;Düsseldorf Flughafen Terminal;Bergisch Gladbach;7;teilweise;Dormagen;Defekt an der Strecke
08.10.2026;18:33;S12;33228;Horrem;Au(Sieg);33;nein;Rosbach (Sieg);Technischer Defekt an einem anderen Zug
08.10.2026;18:33;S3;30358;Essen West;Hattingen(Ruhr) Mitte;10;teilweise;Essen West;Defekt an der Strecke
08.10.2026;18:33;VIA RB46;31473;Gelsenkirchen Hbf;Bochum Hbf;1;nein;Bochum-Hamme;
08.10.2026;18:33;VIA RE16;31324;Essen Hbf;Iserlohn;25;nein;Letmathe-Dechenhöhle;Vorfahrt eines anderen Zuges
08.10.2026;18:34;ERB RB71;89658;Bielefeld Hbf;Rahden;9;nein;Lübbecke (Westf);Außerplanmäßige Geschwindigkeitsbeschränkung, Verspätung eines vorausfahrenden Zuges
08.10.2026;18:34;HLB RB96;61830;Dillenburg;Betzdorf(Sieg);0;nein;Niederdresselndorf;
08.10.2026;18:34;NWB RB58;75271;Osnabrück Hbf;Bremen Hbf;2;nein;Halen;Vorfahrt eines anderen Zuges
08.10.2026;18:34;NWB RB75;75175;Bielefeld Hbf;Halle(Westf);9;nein;Quelle-Kupferheide;Verspätung aus vorheriger Fahrt
08.10.2026;18:34;RB20;32827;Eschweiler-Weisweiler;Düren;4;nein;Langerwehe;
08.10.2026;18:34;RE62;11513;Rheine;Löhne(Westf);1;nein;Kirchlengern;
08.10.2026;18:34;RE8;10830;Köln Messe/Deutz;Mönchengladbach Hbf;3;nein;Jüchen;
08.10.2026;18:34;RRB RB36;82354;Oberhausen Hbf;Duisburg-Ruhrort;1;nein;Duisburg-Obermeiderich;
08.10.2026;18:34;S1;31173;Solingen Hbf;Duisburg Hbf;13;nein;Duisburg-Rahm;
08.10.2026;18:34;WFB RE15;90292;Münster(Westf)Hbf;Emden Hbf;3;nein;Rheine;Verspätung eines vorausfahrenden Zuges
08.10.2026;18:35;Bus RE1;7987;Duisburg Hbf;Essen Hbf Kruppstraße/Am Thyssenhaus;;nein;Duisburg Hbf;
08.10.2026;18:35;ERB RB65;52346;Münster(Westf)Hbf;Rheine;0;nein;Münster (Westf) Hbf;
08.10.2026;18:35;HLB RB90;61622;Limburg(Lahn);Siegen Hbf;7;nein;Geilhausen;Warten auf einen entgegenkommenden Zug
08.10.2026;18:35;RB20;30526;Langerwehe;Alsdorf-Annapark;13;nein;Aachen Schanz;Verspätung eines vorausfahrenden Zuges
08.10.2026;18:35;RB20;30576;Stolberg-Altstadt;Alsdorf-Annapark;13;nein;Aachen Schanz;Verspätung eines vorausfahrenden Zuges
08.10.2026;18:35;RB38;10278;Köln Messe/Deutz;Bedburg(Erft);2;nein;Köln-Ehrenfeld;
08.10.2026;18:35;RTB RB21;90724;Jülich-Nord;Düren;3;nein;Düren;
08.10.2026;18:35;RTB RB21;90793;Untermaubach-Schlagstein;Düren;4;nein;Düren;
08.10.2026;18:35;SBH S1;34137;Minden (Westf);Hannover Hbf;0;nein;Minden (Westf);
08.10.2026;18:36;Bus RE1;7976;Essen Hbf Kruppstraße/Am Thyssenhaus;Duisburg Hbf;;nein;Mülheim (Ruhr) Hbf;
08.10.2026;18:36;ERB RE3;89894;Hamm(Westf)Hbf;Essen Hbf;8;nein;Bönen-Nordbögge;Verspätung eines vorausfahrenden Zuges
08.10.2026;18:36;ICE 624;624;München Hbf;Düsseldorf Hbf;11;nein;Düsseldorf Hbf;Verspätung aus vorheriger Fahrt
08.10.2026;18:36;RE49;30997;Wuppertal Hbf;Essen Hbf;3;nein;Essen-Kupferdreh;
08.10.2026;18:36;S1;56366;Dortmund Hbf;Essen West;2;teilweise;Essen Hbf;Defekt an der Strecke
08.10.2026;18:37;Bus RB31;62030;Moers;Xanten;3;nein;Moers;
08.10.2026;18:37;ERB RB66;90607;Osnabrück Hbf;Münster(Westf)Hbf;1;nein;Kattenvenne;
08.10.2026;18:37;ERB RE78;52286;Nienburg(Weser);Bielefeld Hbf;3;nein;Bielefeld Hbf;Verspätung eines vorausfahrenden Zuges
08.10.2026;18:37;R S28;77251;Kaarster See;Wuppertal Hbf;3;nein;Neuss Hbf;Verspätung eines vorausfahrenden Zuges
08.10.2026;18:37;RB RE22;10037;Kall;Trier Hbf;1;nein;Schmidtheim;
08.10.2026;18:37;RB32;31270;Oberhausen Hbf;Dortmund Hbf;9;nein;Essen-Dellwig;Verspätung aus vorheriger Fahrt
08.10.2026;18:37;RB33;10386;Aachen Hbf;Heinsberg(Rheinl);0;ja;Aachen Hbf;Defekt an einem Signal
08.10.2026;18:37;RB52;33827;Rummenohl;Lüdenscheid;5;nein;Schalksmühle;
08.10.2026;18:37;RE17;10733;Hagen Hbf;Brilon Wald;23;nein;Brilon Wald;Verspätetes Personal aus vorheriger Fahrt
08.10.2026;18:37;S23;32391;Rheinbach;Bonn Hbf;3;nein;Rheinbach Römerkanal;
08.10.2026;18:37;S4;30489;Unna-Königsborn;Dortmund-Lütgendortmund;1;nein;Massen;
08.10.2026;18:37;S41;5039;Aachen Hbf;Hergenrath;4;nein;Aachen Hbf;
08.10.2026;18:37;TRI RB37;89424;Neuss Hbf;Krefeld Hbf;1;nein;Neuss Hbf;
08.10.2026;18:39;NX RE1;26827;Aachen Hbf;Hamm(Westf)Hbf;32;nein;Hamm (Westf) Hbf;Vorfahrt eines anderen Zuges
08.10.2026;18:39;S1;31177;Solingen Hbf;Duisburg Hbf;1;nein;Hilden Süd;
08.10.2026;18:40;Bus RE1;7989;Duisburg Hbf;Essen Hbf Kruppstraße/Am Thyssenhaus;;nein;Duisburg Hbf;
08.10.2026;18:40;ERB RB50;89944;Dortmund Hbf;Münster(Westf)Hbf;10;nein;Dortmund-Kirchderne;Längere Haltezeit am Bahnhof, Vorfahrt eines anderen Zuges, Verspätung aus vorheriger Fahrt
08.10.2026;18:40;NWB RB75;75170;Osnabrück Hbf;Bielefeld Hbf;8;nein;Quelle;Warten auf einen entgegenkommenden Zug
08.10.2026;18:40;NX RE4;26427;Aachen Hbf;Dortmund Hbf;32;teilweise;Witten Hbf;Defekt an einem Signal, Vorfahrt eines anderen Zuges
08.10.2026;18:40;RE42;10153;Essen Hbf;Münster(Westf)Hbf;17;nein;Senden-Bösensell;Verspätung eines vorausfahrenden Zuges
08.10.2026;18:40;S5;31563;Witten Hbf;Dortmund Hbf;1;nein;Witten-Annen Nord;Defekt an einem Signal
08.10.2026;18:41;Bus RE1;7978;Essen Hbf Kruppstraße/Am Thyssenhaus;Duisburg Hbf;;nein;Mülheim (Ruhr) Hbf;
08.10.2026;18:41;NX RB48;17356;Köln Hbf;Wuppertal-Oberbarmen;7;nein;Wuppertal-Barmen;
08.10.2026;18:41;S1;31162;Duisburg Hbf;Solingen Hbf;4;nein;Düsseldorf Wehrhahn;
08.10.2026;18:42;Bus RE14;67570;Bottrop Hbf;Dorsten;1;nein;Gladbeck West;
08.10.2026;18:42;ERB RB59;90389;Dortmund Hbf;Soest;2;nein;Dortmund-Hörde;Verspätung eines vorausfahrenden Zuges
08.10.2026;18:42;RE18;18957;Eygelshoven Markt;Aachen Hbf;4;nein;Aachen Hbf;
08.10.2026;18:42;RE22;10036;Kall;Köln Messe/Deutz;7;nein;Kall;Verspätung eines vorausfahrenden Zuges
08.10.2026;18:42;VIA RB34;90523;Mönchengladbach Hbf;Dalheim;20;nein;Mönchengladbach-Rheindahlen;
08.10.2026;18:43;Bus RE14;67568;Dorsten;Coesfeld(Westf);0;nein;Dorsten;
08.10.2026;18:43;ICE 1613;1613;Köln Hbf;Frankfurt(Main)Hbf;11;nein;Siegburg/Bonn;Verspätung aus vorheriger Fahrt
08.10.2026;18:43;NX RB48;17362;Bonn-Mehlem;Wuppertal-Oberbarmen;3;teilweise;Bonn-Mehlem;Streckensperrung
08.10.2026;18:43;R S28;77272;Wuppertal Hbf;Kaarster See;5;nein;Neuss Hbf;
08.10.2026;18:43;RRB RE14;89572;Essen Hbf;Bottrop Hbf;11;nein;Bottrop Hbf;Warten auf einen entgegenkommenden Zug
08.10.2026;18:43;S1;31176;Dortmund Hbf;Essen Hbf;1;nein;Dortmund-Dorstfeld Süd;
08.10.2026;18:43;S2;31235;Dortmund Hbf;Dortmund-Mengede;2;nein;Dortmund-Westerfilde;
08.10.2026;18:44;EUR 9486;9486;Köln Hbf;Paris Nord;1;nein;Köln Hbf;
08.10.2026;18:44;IC 2006;2006;Köln Hbf;Emden Hbf;9;nein;Gelsenkirchen Hbf;
08.10.2026;18:44;IC 2041;2041;Stuttgart Hbf;Hannover Hbf;8;ja;Bonn Hbf;Defekt an der Oberleitung
08.10.2026;18:44;RB20;30031;Stolberg(Rheinl)Hbf Gl.44;Eschweiler-Weisweiler;12;nein;Herzogenrath;Verspätung eines vorausfahrenden Zuges
08.10.2026;18:44;RB20;30081;Stolberg(Rheinl)Hbf Gl.44;Stolberg-Altstadt;12;nein;Herzogenrath;Verspätung eines vorausfahrenden Zuges
08.10.2026;18:44;RB54;14860;Neuenrade;Fröndenberg;4;nein;Bösperde;
08.10.2026;18:44;S9;30959;Wuppertal Hbf;Haltern am See;5;nein;Essen West;
08.10.2026;18:44;VIA RB35;32924;Mönchengladbach Hbf;Duisburg-Hochfeld Süd;21;nein;Rheinhausen;Defekt an einem Signal
08.10.2026;18:44;VIA RB91;21439;Siegen Hbf;Welschen Ennest;2;nein;Siegen-Weidenau;
08.10.2026;18:45;Bus RE1;7991;Duisburg Hbf;Essen Hbf Kruppstraße/Am Thyssenhaus;;nein;Duisburg Hbf;
08.10.2026;18:45;NX RE5;28527;Wesel;Koblenz Hbf;13;teilweise;Brühl;
08.10.2026;18:45;RB64;20225;Enschede;Münster(Westf)Hbf;6;nein;Gronau (Westf);Verspätung eines vorausfahrenden Zuges
08.10.2026;18:46;Bus RE1;7980;Essen Hbf Kruppstraße/Am Thyssenhaus;Duisburg Hbf;;nein;Mülheim (Ruhr) Hbf;
08.10.2026;18:46;RB24;10439;Köln Messe/Deutz;Kall;14;nein;Scheven;Verspätung eines vorausfahrenden Zuges
08.10.2026;18:46;S1;31175;Solingen Hbf;Duisburg Hbf;5;nein;Düsseldorf-Unterrath;
08.10.2026;18:46;S6;56120;Köln-Dellbrück;Köln-Worringen;4;nein;Köln Hansaring;Defekt an der Strecke
08.10.2026;18:46;VIA RB39;56671;Neuss Hbf;Grevenbroich;4;nein;Kapellen-Wevelinghoven;
08.10.2026;18:46;WFB RE70;95810;Hannover Hbf;Minden (Westf);30;nein;Minden (Westf);Verzögerungen im Betriebsablauf
08.10.2026;18:47;ICE 216;216;Friedrichshafen Stadt;Dortmund Hbf;15;nein;Oberhausen Hbf;Verspätung eines vorausfahrenden Zuges
08.10.2026;18:47;NX RE11;26729;Essen Hbf;Kassel-Wilhelmshöhe;7;nein;Kamen;Polizeieinsatz
08.10.2026;18:47;RRB RE14;89575;Bottrop Hbf;Essen Hbf;15;nein;Bottrop Hbf;Warten auf einen entgegenkommenden Zug
08.10.2026;18:48;ERB RE82;79362;Bielefeld Hbf;Altenbeken;17;nein;Altenbeken;Vorfahrt eines anderen Zuges, Verspätung aus vorheriger Fahrt
08.10.2026;18:48;RRB RB31;26031;Moers;Duisburg Hbf;11;nein;Duisburg Hbf;Defekt an der Strecke
08.10.2026;18:48;S9;30954;Recklinghausen Hbf;Hagen Hbf;36;teilweise;Wuppertal-Langerfeld;Ärztliche Versorgung eines Fahrgastes, Verspätung eines vorausfahrenden Zuges
08.10.2026;18:48;VIA RE16;29991;Iserlohn;Iserlohn-Letmathe;;ja;Iserlohn;Defekt an einem Signal
08.10.2026;18:48;WFB RE70;95835;Bielefeld Hbf;Braunschweig Hbf;7;nein;Löhne (Westf);Verspätung eines vorausfahrenden Zuges
08.10.2026;18:49;Bus RB31;62028;Moers;Xanten;11;nein;Alpen;
08.10.2026;18:49;Bus RB54;54028;Bahnhof, Unna;Ardey Bahnhof, Fröndenberg;;nein;Fröndenberg-Frömern;
08.10.2026;18:49;ERB RB50;89945;Münster(Westf)Hbf;Dortmund Hbf;24;nein;Ascheberg (Westf);Defekt an der Strecke, Vorfahrt eines anderen Zuges, Verspätung aus vorheriger Fahrt
08.10.2026;18:49;RB63;14899;Coesfeld(Westf);Münster(Westf)Hbf;6;nein;Billerbeck;Verspätung eines vorausfahrenden Zuges
08.10.2026;18:49;RRB S7;90133;Wuppertal Hbf;Solingen Hbf;2;nein;Remscheid-Güldenwerth;
08.10.2026;18:50;Bus RE1;7993;Duisburg Hbf;Essen Hbf Kruppstraße/Am Thyssenhaus;;nein;Duisburg Hbf;
08.10.2026;18:50;ERB RB89;90080;Paderborn Hbf;Münster(Westf)Hbf;4;nein;Hamm (Westf) Hbf;
08.10.2026;18:50;RB25;10568;Rösrath;Gummersbach;4;nein;Ründeroth;
08.10.2026;18:50;RTB RB21;90727;Düren;Linnich Bhf;0;nein;Düren;
08.10.2026;18:50;RTB RB21;90794;Düren;Untermaubach-Schlagstein;0;nein;Düren;
08.10.2026;18:50;S12;33240;Horrem;Au(Sieg);5;nein;Spich;
08.10.2026;18:50;S5;31564;Dortmund Hbf;Hagen Hbf;42;teilweise;Witten Hbf;Defekt an einem Signal, Verspätung aus vorheriger Fahrt
08.10.2026;18:50;TR RB26;25437;Köln Messe/Deutz;Mainz Hbf;0;ja;Köln Messe/Deutz;Defekt an der Oberleitung
08.10.2026;18:50;VIA RE19;20032;Düsseldorf Hbf;Arnhem Centraal;6;nein;Oberhausen Hbf;Vorfahrt eines anderen Zuges
08.10.2026;18:50;VIA RE19;77032;Düsseldorf Hbf;Bocholt;6;nein;Oberhausen Hbf;Vorfahrt eines anderen Zuges
08.10.2026;18:51;Bus RE1;7982;Essen Hbf Kruppstraße/Am Thyssenhaus;Duisburg Hbf;;nein;Mülheim (Ruhr) Hbf;
08.10.2026;18:51;NWB RB74;75073;Bielefeld Hbf;Paderborn Hbf;9;nein;Bielefeld-Sennestadt;Vorfahrt eines anderen Zuges
08.10.2026;18:51;RB52;14678;Hagen Hbf;Dortmund Hbf;5;nein;Hagen Hbf;
08.10.2026;18:51;RB54;14859;Fröndenberg;Menden(Sauerland);3;nein;Bösperde;
08.10.2026;18:51;RE18;18960;Aachen Hbf;Eygelshoven Markt;11;nein;Aachen West;Verspätung eines vorausfahrenden Zuges
08.10.2026;18:51;RE49;56796;Wesel;Oberhausen Hbf;2;nein;Oberhausen Hbf;
08.10.2026;18:51;VIA RB46;31474;Bochum Hbf;Gelsenkirchen Hbf;1;nein;Bochum West;
08.10.2026;18:52;HLB RB96;61833;Betzdorf(Sieg);Dillenburg;1;nein;Struthütten;
08.10.2026;18:52;RE2;10227;Essen Hbf;Osnabrück Hbf;11;nein;Kattenvenne;Verspätung eines vorausfahrenden Zuges
08.10.2026;18:52;RRB RB31;26074;Duisburg Hbf;Moers;19;nein;Rumeln;Defekt an der Strecke
08.10.2026;18:52;RRB RE10;82290;Düsseldorf Hbf;Kleve;16;nein;Goch;Vorfahrt eines anderen Zuges
08.10.2026;18:52;S1;56369;Essen West;Dortmund Hbf;7;teilweise;Essen West;Defekt an der Strecke
08.10.2026;18:52;S4;30491;Unna;Dortmund-Lütgendortmund;1;nein;Massen;
08.10.2026;18:52;S6;31617;Düsseldorf Hbf;Essen Hbf;2;nein;Düsseldorf Wehrhahn;
08.10.2026;18:52;S8;31816;Wuppertal-Oberbarmen;Mönchengladbach Hbf;4;teilweise;Düsseldorf Hbf;Kurzfristiger Personalausfall
08.10.2026;18:52;WFB RE70;95834;Braunschweig Hbf;Bielefeld Hbf;7;nein;Minden (Westf);Verspätung eines vorausfahrenden Zuges
08.10.2026;18:53;RB53;14954;Schwerte(Ruhr);Dortmund Hbf;1;nein;Dortmund-Aplerbeck Süd;
08.10.2026;18:53;RRB RE10;82294;Düsseldorf Hbf;Kleve;2;nein;Meerbusch-Osterath;
08.10.2026;18:53;S1;31181;Solingen Hbf;Duisburg Hbf;;ja;Solingen Hbf;Technische Störung am Zug
08.10.2026;18:53;S11;33129;Bergisch Gladbach;Düsseldorf Flughafen Terminal;3;teilweise;Bergisch Gladbach;Defekt an der Strecke
08.10.2026;18:53;S11;33132;Düsseldorf Flughafen Terminal;Bergisch Gladbach;4;teilweise;Dormagen;Defekt an der Strecke
08.10.2026;18:53;S12;33249;Hennef (Sieg);Horrem;2;nein;Porz (Rhein);
08.10.2026;18:53;S8;31814;Hagen Hbf;Mönchengladbach Hbf;3;nein;Büttgen;
08.10.2026;18:53;VIA RB46;31475;Gelsenkirchen Hbf;Bochum Hbf;2;nein;Herne-Wanne-Eickel Hbf;
08.10.2026;18:54;ERB RB71;89659;Rahden;Bielefeld Hbf;9;nein;Hiddenhausen-Schweicheln;Verspätung eines vorausfahrenden Zuges
08.10.2026;18:54;ICE 203;203;Hamburg-Altona;Basel SBB;48;nein;Köln Hbf;Gegenstände auf der Strecke, Streckensperrung
08.10.2026;18:54;RB53;14956;Iserlohn;Dortmund Hbf;2;nein;Iserlohnerheide;
08.10.2026;18:55;Bus RE1;7995;Duisburg Hbf;Essen Hbf Kruppstraße/Am Thyssenhaus;;nein;Duisburg Hbf;
08.10.2026;18:55;ERB RB89;90082;Paderborn Hbf;Hamm(Westf)Hbf;11;nein;Scharmede;Verspätete Bereitstellung
08.10.2026;18:55;HLB RE99;15143;Siegen Hbf;Gießen;2;nein;Wilnsdorf-Rudersdorf;
08.10.2026;18:55;NX RE11;26728;Kassel-Wilhelmshöhe;Essen Hbf;12;nein;Hamm (Westf) Hbf;
08.10.2026;18:55;NX RE5;28530;Koblenz Hbf;Wesel;0;ja;Bonn-Bad Godesberg;
08.10.2026;18:55;RRB RB36;82355;Duisburg-Ruhrort;Oberhausen Hbf;2;nein;Duisburg-Obermeiderich;
08.10.2026;18:55;RRB S7;90139;Wuppertal Hbf;Solingen Hbf;1;nein;Wuppertal-Unterbarmen;
08.10.2026;18:55;VIA RB35;52269;Gelsenkirchen Hbf;Oberhausen Hbf;26;nein;Oberhausen Hbf;Verspätung aus vorheriger Fahrt
08.10.2026;18:56;Bus RE1;7984;Essen Hbf Kruppstraße/Am Thyssenhaus;Duisburg Hbf;;nein;Mülheim (Ruhr) Hbf;
08.10.2026;18:56;Bus RE14;67566;Bottrop Hbf;Borken(Westf);4;teilweise;Deuten;
08.10.2026;18:56;ERB RB59;90342;Soest;Dortmund Hbf;4;nein;Dortmund Hbf;Verspätung eines vorausfahrenden Zuges
08.10.2026;18:56;HLB RB90;61728;Betzdorf(Sieg);Siegen Hbf;7;nein;Eiserfeld (Sieg);
08.10.2026;18:56;R S28;77276;Wuppertal Hbf;Kaarster See;3;nein;Neuss Rheinparkcenter;
08.10.2026;18:56;RB33;10387;Heinsberg(Rheinl);Aachen Hbf;5;ja;Lindern;Defekt an einem Signal
08.10.2026;18:56;S3;30361;Hattingen(Ruhr) Mitte;Essen West;4;teilweise;Essen Hbf;Defekt an der Strecke
08.10.2026;18:56;S4;30494;Dortmund-Lütgendortmund;Unna;1;nein;Dortmund-Lütgendortmund;
08.10.2026;18:56;S6;56131;Köln-Worringen;Köln-Dellbrück;3;nein;Köln-Blumenberg;Defekt an der Strecke
08.10.2026;18:56;TR RB26;25434;Mainz Hbf;Köln Messe/Deutz;37;nein;Köln West;
08.10.2026;18:57;R S28;77255;Kaarster See;Mettmann Stadtwald;1;nein;Neuss Hbf;
08.10.2026;18:57;RTB RB28;90873;Düren;Euskirchen;7;nein;Euskirchen;
08.10.2026;18:57;S2;30261;Dortmund Hbf;Essen Hbf;2;nein;Gelsenkirchen-Rotthausen;
08.10.2026;18:57;VIA RB39;56629;Düsseldorf Hbf;Bedburg(Erft);1;nein;Düsseldorf-Bilk;
08.10.2026;18:58;ERB RE13;20089;Venlo;Hamm(Westf)Hbf;5;nein;Hagen Hbf;Verspätung eines vorausfahrenden Zuges
08.10.2026;18:58;FLX 20;1807;Hamburg Hbf;Köln Hbf;51;nein;Köln Hbf;Streckensperrung, Verspätung eines vorausfahrenden Zuges
08.10.2026;18:58;HLB RB90;61723;Siegen Hbf;Betzdorf(Sieg);0;ja;Siegen Hbf;Technische Störung am Zug
08.10.2026;18:58;RB53;14955;Dortmund Hbf;Schwerte(Ruhr);4;nein;Dortmund Signal Iduna Park;Verspätung eines vorausfahrenden Zuges
08.10.2026;18:58;S2;31232;Dortmund-Mengede;Dortmund Hbf;3;nein;Dortmund Hbf;
08.10.2026;18:58;S23;32392;Bonn Hbf;Euskirchen;4;nein;Bonn-Endenich Nord;
08.10.2026;18:59;ERB RB69;89990;Bielefeld Hbf;Hamm(Westf)Hbf;7;nein;Ahlen (Westf);
08.10.2026;18:59;RB77;14579;Herford;Hildesheim Hbf;4;nein;Vlotho;Verspätung eines vorausfahrenden Zuges
08.10.2026;18:59;RE42;10156;Münster(Westf)Hbf;Essen Hbf;30;nein;Herne-Wanne-Eickel Hbf;Verspätung aus vorheriger Fahrt
08.10.2026;18:59;S23;32388;Bonn Hbf;Euskirchen;20;nein;Swisttal-Odendorf;
08.10.2026;19:00;Bus EV;92924;Finnentrop;Olpe;0;nein;Finnentrop;
08.10.2026;19:00;Bus RE1;7997;Duisburg Hbf;Essen Hbf Kruppstraße/Am Thyssenhaus;;nein;Duisburg Hbf;
08.10.2026;19:00;RB77;14576;Hildesheim Hbf;Herford;3;nein;Vlotho;Verspätung eines vorausfahrenden Zuges
08.10.2026;19:00;RE57;10784;Warburg(Westf);Messinghausen;11;nein;Scherfede;Warten auf einen entgegenkommenden Zug, Verspätung aus vorheriger Fahrt
08.10.2026;19:00;S5;31566;Dortmund Hbf;Witten Hbf;0;ja;Dortmund Hbf;Defekt an einem Signal
08.10.2026;19:00;S6;31615;Düsseldorf Hbf;Essen Hbf;6;nein;Essen-Werden;
08.10.2026;19:00;VIA RB91;31360;Hagen Hbf;Lennestadt-Altenhundem;3;teilweise;Iserlohn-Letmathe;
08.10.2026;19:01;Bus EV;92939;Olpe;Finnentrop;0;nein;Olpe;
08.10.2026;19:01;Bus RE1;7986;Essen Hbf Kruppstraße/Am Thyssenhaus;Duisburg Hbf;;nein;Mülheim (Ruhr) Hbf;
08.10.2026;19:01;HLB RB93;61892;Siegen Hbf;Aue-Wingeshausen;2;nein;Siegen-Weidenau;
08.10.2026;19:01;RE42;10154;Münster(Westf)Hbf;Mönchengladbach Hbf;11;nein;Duisburg Hbf;Verspätung eines vorausfahrenden Zuges
08.10.2026;19:01;VIA RE16;31331;Iserlohn;Essen Hbf;11;nein;Witten Hbf;
08.10.2026;19:02;HLB RB93;61889;Aue-Wingeshausen;Siegen Hbf;6;nein;Siegen Hbf;
08.10.2026;19:02;RE2;10230;Osnabrück Hbf;Essen Hbf;3;nein;Lengerich (Westf);
08.10.2026;19:02;RE42;10155;Mönchengladbach Hbf;Münster(Westf)Hbf;6;nein;Buldern;
08.10.2026;19:02;RRB RE14;89576;Essen Hbf;Bottrop Hbf;6;nein;Essen West;
08.10.2026;19:02;S19;52805;Troisdorf;Sindorf;5;nein;Sindorf;
08.10.2026;19:02;SBH S5;34571;Hannover Flughafen;Paderborn Hbf;6;nein;Lügde;Vorfahrt eines anderen Zuges
08.10.2026;19:03;RB54;14862;Menden(Sauerland);Fröndenberg;2;nein;Bösperde;
08.10.2026;19:03;RE42;10157;Essen Hbf;Münster(Westf)Hbf;9;nein;Recklinghausen Süd;Verspätung eines vorausfahrenden Zuges
08.10.2026;19:03;S1;31167;Essen Hbf;Dortmund Hbf;2;nein;Bochum-Langendreer West;
08.10.2026;19:03;S3;30360;Essen West;Hattingen(Ruhr) Mitte;6;teilweise;Essen West;Defekt an der Strecke
08.10.2026;19:04;NX RE4;26452;Düsseldorf Hbf;Aachen Hbf;5;nein;Aachen Schanz;
08.10.2026;19:04;RB27;10626;Köln Messe/Deutz;Mönchengladbach Hbf;4;nein;Hochneukirch;
08.10.2026;19:04;RRB RB36;82356;Oberhausen Hbf;Duisburg-Ruhrort;3;nein;Duisburg-Obermeiderich;
08.10.2026;19:04;RTB RB21;90754;Linnich Bhf;Düren;0;nein;Düren;
08.10.2026;19:05;Bus RE1;7999;Duisburg Hbf;Essen Hbf Kruppstraße/Am Thyssenhaus;;nein;Duisburg Hbf;
08.10.2026;19:05;ICE 1015;1015;Dortmund Hbf;München Hbf;39;nein;Düsseldorf Hbf;Defekt an der Oberleitung
08.10.2026;19:05;NWB RB84;74985;Holzminden;Paderborn Hbf;10;nein;Paderborn Hbf;Vorfahrt eines anderen Zuges
08.10.2026;19:05;NWB RB85;74938;Göttingen;Paderborn Hbf;10;nein;Paderborn Hbf;Vorfahrt eines anderen Zuges
08.10.2026;19:05;RE2;10228;Osnabrück Hbf;Essen Hbf;17;nein;Herne-Wanne-Eickel Hbf;Verspätung eines vorausfahrenden Zuges
08.10.2026;19:05;RTB RB21;90823;Heimbach (Eifel);Düren;0;nein;Düren;
08.10.2026;19:05;TRI RB37;89427;Krefeld Hbf;Neuss Hbf;4;nein;Krefeld Hbf;
08.10.2026;19:05;VIA RE16;29986;Iserlohn-Letmathe;Iserlohn;;ja;Iserlohn-Letmathe;Defekt an einem Signal
08.10.2026;19:06;Bus RE1;7988;Essen Hbf Kruppstraße/Am Thyssenhaus;Duisburg Hbf;;nein;Mülheim (Ruhr) Hbf;
08.10.2026;19:06;NWB RB74;75074;Paderborn Hbf;Bielefeld Hbf;9;nein;Hövelhof;Vorfahrt eines anderen Zuges
08.10.2026;19:06;S1;56368;Dortmund Hbf;Essen West;10;teilweise;Essen Hbf;Defekt an der Strecke
08.10.2026;19:06;S8;31817;Mönchengladbach Hbf;Wuppertal-Oberbarmen;3;nein;Düsseldorf-Friedrichstadt;
08.10.2026;19:07;R S28;77249;Kaarster See;Wuppertal Hbf;4;nein;Wuppertal-Vohwinkel;
08.10.2026;19:07;RB25;10571;Gummersbach;Rösrath;4;nein;Ründeroth;
08.10.2026;19:07;RB40;30785;Essen Hbf;Hagen Hbf;12;nein;Essen Hbf;Verspätung aus vorheriger Fahrt
08.10.2026;19:07;RB54;14864;Neuenrade;Fröndenberg;1;nein;Neuenrade-Küntrop;
08.10.2026;19:07;RRB S7;90126;Solingen Hbf;Wuppertal Hbf;2;nein;Wuppertal Hbf;Vorfahrt eines anderen Zuges
08.10.2026;19:08;Bus RB54;54031;Ardey Bahnhof, Fröndenberg;Bahnhof, Unna;;nein;Fröndenberg-Frömern;
08.10.2026;19:08;ERB RB59;90345;Dortmund Hbf;Soest;5;nein;Dortmund Signal Iduna Park;Verspätung aus vorheriger Fahrt
08.10.2026;19:08;NX RE7;17433;Rheine;Krefeld Hbf;17;teilweise;Rheine;Verspätung eines vorausfahrenden Zuges
08.10.2026;19:08;RB24;10442;Kall;Köln Messe/Deutz;0;nein;Kall;
08.10.2026;19:08;RB52;14679;Dortmund Hbf;Hagen Hbf;4;nein;Hagen Hbf;
08.10.2026;19:08;RB63;14898;Münster(Westf)Hbf;Coesfeld(Westf);5;nein;Billerbeck;Verspätung eines vorausfahrenden Zuges
08.10.2026;19:08;RRB RE10;82303;Kleve;Düsseldorf Hbf;2;nein;Goch;
08.10.2026;19:08;RRB RE44;26666;Bottrop Hbf;Moers;26;nein;Moers;Verspätung aus vorheriger Fahrt
08.10.2026;19:08;S6;31622;Essen Hbf;Düsseldorf Hbf;1;nein;Düsseldorf Wehrhahn;
08.10.2026;19:08;S6;56124;Köln-Dellbrück;Köln-Worringen;2;nein;Köln-Nippes;
08.10.2026;19:08;S8;31820;Wuppertal-Oberbarmen;Mönchengladbach Hbf;5;nein;Düsseldorf-Flingern;
08.10.2026;19:08;VIA RB39;56670;Grevenbroich;Neuss Hbf;2;nein;Kapellen-Wevelinghoven;
08.10.2026;19:09;Bus RB31;62035;Xanten;Moers;0;nein;Xanten;
08.10.2026;19:09;ERB RE3;89891;Essen Hbf;Hamm(Westf)Hbf;5;nein;Dortmund-Kurl;
08.10.2026;19:09;RE42;10159;Mönchengladbach Hbf;Münster(Westf)Hbf;25;nein;Oberhausen Hbf;Verspätung eines vorausfahrenden Zuges
08.10.2026;19:09;RE9;10930;Siegen Hbf;Aachen Hbf;80;ja;Siegen Hbf;Technische Störung am Zug
08.10.2026;19:09;VIA RB35;52264;Oberhausen Hbf;Gelsenkirchen Hbf;25;nein;Essen-Bergeborbeck;Verspätung aus vorheriger Fahrt
08.10.2026;19:10;Bus RE1;8001;Duisburg Hbf;Essen Hbf Kruppstraße/Am Thyssenhaus;;nein;Duisburg Hbf;
08.10.2026;19:10;ERB RE13;20093;Venlo;Hagen Hbf;2;nein;Kaldenkirchen;Verspätung eines vorausfahrenden Zuges
08.10.2026;19:10;RE57;10770;Bestwig;Dortmund Hbf;4;nein;Dortmund-Hörde;Verspätung eines vorausfahrenden Zuges
08.10.2026;19:10;RTB RB28;90872;Euskirchen;Düren;6;nein;Düren;
08.10.2026;19:10;S19;32020;Düren;Troisdorf;13;nein;Köln Frankfurter Straße;
08.10.2026;19:10;S2;30262;Essen Hbf;Dortmund Hbf;10;nein;Herne-Wanne-Eickel Hbf;Verspätung eines vorausfahrenden Zuges
08.10.2026;19:10;S5;31565;Hagen Hbf;Dortmund Hbf;29;nein;Witten-Annen Nord;
08.10.2026;19:10;S6;31621;Düsseldorf Hbf;Essen Hbf;3;nein;Düsseldorf Hbf;
08.10.2026;19:10;S6;56126;Köln-Dellbrück;Köln-Worringen;1;nein;Köln-Holweide;Defekt an der Strecke
08.10.2026;19:11;Bus RE1;7990;Essen Hbf Kruppstraße/Am Thyssenhaus;Duisburg Hbf;;nein;Mülheim (Ruhr) Hbf;
08.10.2026;19:12;ERB RB61;20382;Bielefeld Hbf;Hengelo;9;teilweise;Bielefeld Hbf;Verspätung eines vorausfahrenden Zuges
08.10.2026;19:12;NX RE6;89730;Minden(Westf);Köln/Bonn Flughafen;38;nein;Düsseldorf Hbf;Vorfahrt eines anderen Zuges
08.10.2026;19:12;RE18;18959;Eygelshoven Markt;Aachen Hbf;5;nein;Aachen Hbf;Verspätung eines vorausfahrenden Zuges
08.10.2026;19:12;RE49;56797;Oberhausen Hbf;Wesel;1;nein;Oberhausen-Sterkrade;
08.10.2026;19:12;S6;56127;Köln-Worringen;Köln-Dellbrück;2;nein;Köln-Dellbrück;
08.10.2026;19:13;HLB RE99;15148;Gießen;Siegen Hbf;20;nein;Siegen Hbf;
08.10.2026;19:13;ICE 546;546;Berlin Hbf;Köln Hbf;51;nein;Düsseldorf Hbf;Defekt an der Oberleitung, Defekt an einem Bahnübergang, Verspätung eines vorausfahrenden Zuges
08.10.2026;19:13;RB38;10097;Bedburg (Erft);Horrem;0;nein;Bedburg (Erft);
08.10.2026;19:13;RE42;10160;Münster(Westf)Hbf;Essen Hbf;5;nein;Münster-Albachten;Defekt an einer Weiche
08.10.2026;19:13;S11;33131;Bergisch Gladbach;Düsseldorf Flughafen Terminal;3;teilweise;Bergisch Gladbach;
08.10.2026;19:13;S11;33134;Düsseldorf Flughafen Terminal;Bergisch Gladbach;13;teilweise;Dormagen;Defekt an der Strecke
08.10.2026;19:13;S23;32394;Bonn Hbf;Euskirchen;1;nein;Bonn-Endenich Nord;
08.10.2026;19:14;ERB RB65;52351;Rheine;Münster(Westf)Hbf;3;nein;Münster-Sprakel;
08.10.2026;19:14;ERB RB66;90608;Münster(Westf)Hbf;Osnabrück Hbf;3;nein;Ostbevern;Verspätung eines vorausfahrenden Zuges
08.10.2026;19:14;ERB RB67;79315;Bielefeld Hbf;Münster(Westf)Hbf;5;nein;Bielefeld-Brackwede;Verspätung eines vorausfahrenden Zuges
08.10.2026;19:14;RB32;31271;Dortmund Hbf;Oberhausen Hbf;8;nein;Essen-Dellwig;
08.10.2026;19:14;S23;32390;Bonn Hbf;Bad Münstereifel;9;nein;Swisttal-Odendorf;
08.10.2026;19:14;VIA RB35;32927;Duisburg-Hochfeld Süd;Mönchengladbach Hbf;23;nein;Rheinhausen;Defekt an einem Signal, Verspätung aus vorheriger Fahrt
08.10.2026;19:14;VIA RB91;31373;Lennestadt-Altenhundem;Hagen Hbf;8;teilweise;Lennestadt-Altenhundem;
08.10.2026;19:15;Bus RE1;8003;Duisburg Hbf;Essen Hbf Kruppstraße/Am Thyssenhaus;;nein;Duisburg Hbf;
08.10.2026;19:15;ERB RB73;90251;Bielefeld Hbf;Lemgo-Lüttfeld;3;nein;Bielefeld Hbf;Vorfahrt eines anderen Zuges, Verspätung aus vorheriger Fahrt
08.10.2026;19:15;ICE 556;556;Berlin Hbf;Köln Hbf;52;nein;Köln Hbf;Verspätetes Personal aus vorheriger Fahrt, Verfügbarkeit der Gleise derzeit eingeschränkt
08.10.2026;19:15;WFB RE15;90294;Münster(Westf)Hbf;Emden Hbf;4;nein;Greven;Verspätung eines vorausfahrenden Zuges
08.10.2026;19:16;Bus RE1;7992;Essen Hbf Kruppstraße/Am Thyssenhaus;Duisburg Hbf;;nein;Mülheim (Ruhr) Hbf;
08.10.2026;19:16;ICE 1037;1037;Rostock Hbf;Köln Hbf;63;nein;Köln Hbf;Defekt an der Oberleitung, Vorfahrt eines anderen Zuges
08.10.2026;19:16;VIA RB91;21440;Kirchhundem-Welschen Ennest;Siegen Hbf;1;nein;Kreuztal-Eichen;
08.10.2026;19:17;HLB RB93;61891;Aue-Wingeshausen;Siegen Hbf;3;nein;Vormwald;
08.10.2026;19:18;HLB RE34;28581;Siegen Hbf;Kirchhundem-Welschen Ennest;6;nein;Kreuztal;
08.10.2026;19:18;RRB S7;90130;Solingen Hbf;Wuppertal Hbf;3;nein;Wuppertal-Oberbarmen;Verspätung eines vorausfahrenden Zuges
08.10.2026;19:18;RRB S7;90135;Wuppertal Hbf;Solingen Hbf;4;nein;Solingen Mitte;Vorfahrt eines anderen Zuges
08.10.2026;19:18;RRB S7;90141;Wuppertal Hbf;Solingen Hbf;4;nein;Wuppertal-Barmen;Warten auf einen entgegenkommenden Zug
08.10.2026;19:18;VIA RB39;56628;Bedburg (Erft);Düsseldorf Hbf;1;nein;Frimmersdorf;
08.10.2026;19:19;Bus EV;93890;Aue-Wingeshausen;Bad Berleburg;0;nein;Aue-Wingeshausen;
08.10.2026;19:19;RB20;30030;Eschweiler-Weisweiler;Stolberg(Rheinl)Hbf Gl.44;8;nein;Herzogenrath;
08.10.2026;19:19;RB20;30080;Stolberg-Altstadt;Stolberg(Rheinl)Hbf Gl.44;8;nein;Herzogenrath;Verspätung eines vorausfahrenden Zuges
08.10.2026;19:19;S19;32018;Düren;Blankenberg(Sieg);6;nein;Hennef Im Siegbogen;
08.10.2026;19:20;Bus RE1;8005;Duisburg Hbf;Essen Hbf Kruppstraße/Am Thyssenhaus;;nein;Duisburg Hbf;
08.10.2026;19:20;ERB RE13;20090;Hamm(Westf)Hbf;Venlo;5;nein;Wuppertal-Barmen;Verspätung eines vorausfahrenden Zuges
08.10.2026;19:20;NWB RB74;75076;Paderborn Hbf;Bielefeld Hbf;8;nein;Paderborn Nord;Verspätung eines vorausfahrenden Zuges, Vorfahrt eines anderen Zuges
08.10.2026;19:20;NWB RB75;75176;Osnabrück Hbf;Bielefeld Hbf;8;nein;Halle (Westf.) OWL-Arena;Vorfahrt eines anderen Zuges
08.10.2026;19:20;RB63;14734;Münster(W)Zentrum Nord;Coesfeld(Westf);6;nein;Münster-Roxel;Verspätung eines vorausfahrenden Zuges
08.10.2026;19:20;RE2;10229;Essen Hbf;Osnabrück Hbf;9;nein;Dülmen;Verspätung eines vorausfahrenden Zuges
08.10.2026;19:20;RTB RB21;90824;Düren;Heimbach (Eifel);0;nein;Düren;
08.10.2026;19:20;RTB RB28;90875;Düren;Euskirchen;2;nein;Düren;
08.10.2026;19:20;S19;32025;Blankenberg (Sieg);Sindorf;2;nein;Köln Hbf;
08.10.2026;19:20;S4;30492;Dortmund-Lütgendortmund;Unna;2;nein;Unna West;
08.10.2026;19:20;S8;31821;Mönchengladbach Hbf;Wuppertal-Oberbarmen;17;nein;Wuppertal-Steinbeck;Verspätung aus vorheriger Fahrt
08.10.2026;19:21;Bus RE1;7994;Essen Hbf Kruppstraße/Am Thyssenhaus;Duisburg Hbf;;nein;Mülheim (Ruhr) Hbf;
08.10.2026;19:21;Bus RE14;67576;Bottrop Hbf;Dorsten;0;nein;Bottrop Hbf;
08.10.2026;19:21;Bus RE14;67601;Dorsten;Bottrop Hbf;4;nein;Gladbeck West;
08.10.2026;19:21;ERB RB59;90390;Soest;Dortmund Hbf;4;nein;Dortmund Signal Iduna Park;Verspätung eines vorausfahrenden Zuges
08.10.2026;19:21;ERB RB61;20379;Hengelo;Bielefeld Hbf;6;nein;Hiddenhausen-Schweicheln;Verspätung eines vorausfahrenden Zuges
08.10.2026;19:21;RB38;10096;Horrem;Bedburg (Erft);2;nein;Quadrath-Ichendorf;
08.10.2026;19:21;RE22;10041;Köln Messe/Deutz;Kall;1;nein;Köln Hbf;
08.10.2026;19:21;RTB RB21;90757;Düren;Linnich Bhf;0;nein;Düren;
08.10.2026;19:21;S9;30961;Hagen Hbf;Recklinghausen Hbf;9;nein;Essen-Gerschede;
08.10.2026;19:21;VIA RB34;90524;Dalheim;Mönchengladbach Hbf;22;nein;Rheydt Hbf;Verspätung aus vorheriger Fahrt
08.10.2026;19:22;NWB RB58;75266;Bremen Hbf;Osnabrück Hbf;6;nein;Halen;Warten auf einen entgegenkommenden Zug, Vorfahrt eines anderen Zuges
08.10.2026;19:22;NWB RB75;75174;Halle (Westf);Bielefeld Hbf;5;nein;Bielefeld Hbf;Vorfahrt eines anderen Zuges
08.10.2026;19:22;RE47;89332;Düsseldorf Hbf;Remscheid-Lennep;5;nein;Remscheid Hbf;
08.10.2026;19:22;RRB RE10;82292;Düsseldorf Hbf;Kleve;15;nein;Goch;Warten auf einen entgegenkommenden Zug
08.10.2026;19:22;RRB RE44;26669;Moers;Bottrop Hbf;39;nein;Bottrop-Vonderort;Defekt an einem Signal
08.10.2026;19:22;S1;56371;Essen West;Dortmund Hbf;1;teilweise;Essen West;Defekt an der Strecke
08.10.2026;19:22;S23;32395;Euskirchen;Bonn Hbf;8;nein;Rheinbach Römerkanal;
08.10.2026;19:22;S41;5018;Hergenrath;Aachen Hbf;3;nein;Aachen Hbf;
08.10.2026;19:22;S8;31824;Wuppertal-Oberbarmen;Mönchengladbach Hbf;4;nein;Wuppertal-Oberbarmen;
08.10.2026;19:22;TR RB26;25436;Mainz Hbf;Köln Messe/Deutz;5;ja;Bonn-Mehlem;
08.10.2026;19:23;Bus EV;93893;Bad Berleburg;Aue-Wingeshausen;0;nein;Bad Berleburg;
08.10.2026;19:23;R S28;77280;Mettmann Stadtwald;Kaarster See;7;nein;Neuss Hbf;Verspätung eines vorausfahrenden Zuges
08.10.2026;19:23;RB33;10337;Duisburg Hbf;Aachen Hbf;5;nein;Aachen Schanz;Verspätung eines vorausfahrenden Zuges
08.10.2026;19:23;RB52;33828;Lüdenscheid;Rummenohl;2;nein;Dahlerbrück;Verspätung aus vorheriger Fahrt
08.10.2026;19:23;RE62;11514;Löhne(Westf);Rheine;2;nein;Kirchlengern;Verspätung eines vorausfahrenden Zuges
08.10.2026;19:23;SBH S1;34134;Hannover Hbf;Minden (Westf);6;nein;Minden (Westf);Vorfahrt eines anderen Zuges
08.10.2026;19:24;ERB RE78;52287;Bielefeld Hbf;Minden(Westf);1;nein;Bielefeld Hbf;
08.10.2026;19:24;NX RE4;26430;Dortmund Hbf;Aachen Hbf;39;nein;Düsseldorf-Bilk;Defekt an einem Signal, Verspätung aus vorheriger Fahrt
08.10.2026;19:24;RE41;16241;Bochum Hbf;Haltern am See;1;nein;Recklinghausen Süd;
08.10.2026;19:24;S6;31624;Essen Hbf;Düsseldorf Hbf;3;nein;Düsseldorf-Derendorf;
08.10.2026;19:25;Bus RE1;8007;Duisburg Hbf;Essen Hbf Kruppstraße/Am Thyssenhaus;;nein;Duisburg Hbf;
08.10.2026;19:25;ICE 516;516;München Hbf;Hamburg-Altona;23;nein;Dortmund Hbf;
08.10.2026;19:25;ICE 645;645;Düsseldorf Hbf;Hannover Hbf;6;nein;Gelsenkirchen Hbf;
08.10.2026;19:25;NWB RB74;75077;Bielefeld Hbf;Paderborn Hbf;9;nein;Schloß Holte;Vorfahrt eines anderen Zuges
08.10.2026;19:25;RB20;32828;Düren;Eschweiler-Weisweiler;1;nein;Langerwehe;
08.10.2026;19:25;RB40;30786;Hagen Hbf;Essen Hbf;9;teilweise;Wetter (Ruhr);Defekt an einem Signal
08.10.2026;19:25;RRB RB36;82357;Duisburg-Ruhrort;Oberhausen Hbf;3;nein;Duisburg-Obermeiderich;
08.10.2026;19:26;Bus RE1;7996;Essen Hbf Kruppstraße/Am Thyssenhaus;Duisburg Hbf;;nein;Mülheim (Ruhr) Hbf;
08.10.2026;19:26;NX RB48;17360;Köln Hbf;Wuppertal-Oberbarmen;4;nein;Haan-Gruiten;
08.10.2026;19:26;S1;31166;Duisburg Hbf;Solingen Hbf;16;nein;Solingen Hbf;Verspätung eines vorausfahrenden Zuges
08.10.2026;19:26;S3;30363;Hattingen(Ruhr) Mitte;Essen West;8;teilweise;Essen Hbf;Defekt an der Strecke
08.10.2026;19:27;ERB RB72;90676;Paderborn Hbf;Herford;7;nein;Herford;Verspätung eines vorausfahrenden Zuges
08.10.2026;19:27;RB54;14861;Fröndenberg;Neuenrade;2;nein;Binolen;
08.10.2026;19:27;RRB RB31;26032;Duisburg Hbf;Moers;15;nein;Moers;
08.10.2026;19:27;SBH S5;34584;Paderborn Hbf;Hannover Hbf;2;nein;Altenbeken;
08.10.2026;19:28;ERB RB69;89991;Hamm(Westf)Hbf;Bielefeld Hbf;9;nein;Bielefeld-Brackwede;Verspätung eines vorausfahrenden Zuges
08.10.2026;19:28;HLB RB90;61627;Siegen Hbf;Limburg(Lahn);6;nein;Siegen Hbf;Verspätung eines vorausfahrenden Zuges
08.10.2026;19:28;NWB RB75;75177;Bielefeld Hbf;Osnabrück Hbf;7;nein;Halle (Westf.) OWL-Arena;Defekt an der Strecke
08.10.2026;19:28;RB53;14957;Dortmund Hbf;Iserlohn;3;nein;Dortmund Signal Iduna Park;
08.10.2026;19:28;RRB S7;90132;Solingen Hbf;Wuppertal Hbf;7;nein;Wuppertal-Ronsdorf;
08.10.2026;19:28;S2;31234;Dortmund-Mengede;Dortmund Hbf;2;nein;Dortmund Hbf;
08.10.2026;19:29;ERB RB59;90344;Soest;Dortmund Hbf;1;nein;Unna;
08.10.2026;19:29;ERB RB65;52348;Münster(Westf)Hbf;Rheine;3;nein;Reckenfeld;
08.10.2026;19:29;ERB RB71;89661;Rahden;Bielefeld Hbf;7;nein;Bad Holzhausen;Verspätung eines vorausfahrenden Zuges, Vorfahrt eines anderen Zuges
08.10.2026;19:29;RB43;14780;Dorsten;Dortmund Hbf;4;nein;Gelsenkirchen Zoo;Verspätung eines vorausfahrenden Zuges
08.10.2026;19:29;RB51;20280;Dortmund Hbf;Enschede;3;nein;Lüdinghausen;
08.10.2026;19:29;RE8;10833;Mönchengladbach Hbf;Köln Messe/Deutz;4;nein;Grevenbroich;
08.10.2026;19:30;Bus RE1;8009;Duisburg Hbf;Essen Hbf Kruppstraße/Am Thyssenhaus;;nein;Duisburg Hbf;
08.10.2026;19:30;NX RE6;89729;Köln/Bonn Flughafen;Minden(Westf);38;nein;Minden (Westf);Verspätung eines vorausfahrenden Zuges, Verspätete Bereitstellung
08.10.2026;19:30;RB27;10628;Köln Messe/Deutz;Mönchengladbach Hbf;4;nein;Köln-Ehrenfeld;
08.10.2026;19:30;RE18;18962;Aachen Hbf;Eygelshoven Markt;7;nein;Herzogenrath;Verspätung eines vorausfahrenden Zuges
08.10.2026;19:30;RRB RB31;26073;Moers;Duisburg Hbf;16;nein;Duisburg Hbf;Defekt an einem Signal
08.10.2026;19:30;RRB RE10;82296;Düsseldorf Hbf;Kleve;30;nein;Krefeld-Oppum;Warten auf einen entgegenkommenden Zug
08.10.2026;19:30;RRB RE14;89579;Bottrop Hbf;Essen Hbf;14;nein;Essen Hbf;Vorfahrt eines anderen Zuges
08.10.2026;19:30;S12;33248;Horrem;Hennef(Sieg);11;nein;Spich;
08.10.2026;19:31;Bus RE1;7998;Essen Hbf Kruppstraße/Am Thyssenhaus;Duisburg Hbf;;nein;Mülheim (Ruhr) Hbf;
08.10.2026;19:31;ERB RE82;79364;Bielefeld Hbf;Altenbeken;6;nein;Horn-Bad Meinberg;Vorfahrt eines anderen Zuges, Verspätung aus vorheriger Fahrt
08.10.2026;19:31;ERB RE82;79367;Altenbeken;Bielefeld Hbf;5;nein;Horn-Bad Meinberg;Verspätung eines vorausfahrenden Zuges
08.10.2026;19:31;RB20;30533;Alsdorf-Annapark;Langerwehe;16;nein;Aachen Hbf;Verspätung eines vorausfahrenden Zuges
08.10.2026;19:31;RB20;30583;Alsdorf-Annapark;Stolberg-Altstadt;16;nein;Aachen Hbf;Verspätung eines vorausfahrenden Zuges
08.10.2026;19:32;HLB RE34;28580;Kirchhundem-Welschen Ennest;Siegen Hbf;10;nein;Kirchhundem-Welschen Ennest;
08.10.2026;19:32;ICE 129;129;Amsterdam Centraal;Frankfurt(Main)Hbf;48;nein;Siegburg/Bonn;Gegenstände auf der Strecke
08.10.2026;19:32;RTB RB28;90874;Euskirchen;Düren;1;nein;Euskirchen;
08.10.2026;19:32;S12;33251;Au (Sieg);Horrem;21;teilweise;Köln Hansaring;Technischer Defekt an einem anderen Zug
08.10.2026;19:32;S4;30493;Unna;Dortmund-Lütgendortmund;3;nein;Dortmund-Brackel;
08.10.2026;19:32;S6;31623;Düsseldorf Hbf;Essen Hbf;5;nein;Düsseldorf Wehrhahn;
08.10.2026;19:32;S8;31822;Hagen Hbf;Mönchengladbach Hbf;7;nein;Düsseldorf Hbf;
08.10.2026;19:33;ERB RB67;79310;Münster (Westf) Hbf;Bielefeld Hbf;3;nein;Gütersloh Hbf;Verspätung eines vorausfahrenden Zuges
08.10.2026;19:33;ICE 1512;1512;Frankfurt(Main)Hbf;Köln Hbf;3;nein;Köln Hbf;
08.10.2026;19:33;ICE 224;224;München Hbf;Amsterdam Centraal;25;nein;Oberhausen Hbf;Gegenstände auf der Strecke, Verspätung eines vorausfahrenden Zuges, Technischer Defekt an einem anderen Zug
08.10.2026;19:33;ICE 554;554;Berlin Hbf;Köln Hbf;55;ja;Bielefeld Hbf;Technische Störung am Zug, Verspätete Bereitstellung
08.10.2026;19:33;S11;33135;Bergisch Gladbach;Dormagen;;ja;Bergisch Gladbach;Defekt an der Strecke
08.10.2026;19:33;S11;33136;Düsseldorf Flughafen Terminal;Bergisch Gladbach;3;teilweise;Dormagen;Defekt an der Strecke
08.10.2026;19:33;S12;33255;Hennef (Sieg);Horrem;9;nein;Porz (Rhein);
08.10.2026;19:33;S12;33261;Au (Sieg);Köln-Müngersdorf Technologiepark;4;nein;Herchen;
08.10.2026;19:33;S3;30362;Essen West;Hattingen(Ruhr) Mitte;8;teilweise;Essen West;Defekt an der Strecke
08.10.2026;19:33;S9;30964;Haltern am See;Wuppertal Hbf;;ja;Haltern am See;Kurzfristiger Personalausfall
08.10.2026;19:33;VIA RB46;31477;Gelsenkirchen Hbf;Bochum Hbf;3;nein;Bochum-Hamme;
08.10.2026;19:33;VIA RE16;31326;Essen Hbf;Iserlohn;45;nein;Letmathe-Dechenhöhle;Verspätung aus vorheriger Fahrt
08.10.2026;19:33;VIA RE19;20033;Arnhem Centraal;Düsseldorf Hbf;24;nein;Düsseldorf Hbf;Verspätung aus vorheriger Fahrt
08.10.2026;19:33;VIA RE19;77033;Bocholt;Düsseldorf Hbf;24;nein;Düsseldorf Hbf;Warten auf einen entgegenkommenden Zug
08.10.2026;19:34;ERB RB71;89660;Bielefeld Hbf;Rahden;8;nein;Lübbecke (Westf);Verspätung eines vorausfahrenden Zuges
08.10.2026;19:34;ERB RB89;90032;Paderborn Hbf;Münster(Westf)Hbf;7;nein;Drensteinfurt;Verspätung eines vorausfahrenden Zuges
08.10.2026;19:34;ERB RB89;90033;Münster(Westf)Hbf;Paderborn Hbf;9;nein;Scharmede;Verspätung eines vorausfahrenden Zuges, Vorfahrt eines anderen Zuges
08.10.2026;19:34;NWB RB58;75273;Osnabrück Hbf;Bremen Hbf;34;nein;Halen;Vorfahrt eines anderen Zuges, Verspätung aus vorheriger Fahrt
08.10.2026;19:34;NWB RB85;74949;Paderborn Hbf;Göttingen;5;nein;Höxter-Ottbergen;Vorfahrt eines anderen Zuges
08.10.2026;19:34;NX RE4;26429;Aachen Hbf;Dortmund Hbf;9;nein;Wetter (Ruhr);Verspätung eines vorausfahrenden Zuges
08.10.2026;19:34;RB20;32829;Eschweiler-Weisweiler;Düren;6;nein;Langerwehe;Verspätung eines vorausfahrenden Zuges
08.10.2026;19:34;RB38;10277;Bedburg (Erft);Köln Messe/Deutz;3;nein;Köln Messe/Deutz;
08.10.2026;19:34;RE8;10832;Köln Messe/Deutz;Mönchengladbach Hbf;3;nein;Jüchen;
08.10.2026;19:34;RE9;10928;Siegen Hbf;Aachen Hbf;34;nein;Köln Messe/Deutz;Verspätung eines vorausfahrenden Zuges, Verspätung aus vorheriger Fahrt
08.10.2026;19:34;RRB RB36;82358;Oberhausen Hbf;Duisburg-Ruhrort;3;nein;Duisburg-Obermeiderich;
08.10.2026;19:35;Bus RE1;8011;Duisburg Hbf;Essen Hbf Kruppstraße/Am Thyssenhaus;;nein;Duisburg Hbf;
08.10.2026;19:35;HLB RB90;61624;Limburg(Lahn);Siegen Hbf;3;nein;Geilhausen;
08.10.2026;19:35;RB20;30528;Langerwehe;Alsdorf-Annapark;4;nein;Aachen Schanz;
08.10.2026;19:35;RB20;30578;Stolberg-Altstadt;Alsdorf-Annapark;4;nein;Aachen Schanz;
08.10.2026;19:35;RTB RB21;90795;Untermaubach-Schlagstein;Düren;2;nein;Düren;
08.10.2026;19:35;S5;31568;Dortmund Hbf;Hagen Hbf;25;nein;Dortmund-Barop;
08.10.2026;19:35;SBH S1;34139;Minden (Westf);Hannover Hbf;0;nein;Minden (Westf);
08.10.2026;19:36;Bus RE1;8000;Essen Hbf Kruppstraße/Am Thyssenhaus;Duisburg Hbf;;nein;Mülheim (Ruhr) Hbf;
08.10.2026;19:36;ERB RE3;89896;Hamm(Westf)Hbf;Essen Hbf;1;nein;Bönen-Nordbögge;
08.10.2026;19:36;ICE 140;140;Berlin Südkreuz;Amsterdam Centraal;70;nein;Rheine;Verspätete Bereitstellung
08.10.2026;19:36;NWB RB84;74988;Paderborn Hbf;Kreiensen;5;nein;Höxter-Ottbergen;Vorfahrt eines anderen Zuges
08.10.2026;19:36;R S28;77282;Wuppertal Hbf;Kaarster See;8;nein;Neuss Rheinparkcenter;Verspätung eines vorausfahrenden Zuges
08.10.2026;19:36;RB77;14581;Herford;Hildesheim Hbf;2;nein;Herford;
08.10.2026;19:36;S1;56370;Dortmund Hbf;Essen West;5;teilweise;Essen Hbf;Defekt an der Strecke
08.10.2026;19:36;S5;31567;Witten Hbf;Dortmund Hbf;;ja;Witten Hbf;Defekt an einem Signal
08.10.2026;19:37;ERB RB66;90609;Osnabrück Hbf;Münster(Westf)Hbf;1;nein;Kattenvenne;
08.10.2026;19:37;RB RE22;10039;Kall;Trier Hbf;7;nein;Schmidtheim;Verspätung eines vorausfahrenden Zuges, Zusätzlicher Halt
08.10.2026;19:37;RB25;10573;Lüdenscheid;Köln Hansaring;3;nein;Ründeroth;
08.10.2026;19:37;RB32;31272;Oberhausen Hbf;Dortmund Hbf;11;nein;Essen-Dellwig;
08.10.2026;19:37;RB33;10388;Aachen Hbf;Heinsberg(Rheinl);2;ja;Aachen Hbf;Defekt an einem Signal
08.10.2026;19:37;RB52;33829;Rummenohl;Lüdenscheid;3;nein;Schalksmühle;
08.10.2026;19:37;RB64;20228;Münster(Westf)Hbf;Enschede;5;nein;Steinfurt-Grottenkamp;Verspätung eines vorausfahrenden Zuges
08.10.2026;19:37;RRB RE14;89578;Essen Hbf;Bottrop Hbf;2;nein;Essen-Borbeck;
08.10.2026;19:37;S41;5040;Aachen Hbf;Hergenrath;3;nein;Aachen Hbf;
08.10.2026;19:38;ERB RB59;90391;Dortmund Hbf;Soest;1;nein;Dortmund Signal Iduna Park;
08.10.2026;19:38;ICE 945;945;Düsseldorf Hbf;Berlin Hbf;25;nein;Bielefeld Hbf;Verspätung eines vorausfahrenden Zuges
08.10.2026;19:38;ICE 955;955;Köln Hbf;Berlin Hbf;25;nein;Bielefeld Hbf;Verspätung eines vorausfahrenden Zuges
08.10.2026;19:38;RE18;18961;Eygelshoven Markt;Aachen Hbf;5;nein;Aachen West;Verspätung eines vorausfahrenden Zuges
08.10.2026;19:38;S6;56135;Köln-Worringen;Köln-Dellbrück;1;nein;Köln-Chorweiler Nord;Defekt an der Strecke
08.10.2026;19:39;NX RE1;26829;Aachen Hbf;Hamm(Westf)Hbf;22;nein;Hamm (Westf) Hbf;
08.10.2026;19:39;RB43;14779;Dortmund Hbf;Dorsten;9;nein;Gladbeck Ost;Defekt an einem Bahnübergang
08.10.2026;19:39;S1;31183;Solingen Hbf;Duisburg Hbf;10;nein;Düsseldorf Wehrhahn;
08.10.2026;19:39;S23;32397;Bad Münstereifel;Bonn Hbf;2;nein;Euskirchen-Kuchenheim;
08.10.2026;19:40;Bus RE1;8013;Duisburg Hbf;Essen Hbf Kruppstraße/Am Thyssenhaus;;nein;Duisburg Hbf;
08.10.2026;19:40;ERB RB50;89946;Dortmund Hbf;Münster(Westf)Hbf;17;nein;Dortmund-Kirchderne;Defekt an der Strecke, Verspätung aus vorheriger Fahrt
08.10.2026;19:40;S1;31170;Duisburg Hbf;Solingen Hbf;23;nein;Hilden Süd;Verspätung eines vorausfahrenden Zuges
08.10.2026;19:41;Bus RE1;8002;Essen Hbf Kruppstraße/Am Thyssenhaus;Duisburg Hbf;;nein;Mülheim (Ruhr) Hbf;
08.10.2026;19:41;RB27;10635;Mönchengladbach Hbf;Köln Messe/Deutz;3;nein;Köln Messe/Deutz;
08.10.2026;19:41;RB64;14994;Münster(Westf)Hbf;Gronau(Westf);5;nein;Gronau (Westf);Verspätung eines vorausfahrenden Zuges
08.10.2026;19:41;RE12;4185;Köln Messe/Deutz;Gerolstein;4;nein;Euskirchen;
08.10.2026;19:41;S8;31819;Mönchengladbach Hbf;Hagen Hbf;3;nein;Hagen-Wehringhausen;
08.10.2026;19:41;VIA RB39;56673;Neuss Hbf;Grevenbroich;1;nein;Holzheim (b Neuss);
08.10.2026;19:41;VIA RB46;31476;Bochum Hbf;Gelsenkirchen Hbf;4;nein;Gelsenkirchen Hbf;
08.10.2026;19:42;ERB RB69;89993;Hamm(Westf)Hbf;Bielefeld Hbf;3;nein;Hamm-Heessen;Verspätung eines vorausfahrenden Zuges
08.10.2026;19:42;RE34;26090;Hagen Hbf;Lennestadt-Altenhundem;;ja;Hagen Hbf;Bauarbeiten
08.10.2026;19:42;S1;31174;Duisburg Hbf;Solingen Hbf;5;nein;Düsseldorf Flughafen;
08.10.2026;19:42;S4;30496;Dortmund-Lütgendortmund;Unna;3;nein;Dortmund-Dorstfeld;
08.10.2026;19:42;VIA RB34;90525;Mönchengladbach Hbf;Dalheim;23;nein;Mönchengladbach-Rheindahlen;
08.10.2026;19:43;ICE 10;10;Frankfurt(Main)Hbf;Bruxelles Midi;8;nein;Köln Hbf;
08.10.2026;19:43;NX RE7;17430;Krefeld Hbf;Münster(Westf)Hbf;6;nein;Solingen Hbf;
08.10.2026;19:43;RB38;10279;Bedburg (Erft);Köln Messe/Deutz;1;nein;Bedburg (Erft);
08.10.2026;19:43;S12;33259;Hennef (Sieg);Horrem;2;nein;Troisdorf;
08.10.2026;19:43;S6;31630;Essen Hbf;Düsseldorf Hbf;2;nein;Kettwig;
08.10.2026;19:44;ICE 26;26;Nürnberg Hbf;Dortmund Hbf;0;ja;Bonn Hbf;Defekt an der Oberleitung
08.10.2026;19:44;S2;30265;Dortmund Hbf;Essen Hbf;5;nein;Herne;
08.10.2026;19:44;VIA RB35;32926;Mönchengladbach Hbf;Duisburg-Hochfeld Süd;10;nein;Rheinhausen;Defekt an einem Signal
08.10.2026;19:45;Bus RE1;8015;Duisburg Hbf;Essen Hbf Kruppstraße/Am Thyssenhaus;;nein;Duisburg Hbf;
08.10.2026;19:45;ERB RB73;90252;Lemgo-Lüttfeld;Bielefeld Hbf;3;nein;Bielefeld Hbf;Defekt an der Strecke
08.10.2026;19:45;NX RE4;26454;Düsseldorf Hbf;Aachen Hbf;10;nein;Übach-Palenberg;Verspätung eines vorausfahrenden Zuges
08.10.2026;19:46;Bus RE1;8004;Essen Hbf Kruppstraße/Am Thyssenhaus;Duisburg Hbf;;nein;Mülheim (Ruhr) Hbf;
08.10.2026;19:46;Bus S28;2197;Düsseldorf Hbf;Mettmann Stadtwald;15;nein;Düsseldorf Hbf;
08.10.2026;19:46;HLB RB93;61893;Aue-Wingeshausen;Siegen Hbf;40;nein;Aue-Wingeshausen;Verspätung eines vorausfahrenden Zuges
08.10.2026;19:46;RB24;10443;Köln Messe/Deutz;Kall;5;nein;Scheven;Verspätung eines vorausfahrenden Zuges
08.10.2026;19:46;RB24;10445;Köln Messe/Deutz;Kall;8;nein;Köln Hbf;Verspätung eines vorausfahrenden Zuges
08.10.2026;19:46;RRB RB31;26033;Moers;Duisburg Hbf;10;nein;Duisburg Hbf;Defekt an einem Signal, Warten auf einen entgegenkommenden Zug
08.10.2026;19:46;S6;31626;Essen Hbf;Düsseldorf Hbf;3;nein;Düsseldorf Zoo;
08.10.2026;19:46;VIA RB46;31479;Gelsenkirchen Hbf;Bochum Hbf;1;nein;Gelsenkirchen Hbf;
08.10.2026;19:47;ERB RB65;52350;Münster(Westf)Hbf;Rheine;5;nein;Greven;Verspätung eines vorausfahrenden Zuges
08.10.2026;19:47;HLB RB95;28695;Siegen Hbf;Dillenburg;17;nein;Wilnsdorf-Rudersdorf;Verspätete Bereitstellung
08.10.2026;19:47;ICE 118;118;Graz Hbf;Münster(Westf)Hbf;12;nein;Oberhausen Hbf;Gegenstände auf der Strecke, Verspätung eines vorausfahrenden Zuges, Defekt an einer Weiche
08.10.2026;19:47;R S28;77259;Kaarster See;Düsseldorf-Gerresheim;1;nein;Neuss Hbf;
08.10.2026;19:47;RE41;16240;Haltern am See;Bochum Hbf;6;nein;Bochum Hbf;
08.10.2026;19:47;RE49;30999;Wuppertal Hbf;Essen Hbf;14;nein;Essen Hbf;Verspätung aus vorheriger Fahrt
08.10.2026;19:47;RE57;10772;Winterberg(Westf);Dortmund Hbf;8;nein;Wickede (Ruhr);Warten auf einen entgegenkommenden Zug
08.10.2026;19:47;S19;32024;Düren;Troisdorf;6;nein;Troisdorf;
08.10.2026;19:48;IC 2043;2043;Köln Hbf;Magdeburg Hbf;38;nein;Minden (Westf);Verspätetes Personal aus vorheriger Fahrt
08.10.2026;19:48;NWB RB74;75079;Bielefeld Hbf;Paderborn Hbf;2;nein;Bielefeld-Brackwede;
08.10.2026;19:48;R S28;77286;Wuppertal Hbf;Kaarster See;2;nein;Düsseldorf-Gerresheim;
08.10.2026;19:48;R S28;91626;Wuppertal Hbf;Mettmann Stadtwald;2;nein;Wuppertal Zoologischer Garten;Verspätung eines vorausfahrenden Zuges
08.10.2026;19:48;S6;56128;Köln-Dellbrück;Köln-Worringen;2;nein;Köln-Nippes;
08.10.2026;19:48;VIA RE16;29993;Iserlohn;Iserlohn-Letmathe;;nein;Iserlohn;
08.10.2026;19:49;Bus RB54;54030;Bahnhof, Unna;Ardey Bahnhof, Fröndenberg;;nein;Fröndenberg-Frömern;
08.10.2026;19:49;RB27;10637;Mönchengladbach Hbf;Köln Messe/Deutz;3;nein;Rheydt-Odenkirchen;
08.10.2026;19:49;RB54;14863;Fröndenberg;Menden(Sauerland);2;nein;Fröndenberg;
08.10.2026;19:49;RE47;89343;Remscheid-Lennep;Düsseldorf Hbf;3;nein;Solingen Mitte;
08.10.2026;19:49;VIA RB46;31478;Bochum Hbf;Gelsenkirchen Hbf;5;nein;Bochum Hbf;Vorfahrt eines anderen Zuges
08.10.2026;19:50;Bus RE1;8017;Duisburg Hbf;Essen Hbf Kruppstraße/Am Thyssenhaus;;nein;Duisburg Hbf;
08.10.2026;19:50;ICE 846;846;Berlin Hbf;Mönchengladbach Hbf;41;nein;Duisburg Hbf;Defekt an einem Bahnübergang, Verspätung eines vorausfahrenden Zuges
08.10.2026;19:50;RB20;30032;Eschweiler-Weisweiler;Stolberg(Rheinl)Hbf Gl.44;1;nein;Stolberg (Rheinl) Hbf;
08.10.2026;19:50;RB20;30082;Stolberg-Altstadt;Stolberg(Rheinl)Hbf Gl.44;1;nein;Stolberg (Rheinl) Hbf;
08.10.2026;19:50;RB25;10572;Rösrath;Gummersbach;4;nein;Ründeroth;
08.10.2026;19:50;RB32;31273;Dortmund Hbf;Oberhausen Hbf;3;nein;Herne;
08.10.2026;19:50;RB51;20279;Enschede;Dortmund Hbf;5;nein;Rosendahl-Holtwick;Verspätung eines vorausfahrenden Zuges
08.10.2026;19:50;RRB RB36;82359;Duisburg-Ruhrort;Oberhausen Hbf;1;nein;Duisburg-Meiderich Süd;
08.10.2026;19:50;S12;33252;Horrem;Au(Sieg);7;nein;Spich;
08.10.2026;19:50;S6;56133;Köln-Worringen;Köln-Dellbrück;3;nein;Köln-Holweide;
08.10.2026;19:50;TRI RB37;89426;Neuss Hbf;Krefeld Hbf;21;nein;Krefeld-Oppum;
08.10.2026;19:51;Bus RE1;8006;Essen Hbf Kruppstraße/Am Thyssenhaus;Duisburg Hbf;;nein;Mülheim (Ruhr) Hbf;
08.10.2026;19:51;RB94;23176;Marburg(Lahn);Erndtebrück;2;nein;Erndtebrück;
08.10.2026;19:51;RE9;10927;Aachen Hbf;Siegen Hbf;18;nein;Siegen Hbf;Verspätung eines vorausfahrenden Zuges
08.10.2026;19:51;S5;31569;Hagen Hbf;Dortmund Hbf;1;teilweise;Hagen Hbf;Defekt an einem Signal
08.10.2026;19:51;S9;30963;Wuppertal Hbf;Haltern am See;6;nein;Essen-Gerschede;
08.10.2026;19:52;HLB RB96;61835;Betzdorf(Sieg);Neunkirchen(Kr Siegen);0;nein;Struthütten;
08.10.2026;19:52;RB63;14733;Coesfeld(Westf);Münster(W)Zentrum Nord;6;nein;Münster (Westf) Hbf;Verspätung eines vorausfahrenden Zuges
08.10.2026;19:52;RE49;30996;Essen Hbf;Wuppertal Hbf;13;nein;Wuppertal Hbf;
08.10.2026;19:52;RRB RB31;26076;Duisburg Hbf;Moers;12;nein;Rumeln;Defekt an einem Signal
08.10.2026;19:52;S1;56373;Essen West;Dortmund Hbf;3;teilweise;Essen West;Defekt an der Strecke
08.10.2026;19:52;S4;30495;Unna;Dortmund-Lütgendortmund;2;nein;Massen;
08.10.2026;19:52;VIA RB35;52271;Gelsenkirchen Hbf;Oberhausen Hbf;13;nein;Essen-Dellwig;Verspätung aus vorheriger Fahrt
08.10.2026;19:53;ICE 1021;1021;Hamburg-Altona;Nürnberg Hbf;40;teilweise;Köln Hbf;Defekt an der Oberleitung, Verspätung eines vorausfahrenden Zuges
08.10.2026;19:53;RB25;10570;Köln Hansaring;Lüdenscheid;7;nein;Meinerzhagen;
08.10.2026;19:53;S11;33137;Bergisch Gladbach;Neuss Hbf;3;teilweise;Bergisch Gladbach;Defekt an der Strecke
08.10.2026;19:53;S11;33140;Düsseldorf Flughafen Terminal;Bergisch Gladbach;8;teilweise;Dormagen;Defekt an der Strecke
08.10.2026;19:53;S19;52807;Troisdorf;Düren;4;nein;Köln-Weiden West;
08.10.2026;19:54;HLB RB90;61730;Betzdorf(Sieg);Siegen Hbf;0;ja;Niederschelden Nord Hp;Technische Störung am Zug
08.10.2026;19:54;HLB RE99;15117;Siegen Hbf;Frankfurt(Main)Hbf;5;nein;Siegen Hbf;
08.10.2026;19:54;ICE 615;615;Hamburg-Altona;München Hbf;47;nein;Köln Hbf;Verspätetes Personal aus vorheriger Fahrt
08.10.2026;19:54;NX RE1;26828;Hamm(Westf)Hbf;Aachen Hbf;69;teilweise;Eschweiler Hbf;Verspätung eines vorausfahrenden Zuges
08.10.2026;19:54;RB53;14960;Iserlohn;Dortmund Hbf;1;nein;Iserlohnerheide;
08.10.2026;19:54;RE10;28197;Kleve;Düsseldorf Hbf;2;nein;Düsseldorf Hbf;
08.10.2026;19:54;S19;32028;Düren;Troisdorf;6;teilweise;Köln-Ehrenfeld;Technische Störung am Zug
08.10.2026;19:55;Bus RE1;8019;Duisburg Hbf;Essen Hbf Kruppstraße/Am Thyssenhaus;;nein;Duisburg Hbf;
08.10.2026;19:55;ERB RB89;90083;Münster(Westf)Hbf;Paderborn Hbf;5;nein;Geseke;
08.10.2026;19:55;NX RB48;17364;Köln Hbf;Wuppertal-Oberbarmen;1;nein;Köln Messe/Deutz;
08.10.2026;19:55;NX RE5;28532;Koblenz Hbf;Wesel;30;ja;Bonn-Bad Godesberg;Vorfahrt eines anderen Zuges
08.10.2026;19:55;RB64;20227;Enschede;Münster(Westf)Hbf;3;nein;Ochtrup;
08.10.2026;19:55;S19;32029;Troisdorf;Düren;20;nein;Köln Messe/Deutz;
08.10.2026;19:55;S6;56132;Köln-Dellbrück;Köln-Worringen;4;nein;Köln-Mülheim;Defekt an der Strecke
08.10.2026;19:55;VIA RE19;77034;Düsseldorf Hbf;Bocholt;14;nein;Oberhausen-Sterkrade;Vorfahrt eines anderen Zuges
08.10.2026;19:56;Bus RB31;62032;Moers;Xanten;2;nein;Rheinberg (Rheinl);
08.10.2026;19:56;Bus RE1;8008;Essen Hbf Kruppstraße/Am Thyssenhaus;Duisburg Hbf;;nein;Mülheim (Ruhr) Hbf;
08.10.2026;19:56;Bus RE14;67572;Bottrop Hbf;Borken(Westf);0;teilweise;Deuten;
08.10.2026;19:56;NX RB48;17363;Wuppertal-Oberbarmen;Bonn-Mehlem;28;teilweise;Bornheim-Sechtem;Defekt an der Strecke
08.10.2026;19:56;RB33;10389;Heinsberg(Rheinl);Aachen Hbf;2;ja;Lindern;Defekt an einem Signal
08.10.2026;19:56;S3;30365;Hattingen(Ruhr) Mitte;Essen West;11;teilweise;Essen Hbf;Defekt an der Strecke
08.10.2026;19:56;WFB RE15;90293;Emden Hbf;Münster(Westf)Hbf;5;nein;Münster (Westf) Hbf;Verspätung eines vorausfahrenden Zuges
08.10.2026;19:57;R S28;77263;Kaarster See;Düsseldorf-Gerresheim;4;nein;Neuss Hbf;
08.10.2026;19:57;VIA RB39;56631;Düsseldorf Hbf;Bedburg(Erft);2;nein;Düsseldorf-Bilk;
08.10.2026;19:58;ICE 821;821;Düsseldorf Hbf;München Hbf;14;nein;Siegburg/Bonn;Gegenstände auf der Strecke
08.10.2026;19:58;RB20;30033;Stolberg(Rheinl)Hbf Gl.44;Eschweiler-Weisweiler;1;nein;Aachen Schanz;
08.10.2026;19:58;RB20;30083;Stolberg(Rheinl)Hbf Gl.44;Stolberg-Altstadt;1;nein;Aachen Schanz;
08.10.2026;19:58;RB53;14959;Dortmund Hbf;Schwerte(Ruhr);5;nein;Dortmund Signal Iduna Park;Verspätung eines vorausfahrenden Zuges
08.10.2026;19:58;S4;30498;Dortmund-Lütgendortmund;Unna;1;nein;Dortmund-Somborn;
08.10.2026;19:59;ICE 2215;2215;Westerland(Sylt);Düsseldorf Hbf;16;nein;Recklinghausen Hbf;Verspätetes Personal aus vorheriger Fahrt
08.10.2026;19:59;RB25;10579;Lüdenscheid;Köln Hansaring;6;nein;Kierspe;
08.10.2026;19:59;RE12;4184;Gerolstein;Köln Messe/Deutz;1;nein;Köln Messe/Deutz;
08.10.2026;20:00;Bus EV;92926;Finnentrop;Olpe;0;nein;Finnentrop;
08.10.2026;20:00;Bus RE1;8021;Duisburg Hbf;Essen Hbf Kruppstraße/Am Thyssenhaus;;nein;Duisburg Hbf;
08.10.2026;20:00;RRB RE10;82298;Düsseldorf Hbf;Kleve;16;nein;Krefeld-Oppum;Vorfahrt eines anderen Zuges
08.10.2026;20:00;S6;31625;Düsseldorf Hbf;Essen Hbf;1;nein;Düsseldorf Hbf;
08.10.2026;20:00;S9;30958;Recklinghausen Hbf;Hagen Hbf;26;nein;Gevelsberg-Kipp;
08.10.2026;20:01;Bus EV;92941;Olpe;Finnentrop;0;nein;Olpe;
08.10.2026;20:01;Bus RE1;8010;Essen Hbf Kruppstraße/Am Thyssenhaus;Duisburg Hbf;;nein;Mülheim (Ruhr) Hbf;
08.10.2026;20:01;ERB RB72;90678;Paderborn Hbf;Herford;5;nein;Detmold;Verspätung eines vorausfahrenden Zuges
08.10.2026;20:01;RB51;20282;Dortmund Hbf;Enschede;4;nein;Dortmund-Derne;
08.10.2026;20:01;RRB RE14;89601;Bottrop Hbf;Essen Hbf;6;nein;Essen Hbf;Vorfahrt eines anderen Zuges
08.10.2026;20:01;S9;30966;Recklinghausen Hbf;Hagen Hbf;5;nein;Recklinghausen Hbf;
08.10.2026;20:01;VIA RE16;31333;Iserlohn;Essen Hbf;8;nein;Witten Hbf;
08.10.2026;20:02;ERB RB72;90673;Herford;Paderborn Hbf;6;nein;Detmold;Verspätung eines vorausfahrenden Zuges, Verspätung aus vorheriger Fahrt
08.10.2026;20:02;ERB RE78;52288;Nienburg(Weser);Bielefeld Hbf;1;nein;Minden (Westf);
08.10.2026;20:02;NX RB48;17365;Wuppertal-Oberbarmen;Köln Hbf;9;nein;Köln Messe/Deutz;Vorfahrt eines anderen Zuges
08.10.2026;20:02;NX RE1;26830;Hamm(Westf)Hbf;Aachen Hbf;40;nein;Köln-Mülheim;Vorfahrt eines anderen Zuges
08.10.2026;20:02;RB38;10280;Köln Messe/Deutz;Bedburg(Erft);4;nein;Paffendorf;
08.10.2026;20:02;RB94;23181;Erndtebrück;Marburg(Lahn);0;nein;Erndtebrück;
08.10.2026;20:02;RRB RE14;89600;Essen Hbf;Bottrop Hbf;2;nein;Essen West;
08.10.2026;20:02;S8;31827;Mönchengladbach Hbf;Wuppertal-Oberbarmen;4;nein;Düsseldorf-Flingern;
08.10.2026;20:03;HLB RB96;61832;Neunkirchen(Kr Siegen);Betzdorf(Sieg);0;nein;Neunkirchen (Kr Siegen);
08.10.2026;20:03;RB54;14866;Menden(Sauerland);Fröndenberg;3;nein;Bösperde;Verspätung eines vorausfahrenden Zuges
08.10.2026;20:03;RE22;10038;Euskirchen;Köln Messe/Deutz;;nein;Euskirchen;
08.10.2026;20:03;S1;31185;Solingen Hbf;Duisburg Hbf;11;nein;Düsseldorf Volksgarten;
08.10.2026;20:03;S3;30364;Essen West;Hattingen(Ruhr) Mitte;13;teilweise;Essen West;Defekt an der Strecke
08.10.2026;20:03;VIA RB91;21441;Siegen Hbf;Welschen Ennest;2;nein;Kirchhundem-Welschen Ennest;
08.10.2026;20:03;WFB RE60;95787;Rheine;Braunschweig Hbf;4;nein;Porta Westfalica;Verspätung eines vorausfahrenden Zuges
08.10.2026;20:04;RRB RB36;82360;Oberhausen Hbf;Duisburg-Ruhrort;2;nein;Duisburg-Obermeiderich;
08.10.2026;20:04;RRB S7;90138;Solingen Hbf;Wuppertal Hbf;4;nein;Remscheid-Lüttringhausen;Warten auf einen entgegenkommenden Zug
08.10.2026;20:04;RTB RB21;90756;Linnich Bhf;Düren;3;nein;Düren;
08.10.2026;20:05;Bus RE1;8023;Duisburg Hbf;Essen Hbf Kruppstraße/Am Thyssenhaus;;nein;Duisburg Hbf;
08.10.2026;20:05;ERB RB50;89947;Münster(Westf)Hbf;Dortmund Hbf;7;nein;Werne a d Lippe;Verspätung eines vorausfahrenden Zuges, Vorfahrt eines anderen Zuges, Verspätung aus vorheriger Fahrt
08.10.2026;20:05;HLB RE99;15118;Frankfurt(Main)Hbf;Siegen Hbf;6;nein;Siegen Hbf;
08.10.2026;20:05;NWB RB84;74989;Kreiensen;Paderborn Hbf;15;nein;Paderborn Hbf;Vorfahrt eines anderen Zuges
08.10.2026;20:05;NWB RB85;74942;Göttingen;Paderborn Hbf;15;nein;Paderborn Hbf;Vorfahrt eines anderen Zuges
08.10.2026;20:05;RTB RB21;90825;Heimbach (Eifel);Düren;0;nein;Düren;
08.10.2026;20:05;VIA RE16;29988;Iserlohn-Letmathe;Iserlohn;;ja;Iserlohn-Letmathe;Defekt an einem Signal
08.10.2026;20:06;Bus RE1;8012;Essen Hbf Kruppstraße/Am Thyssenhaus;Duisburg Hbf;;nein;Mülheim (Ruhr) Hbf;
08.10.2026;20:06;RB53;14958;Schwerte(Ruhr);Dortmund Hbf;4;nein;Dortmund Hbf;Verspätung eines vorausfahrenden Zuges
08.10.2026;20:06;S1;56372;Dortmund Hbf;Essen West;5;teilweise;Essen Hbf;Defekt an der Strecke
08.10.2026;20:06;S9;30960;Haltern am See;Wuppertal Hbf;31;nein;Wuppertal-Steinbeck;
08.10.2026;20:07;Bus RE14;67574;Dorsten;Coesfeld(Westf);5;nein;Lembeck;
08.10.2026;20:07;Bus RE14;67587;Borken (Westf);Bottrop Hbf;4;teilweise;Deuten;
08.10.2026;20:07;Bus RE78;7927;Minden (Westf);Nienburg(Weser);;nein;Minden (Westf);
08.10.2026;20:07;NX RE11;26731;Essen Hbf;Kassel-Wilhelmshöhe;7;nein;Hamm (Westf) Hbf;
08.10.2026;20:07;NX RE4;26433;Aachen Hbf;Dortmund Hbf;11;nein;Rheydt Hbf;Verspätung eines vorausfahrenden Zuges, Vorfahrt eines anderen Zuges
08.10.2026;20:07;R S28;77257;Kaarster See;Wuppertal Hbf;6;nein;Wuppertal-Vohwinkel;Verspätung eines vorausfahrenden Zuges
08.10.2026;20:07;RB64;20230;Münster(Westf)Hbf;Enschede;3;nein;Münster (Westf) Hbf;
08.10.2026;20:07;RE57;10786;Warburg(Westf);Messinghausen;5;nein;Marsberg Westheim (Westf.);Verspätung eines vorausfahrenden Zuges
08.10.2026;20:08;Bus RB54;54033;Ardey Bahnhof, Fröndenberg;Bahnhof, Unna;;nein;Fröndenberg-Frömern;
08.10.2026;20:08;ERB RB59;90347;Dortmund Hbf;Soest;1;nein;Dortmund Signal Iduna Park;
08.10.2026;20:08;ERB RB89;90034;Paderborn Hbf;Münster(Westf)Hbf;16;nein;Hamm-Westtünnen;Defekt an einem Signal, Verspätung eines vorausfahrenden Zuges, Vorfahrt eines anderen Zuges
08.10.2026;20:08;HLB RE34;28583;Siegen Hbf;Kirchhundem-Welschen Ennest;0;nein;Siegen Hbf;
08.10.2026;20:08;RB52;14681;Dortmund Hbf;Hagen Hbf;3;nein;Hagen Hbf;Verspätete Bereitstellung
08.10.2026;20:08;RRB RE44;26668;Bottrop Hbf;Moers;36;nein;Moers;Defekt an einem Signal
08.10.2026;20:08;RRB S7;90134;Solingen Hbf;Wuppertal Hbf;6;nein;Wuppertal Hbf;Warten auf einen entgegenkommenden Zug
08.10.2026;20:08;VIA RB91;21442;Kirchhundem-Welschen Ennest;Siegen Hbf;2;nein;Kirchhundem-Welschen Ennest;
08.10.2026;20:08;WFB RE60;95784;Braunschweig Hbf;Rheine;1;nein;Löhne (Westf);
08.10.2026;20:09;Bus RB31;62037;Xanten;Moers;3;nein;Xanten;
08.10.2026;20:09;Bus S28;2188;Mettmann Stadtwald;Düsseldorf Hbf;3;nein;Düsseldorf-Flingern;
08.10.2026;20:09;ERB RB69;89992;Bielefeld Hbf;Hamm(Westf)Hbf;13;nein;Ahlen (Westf);Defekt an der Strecke, Verspätung eines vorausfahrenden Zuges
08.10.2026;20:09;S12;33262;Horrem;Au(Sieg);25;teilweise;Horrem;Technischer Defekt an einem anderen Zug
08.10.2026;20:09;TRI RB37;89429;Krefeld Hbf;Neuss Hbf;37;nein;Krefeld-Oppum;
08.10.2026;20:09;VIA RB39;56672;Grevenbroich;Neuss Hbf;2;nein;Kapellen-Wevelinghoven;
08.10.2026;20:10;Bus RE1;8025;Duisburg Hbf;Essen Hbf Kruppstraße/Am Thyssenhaus;;nein;Duisburg Hbf;
08.10.2026;20:10;ERB RB66;90610;Münster(Westf)Hbf;Osnabrück Hbf;1;nein;Westbevern;
08.10.2026;20:10;ICE 622;622;München Hbf;Dortmund Hbf;27;nein;Gelsenkirchen Hbf;Verspätetes Personal aus vorheriger Fahrt
08.10.2026;20:10;RB33;10339;Duisburg Hbf;Aachen Hbf;20;teilweise;Herzogenrath;Verspätung eines vorausfahrenden Zuges
08.10.2026;20:10;S2;30266;Essen Hbf;Dortmund Hbf;8;nein;Herne-Wanne-Eickel Hbf;Verspätung eines vorausfahrenden Zuges
08.10.2026;20:11;Bus RE1;8014;Essen Hbf Kruppstraße/Am Thyssenhaus;Duisburg Hbf;;nein;Mülheim (Ruhr) Hbf;
08.10.2026;20:11;RB52;14680;Hagen Hbf;Dortmund Hbf;6;nein;Dortmund-Kirchhörde;Verspätung eines vorausfahrenden Zuges
08.10.2026;20:11;RE10;22514;Düsseldorf Hbf;Kleve;6;nein;Düsseldorf-Bilk;
08.10.2026;20:11;S5;31570;Dortmund Hbf;Witten Hbf;9;nein;Witten-Annen Nord;
08.10.2026;20:11;VIA RB35;32929;Duisburg-Hochfeld Süd;Mönchengladbach Hbf;11;nein;Rheinhausen Ost;Vorfahrt eines anderen Zuges
08.10.2026;20:12;ICE 856;856;Berlin Hbf;Köln Hbf;38;nein;Köln Hbf;Defekt an einem Bahnübergang, Verspätung eines vorausfahrenden Zuges
08.10.2026;20:12;S8;31825;Mönchengladbach Hbf;Hagen Hbf;5;nein;Wuppertal-Oberbarmen;
08.10.2026;20:13;R S28;91663;Wuppertal Hbf;Mettmann Stadtwald;1;nein;Wuppertal Hbf;
08.10.2026;20:13;S11;33139;Bergisch Gladbach;Neuss Hbf;;ja;Bergisch Gladbach;Defekt an der Strecke
08.10.2026;20:13;S11;33142;Düsseldorf Flughafen Terminal;Bergisch Gladbach;8;teilweise;Dormagen;Defekt an der Strecke
08.10.2026;20:13;S23;32398;Bonn Hbf;Euskirchen;1;nein;Bonn-Endenich Nord;
08.10.2026;20:14;ERB RB65;52353;Rheine;Münster(Westf)Hbf;1;nein;Münster-Sprakel;
08.10.2026;20:14;IC 2207;2207;Emden Außenhafen;Köln Hbf;30;nein;Köln Hbf;Verspätung eines vorausfahrenden Zuges
08.10.2026;20:14;S23;32396;Bonn Hbf;Bad Münstereifel;7;nein;Swisttal-Odendorf;
08.10.2026;20:14;VIA RB91;31375;Lennestadt-Altenhundem;Hagen Hbf;3;teilweise;Lennestadt-Altenhundem;
08.10.2026;20:15;Bus RE1;8027;Duisburg Hbf;Essen Hbf Kruppstraße/Am Thyssenhaus;;nein;Duisburg Hbf;
08.10.2026;20:15;ERB RB73;90253;Bielefeld Hbf;Lemgo-Lüttfeld;3;nein;Bielefeld Hbf;Verspätung aus vorheriger Fahrt
08.10.2026;20:15;RB25;10577;Gummersbach;Rösrath;4;nein;Engelskirchen;
08.10.2026;20:15;RB52;33830;Lüdenscheid;Rummenohl;1;nein;Lüdenscheid Brügge (Westf);
08.10.2026;20:15;RB77;14578;Hildesheim Hbf;Herford;24;teilweise;Löhne (Westf);Ärztliche Versorgung eines Fahrgastes
08.10.2026;20:15;RRB S7;90147;Wuppertal Hbf;Solingen Hbf;6;nein;Wuppertal-Unterbarmen;Warten auf einen entgegenkommenden Zug
08.10.2026;20:16;Bus RE1;8016;Essen Hbf Kruppstraße/Am Thyssenhaus;Duisburg Hbf;;nein;Mülheim (Ruhr) Hbf;
08.10.2026;20:16;ERB RB59;90346;Soest;Dortmund Hbf;3;nein;Werl;Verspätung eines vorausfahrenden Zuges
08.10.2026;20:16;RB33;10336;Aachen Hbf;Duisburg Hbf;22;nein;Rheinhausen Ost;Defekt an einem Signal
08.10.2026;20:16;VIA RB46;26799;Gelsenkirchen Hbf;Bochum Hbf;3;nein;Gelsenkirchen Hbf;
08.10.2026;20:17;ERB RE13;20095;Venlo;Düsseldorf Hbf;4;nein;Boisheim;
08.10.2026;20:17;NWB RB75;75180;Osnabrück Hbf;Bielefeld Hbf;7;nein;Hesseln;Vorfahrt eines anderen Zuges
08.10.2026;20:17;R S28;77265;Kaarster See;Düsseldorf-Gerresheim;2;nein;Neuss Hbf;
08.10.2026;20:17;RE17;10737;Hagen Hbf;Bigge;8;nein;Meschede;Verspätung eines vorausfahrenden Zuges
08.10.2026;20:17;S9;30965;Hagen Hbf;Recklinghausen Hbf;11;nein;Essen-Borbeck Süd;
08.10.2026;20:18;ICE 19;19;Bruxelles Midi;Frankfurt(Main)Hbf;11;nein;Köln Hbf;
08.10.2026;20:19;Bus EV;93892;Aue-Wingeshausen;Bad Berleburg;0;nein;Aue-Wingeshausen;
08.10.2026;20:19;ERB RB89;90036;Paderborn Hbf;Münster(Westf)Hbf;12;nein;Scharmede;Verspätung eines vorausfahrenden Zuges
08.10.2026;20:19;RB RE22;10040;Trier Hbf;Kall;;ja;Dahlem (Eifel);
08.10.2026;20:19;RRB S7;90145;Wuppertal Hbf;Solingen Hbf;2;nein;Remscheid-Güldenwerth;Vorfahrt eines anderen Zuges
08.10.2026;20:19;S12;33254;Horrem;Hennef(Sieg);11;nein;Siegburg/Bonn;
08.10.2026;20:19;S19;32026;Sindorf;Blankenberg(Sieg);21;nein;Hennef Im Siegbogen;
08.10.2026;20:19;VIA RB35;52266;Oberhausen Hbf;Gelsenkirchen Hbf;25;nein;Gelsenkirchen Hbf;Verspätung aus vorheriger Fahrt
08.10.2026;20:20;Bus RE1;8029;Duisburg Hbf;Essen Hbf Kruppstraße/Am Thyssenhaus;;nein;Duisburg Hbf;
08.10.2026;20:20;RB20;30580;Stolberg-Altstadt;Alsdorf-Annapark;14;nein;Stolberg (Rheinl) Hbf;Verspätung eines vorausfahrenden Zuges, Verspätung aus vorheriger Fahrt
08.10.2026;20:20;RB25;10574;Köln Hansaring;Lüdenscheid;5;nein;Ründeroth;
08.10.2026;20:20;RB63;14736;Münster(W)Zentrum Nord;Coesfeld(Westf);8;nein;Münster-Roxel;Verspätung eines vorausfahrenden Zuges
08.10.2026;20:20;RRB RB36;82361;Duisburg-Ruhrort;Oberhausen Hbf;3;nein;Duisburg-Meiderich Süd;
08.10.2026;20:20;RTB RB21;90826;Düren;Heimbach (Eifel);0;nein;Düren;
08.10.2026;20:20;RTB RB28;90877;Düren;Euskirchen;1;nein;Düren;
08.10.2026;20:20;S23;32399;Euskirchen;Bonn Hbf;7;nein;Rheinbach;
08.10.2026;20:20;VIA RE16;31335;Iserlohn;Hagen Hbf;7;nein;Iserlohn;Vorfahrt eines anderen Zuges
08.10.2026;20:21;Bus RE1;8018;Essen Hbf Kruppstraße/Am Thyssenhaus;Duisburg Hbf;;nein;Mülheim (Ruhr) Hbf;
08.10.2026;20:21;Bus RE14;67600;Bottrop Hbf;Dorsten;0;nein;Bottrop Hbf;
08.10.2026;20:21;Bus S28;2203;Düsseldorf Hbf;Mettmann Stadtwald;2;nein;Düsseldorf-Flingern;
08.10.2026;20:21;ERB RB61;20381;Hengelo;Bielefeld Hbf;4;nein;Hiddenhausen-Schweicheln;Verspätung eines vorausfahrenden Zuges
08.10.2026;20:21;ERB RB72;90680;Paderborn Hbf;Herford;5;nein;Paderborn Hbf;Verspätung eines vorausfahrenden Zuges
08.10.2026;20:21;NX RE11;26730;Kassel-Wilhelmshöhe;Essen Hbf;36;nein;Dortmund Hbf;Verspätung eines vorausfahrenden Zuges
08.10.2026;20:21;NX RE4;26432;Dortmund Hbf;Aachen Hbf;15;nein;Düsseldorf Hbf;Defekt an einem Signal
08.10.2026;20:21;NX RE4;26435;Aachen Hbf;Dortmund Hbf;19;teilweise;Aachen Hbf;Verspätung eines vorausfahrenden Zuges
08.10.2026;20:21;RTB RB21;90759;Düren;Linnich Bhf;0;nein;Düren;
08.10.2026;20:21;S1;31178;Duisburg Hbf;Solingen Hbf;3;nein;Düsseldorf Wehrhahn;
08.10.2026;20:21;VIA RB34;90526;Dalheim;Mönchengladbach Hbf;21;teilweise;Rheydt Hbf;
08.10.2026;20:22;NWB RB58;75268;Bremen Hbf;Osnabrück Hbf;32;nein;Halen;Gegenstände auf der Strecke
08.10.2026;20:22;RB RE22;10041;Kall;Gerolstein;2;nein;Urft;
08.10.2026;20:22;RB38;10099;Bedburg (Erft);Horrem;4;nein;Zieverich;
08.10.2026;20:22;RB51;20281;Enschede;Dortmund Hbf;1;nein;Gronau (Westf);
08.10.2026;20:22;RE41;16242;Haltern am See;Bochum Hbf;2;nein;Marl-Sinsen;
08.10.2026;20:22;RE47;89334;Düsseldorf Hbf;Remscheid-Lennep;3;nein;Remscheid Hbf;
08.10.2026;20:22;RRB RB31;26075;Moers;Duisburg Hbf;19;nein;Rheinhausen;Defekt an einem Signal
08.10.2026;20:22;RRB RE44;26671;Moers;Bottrop Hbf;56;nein;Bottrop-Vonderort;Defekt an einem Signal
08.10.2026;20:22;S1;56375;Essen West;Dortmund Hbf;4;teilweise;Essen West;Defekt an der Strecke
08.10.2026;20:22;S41;5019;Hergenrath;Aachen Hbf;3;nein;Aachen Hbf;
08.10.2026;20:22;S8;31828;Wuppertal-Oberbarmen;Mönchengladbach Hbf;6;nein;Wuppertal-Oberbarmen;
08.10.2026;20:22;TR RB26;25438;Mainz Hbf;Köln Messe/Deutz;23;ja;Bonn-Mehlem;
08.10.2026;20:23;Bus EV;93895;Bad Berleburg;Aue-Wingeshausen;0;nein;Bad Berleburg;
08.10.2026;20:23;HLB RB95;28776;Dillenburg;Siegen Hbf;9;nein;Siegen Hbf;
08.10.2026;20:23;R S28;77290;Düsseldorf-Gerresheim;Kaarster See;13;nein;Düsseldorf-Flingern;Verspätung eines vorausfahrenden Zuges
08.10.2026;20:23;RB38;10282;Köln Messe/Deutz;Bedburg(Erft);5;nein;Köln Messe/Deutz;
08.10.2026;20:23;S19;52809;Troisdorf;Düren;3;nein;Köln/Bonn Flughafen;
08.10.2026;20:23;SBH S1;34136;Hannover Hbf;Minden (Westf);10;nein;Minden (Westf);Defekt an einem Signal, Vorfahrt eines anderen Zuges
08.10.2026;20:24;NWB RB84;74990;Paderborn Hbf;Holzminden;5;nein;Brakel (Kr Höxter);
08.10.2026;20:24;RE41;16243;Bochum Hbf;Haltern am See;2;nein;Recklinghausen Süd;
08.10.2026;20:24;RE57;10773;Dortmund Hbf;Winterberg(Westf);35;nein;Winterberg (Westf);Verspätung aus vorheriger Fahrt
08.10.2026;20:24;RRB S7;90140;Solingen Hbf;Wuppertal Hbf;4;nein;Remscheid-Lüttringhausen;Warten auf einen entgegenkommenden Zug
08.10.2026;20:24;S6;56134;Köln-Dellbrück;Köln-Nippes;2;nein;Köln Hbf;
08.10.2026;20:25;Bus RE1;8031;Duisburg Hbf;Essen Hbf Kruppstraße/Am Thyssenhaus;;nein;Duisburg Hbf;
08.10.2026;20:25;RB20;32830;Düren;Eschweiler-Weisweiler;2;nein;Langerwehe;
08.10.2026;20:25;RB40;30788;Hagen Hbf;Essen Hbf;3;teilweise;Wetter (Ruhr);Defekt an einem Signal
08.10.2026;20:26;Bus RE1;8020;Essen Hbf Kruppstraße/Am Thyssenhaus;Duisburg Hbf;;nein;Mülheim (Ruhr) Hbf;
08.10.2026;20:26;ICE 243;243;Amsterdam Centraal;Hannover Hbf;2;nein;Rheine;
08.10.2026;20:26;RE22;10043;Köln Messe/Deutz;Kall;6;nein;Köln West;
08.10.2026;20:26;RE57;10987;Dortmund Hbf;Bestwig;3;nein;Arnsberg (Westf);
08.10.2026;20:26;S3;30367;Hattingen(Ruhr) Mitte;Essen West;9;teilweise;Essen Hbf;Defekt an der Strecke
08.10.2026;20:26;S4;31400;Dortmund-Lütgendortmund;Unna;1;nein;Dortmund-Lütgendortmund;
08.10.2026;20:27;ICE 655;655;Köln Hbf;Hannover Hbf;4;nein;Bielefeld Hbf;
08.10.2026;20:27;RE42;10161;Essen Hbf;Münster(Westf)Hbf;21;nein;Dülmen;Verspätung eines vorausfahrenden Zuges
08.10.2026;20:27;RRB RB31;26034;Duisburg Hbf;Moers;13;nein;Moers;Defekt an einem Signal
08.10.2026;20:28;RB53;14961;Dortmund Hbf;Iserlohn;3;nein;Dortmund Signal Iduna Park;
08.10.2026;20:28;S8;31826;Hagen Hbf;Mönchengladbach Hbf;4;nein;Düsseldorf-Flingern;
08.10.2026;20:29;ERB RE3;89893;Essen Hbf;Hamm(Westf)Hbf;3;nein;Hamm (Westf) Hbf;
08.10.2026;20:29;HLB RB93;61896;Siegen Hbf;Aue-Wingeshausen;5;nein;Ferndorf (Kr Siegen);
08.10.2026;20:29;NX RB48;17369;Wuppertal-Oberbarmen;Köln Hbf;5;nein;Haan-Gruiten;
08.10.2026;20:29;RB38;10098;Horrem;Bedburg (Erft);3;nein;Zieverich;
08.10.2026;20:29;RE17;10736;Brilon Wald;Hagen Hbf;6;nein;Schwerte (Ruhr);Außerplanmäßige Geschwindigkeitsbeschränkung
08.10.2026;20:29;S12;33263;Hennef (Sieg);Köln Hansaring;4;nein;Porz-Wahn;
08.10.2026;20:29;VIA RE19;20034;Düsseldorf Hbf;Arnhem Centraal;27;nein;Mehrhoog;Warten auf Anschlussreisende, Vorfahrt eines anderen Zuges
08.10.2026;20:29;WFB RE15;90295;Emden Hbf;Münster(Westf)Hbf;1;nein;Rheine;
08.10.2026;20:30;Bus RE1;8033;Duisburg Hbf;Essen Hbf Kruppstraße/Am Thyssenhaus;;nein;Duisburg Hbf;
08.10.2026;20:30;Bus S28;2194;Mettmann Stadtwald;Düsseldorf Hbf;0;nein;Düsseldorf-Gerresheim;
08.10.2026;20:30;RE18;18966;Aachen Hbf;Eygelshoven Markt;4;nein;Herzogenrath;
08.10.2026;20:30;RRB RE14;89583;Bottrop Hbf;Essen Hbf;9;nein;Essen Hbf;
08.10.2026;20:30;S19;32032;Sindorf;Troisdorf;10;nein;Köln Frankfurter Straße;
08.10.2026;20:30;S6;31632;Essen Hbf;Düsseldorf Hbf;4;nein;Düsseldorf Hbf;
08.10.2026;20:30;S6;56136;Köln-Dellbrück;Köln-Nippes;3;nein;Köln-Holweide;Defekt an der Strecke
08.10.2026;20:30;S8;31829;Mönchengladbach Hbf;Hagen Hbf;3;nein;Düsseldorf Hbf;
08.10.2026;20:31;Bus RE1;8022;Essen Hbf Kruppstraße/Am Thyssenhaus;Duisburg Hbf;;nein;Mülheim (Ruhr) Hbf;
08.10.2026;20:31;ERB RE82;79369;Altenbeken;Bielefeld Hbf;4;nein;Horn-Bad Meinberg;Verspätung eines vorausfahrenden Zuges
08.10.2026;20:31;RB20;30585;Alsdorf-Annapark;Stolberg-Altstadt;7;nein;Aachen Hbf;Verspätung eines vorausfahrenden Zuges
08.10.2026;20:31;RB54;14865;Fröndenberg;Neuenrade;2;nein;Balve Sanssouci;
08.10.2026;20:31;VIA RB34;90527;Mönchengladbach Hbf;Dalheim;12;teilweise;Mönchengladbach Hbf;
08.10.2026;20:31;VIA RE16;31328;Essen Hbf;Iserlohn;16;nein;Iserlohn-Letmathe;
08.10.2026;20:32;HLB RB90;61629;Siegen Hbf;Westerburg;26;nein;Eiserfeld (Sieg);Verzögerungen im Betriebsablauf
08.10.2026;20:32;HLB RE34;28582;Kirchhundem-Welschen Ennest;Siegen Hbf;0;nein;Kirchhundem-Welschen Ennest;
08.10.2026;20:32;NWB RB75;75181;Bielefeld Hbf;Osnabrück Hbf;2;nein;Halle (Westf.) OWL-Arena;
08.10.2026;20:32;RTB RB28;90876;Euskirchen;Düren;0;nein;Euskirchen;
08.10.2026;20:32;S19;32037;Troisdorf;Köln-Müngersdorf Technologiepark;10;teilweise;Troisdorf;Technische Störung am Zug
08.10.2026;20:32;S6;56139;Köln-Worringen;Köln-Dellbrück;2;nein;Köln-Dellbrück;
08.10.2026;20:33;NWB RB58;75275;Osnabrück Hbf;Bremen Hbf;1;nein;Halen;
08.10.2026;20:33;RE42;10158;Münster(Westf)Hbf;Mönchengladbach Hbf;15;nein;Viersen;Verspätung aus vorheriger Fahrt
08.10.2026;20:33;S11;33143;Bergisch Gladbach;Dormagen;;ja;Bergisch Gladbach;Defekt an der Strecke
08.10.2026;20:33;S12;33269;Hennef (Sieg);Sindorf;12;nein;Hennef (Sieg);Verspätung aus vorheriger Fahrt
08.10.2026;20:33;S3;30366;Essen West;Hattingen(Ruhr) Mitte;3;teilweise;Essen West;Defekt an der Strecke
08.10.2026;20:33;S3;30369;Hattingen(Ruhr) Mitte;Essen Hbf;8;nein;Hattingen (Ruhr) Mitte;
08.10.2026;20:33;SBH S5;34575;Hannover Flughafen;Paderborn Hbf;47;teilweise;Altenbeken;Defekt an einem Signal, Defekt an einem Bahnübergang
08.10.2026;20:33;TR RB26;25439;Köln Messe/Deutz;Mainz Hbf;68;teilweise;Bonn-Bad Godesberg;Defekt an der Oberleitung, Verspätung aus vorheriger Fahrt
08.10.2026;20:33;VIA RE19;20035;Arnhem Centraal;Düsseldorf Hbf;4;nein;Düsseldorf Hbf;
08.10.2026;20:33;VIA RE19;77035;Bocholt;Düsseldorf Hbf;4;nein;Düsseldorf Hbf;
08.10.2026;20:33;WFB RE15;90296;Münster(Westf)Hbf;Emden Hbf;6;nein;Rheine;Verspätung aus vorheriger Fahrt, Verzögerungen im Betriebsablauf
08.10.2026;20:34;ERB RB50;89949;Münster(Westf)Hbf;Dortmund Hbf;9;nein;Münster (Westf) Hbf;Defekt an der Strecke, Verspätung aus vorheriger Fahrt
08.10.2026;20:34;ERB RB71;89662;Bielefeld Hbf;Rahden;14;nein;Lübbecke (Westf);Verspätung eines vorausfahrenden Zuges
08.10.2026;20:34;ERB RB89;90035;Münster(Westf)Hbf;Paderborn Hbf;8;nein;Scharmede;Verspätung eines vorausfahrenden Zuges
08.10.2026;20:34;HLB RB96;61834;Dillenburg;Betzdorf(Sieg);10;nein;Niederdresselndorf;Verspätung aus vorheriger Fahrt
08.10.2026;20:34;RB20;32831;Eschweiler-Weisweiler;Düren;1;nein;Langerwehe;
08.10.2026;20:34;RRB RB36;82362;Oberhausen Hbf;Duisburg-Ruhrort;4;nein;Duisburg-Obermeiderich;
08.10.2026;20:35;Bus RE1;8035;Duisburg Hbf;Essen Hbf Kruppstraße/Am Thyssenhaus;;nein;Duisburg Hbf;
08.10.2026;20:35;RB20;30530;Langerwehe;Alsdorf-Annapark;1;nein;Aachen Schanz;
08.10.2026;20:35;S5;31572;Dortmund Hbf;Hagen Hbf;2;nein;Dortmund-Barop;
08.10.2026;20:35;SBH S1;34141;Minden (Westf);Hannover Hbf;2;nein;Minden (Westf);Verspätung aus vorheriger Fahrt
08.10.2026;20:35;VIA RB46;26798;Bochum Hbf;Gelsenkirchen Hbf;33;nein;Herne-Wanne-Eickel Hbf;Defekt an einem Signal, Vorfahrt eines anderen Zuges
08.10.2026;20:36;Bus RE1;8024;Essen Hbf Kruppstraße/Am Thyssenhaus;Duisburg Hbf;;nein;Mülheim (Ruhr) Hbf;
08.10.2026;20:36;RB54;14868;Neuenrade;Fröndenberg;1;nein;Menden (Sauerland) Süd;
08.10.2026;20:36;RB77;14583;Herford;Hildesheim Hbf;2;teilweise;Herford;Verspätung aus vorheriger Fahrt
08.10.2026;20:36;S1;56374;Dortmund Hbf;Essen West;3;teilweise;Essen Hbf;Defekt an der Strecke
08.10.2026;20:36;S19;32033;Blankenberg (Sieg);Sindorf;4;nein;Frechen-Königsdorf;
08.10.2026;20:37;Bus RB31;62034;Moers;Xanten;0;nein;Moers;
08.10.2026;20:37;ERB RB66;90611;Osnabrück Hbf;Münster(Westf)Hbf;1;nein;Kattenvenne;
08.10.2026;20:37;R S28;91725;Mettmann Stadtwald;Wuppertal Hbf;3;nein;Wuppertal-Vohwinkel;
08.10.2026;20:37;RB24;10444;Kall;Köln Messe/Deutz;2;nein;Weilerswist-Derkum;
08.10.2026;20:37;RB33;10340;Aachen Hbf;Duisburg Hbf;7;teilweise;Aachen Hbf;Verspätung eines vorausfahrenden Zuges
08.10.2026;20:37;RB33;10390;Aachen Hbf;Heinsberg(Rheinl);0;ja;Aachen Hbf;Defekt an einem Signal
08.10.2026;20:37;RB52;33831;Rummenohl;Lüdenscheid;2;nein;Schalksmühle;
08.10.2026;20:37;RE57;14695;Messinghausen;Warburg(Westf);5;nein;Marsberg Bredelar;Verspätung eines vorausfahrenden Zuges
08.10.2026;20:37;S19;32043;Blankenberg (Sieg);Köln Hansaring;15;nein;Blankenberg (Sieg);Verspätung aus vorheriger Fahrt
08.10.2026;20:37;S41;5041;Aachen Hbf;Hergenrath;1;nein;Aachen Hbf;
08.10.2026;20:38;ERB RB73;90254;Lemgo-Lüttfeld;Bielefeld Hbf;9;nein;Oldentrup;Verspätung eines vorausfahrenden Zuges, Vorfahrt eines anderen Zuges
08.10.2026;20:38;RE62;11515;Rheine;Löhne(Westf);4;nein;Löhne (Westf);Verspätung eines vorausfahrenden Zuges
08.10.2026;20:38;RRB RE10;82307;Kleve;Krefeld Hbf;1;nein;Goch;
08.10.2026;20:38;S9;30968;Haltern am See;Wuppertal Hbf;5;nein;Marl-Hamm;
08.10.2026;20:38;WFB RE60;95789;Rheine;Peine;3;nein;Rheine;Verspätung eines vorausfahrenden Zuges
08.10.2026;20:39;ERB RE3;89895;Essen Hbf;Dortmund Hbf;1;nein;Essen Hbf;
08.10.2026;20:39;EUR 9459;9459;Paris Nord;Dortmund Hbf;32;nein;Dortmund Hbf;
08.10.2026;20:39;NX RE1;26831;Aachen Hbf;Hamm(Westf)Hbf;44;nein;Hamm (Westf) Hbf;Beeinträchtigung durch Vandalismus
08.10.2026;20:39;RB43;14781;Dortmund Hbf;Dorsten;6;nein;Gladbeck Ost;Verspätung eines vorausfahrenden Zuges
08.10.2026;20:39;VIA RB39;56630;Bedburg (Erft);Düsseldorf Hbf;5;nein;Kapellen-Wevelinghoven;
08.10.2026;20:40;Bus RE1;8037;Duisburg Hbf;Essen Hbf Kruppstraße/Am Thyssenhaus;;nein;Duisburg Hbf;
08.10.2026;20:40;ERB RB50;89948;Dortmund Hbf;Münster(Westf)Hbf;2;nein;Dortmund-Kirchderne;Verspätung eines vorausfahrenden Zuges
08.10.2026;20:40;NX RE4;26431;Aachen Hbf;Dortmund Hbf;15;nein;Witten Hbf;
08.10.2026;20:40;RB40;30787;Essen Hbf;Hagen Hbf;4;nein;Hagen-Vorhalle;
08.10.2026;20:41;Bus RE1;8026;Essen Hbf Kruppstraße/Am Thyssenhaus;Duisburg Hbf;;nein;Mülheim (Ruhr) Hbf;
08.10.2026;20:41;RB33;10343;Duisburg Hbf;Aachen Hbf;17;nein;Rheinhausen Ost;Verspätung eines vorausfahrenden Zuges, Verspätung aus vorheriger Fahrt
08.10.2026;20:42;NX RE5;28533;Wesel;Koblenz Hbf;13;teilweise;Duisburg Hbf;Verspätung aus vorheriger Fahrt
08.10.2026;20:42;RE18;18965;Eygelshoven Markt;Aachen Hbf;8;nein;Aachen Hbf;Verspätung eines vorausfahrenden Zuges
08.10.2026;20:42;RE22;10040;Kall;Köln Messe/Deutz;3;teilweise;Kall;
08.10.2026;20:42;RE8;10834;Köln Messe/Deutz;Mönchengladbach Hbf;11;nein;Rheydt-Odenkirchen;Verspätung eines vorausfahrenden Zuges
08.10.2026;20:43;ERB RB65;52352;Münster(Westf)Hbf;Rheine;1;nein;Münster-Sprakel;
08.10.2026;20:43;ICE 742;742;Hannover Hbf;Münster(Westf)Hbf;5;nein;Bünde (Westf);
08.10.2026;20:43;NX RB48;17370;Bonn-Mehlem;Köln Messe/Deutz;1;teilweise;Bonn-Mehlem;Defekt an der Oberleitung
08.10.2026;20:43;NX RE7;17432;Krefeld Hbf;Hamm(Westf)Hbf;48;nein;Solingen Hbf;Verspätung aus vorheriger Fahrt
08.10.2026;20:43;RE2;10231;Essen Hbf;Osnabrück Hbf;12;nein;Westbevern;Verspätung eines vorausfahrenden Zuges
08.10.2026;20:43;RE42;10166;Münster(Westf)Hbf;Herne-Wanne-Eickel Hbf;16;nein;Münster-Albachten;Verspätung aus vorheriger Fahrt
08.10.2026;20:43;RRB RE14;89582;Essen Hbf;Bottrop Hbf;4;nein;Bottrop Hbf;Vorfahrt eines anderen Zuges
08.10.2026;20:43;RRB RE44;26670;Bottrop Hbf;Oberhausen Hbf;57;nein;Oberhausen Hbf;Defekt an einem Signal
08.10.2026;20:43;RRB S7;90149;Wuppertal Hbf;Solingen Hbf;1;nein;Wuppertal Hbf;Vorfahrt eines anderen Zuges
08.10.2026;20:43;S11;33144;Düsseldorf Flughafen Terminal;Bergisch Gladbach;9;teilweise;Dormagen;Defekt an der Strecke
08.10.2026;20:43;S6;56141;Köln-Worringen;Köln-Dellbrück;2;nein;Köln-Buchforst;Defekt an einem Signal
08.10.2026;20:44;IC 2349;2349;Stuttgart Hbf;Hannover Hbf;51;ja;Bonn Hbf;Defekt an der Oberleitung, Kurzfristiger Fahrzeugausfall, Verspätete Bereitstellung
08.10.2026;20:44;SBH S5;34588;Paderborn Hbf;Hannover Flughafen;14;nein;Steinheim (Westf);Defekt an einem Bahnübergang
08.10.2026;20:44;VIA RB91;31377;Siegen Hbf;Welschen Ennest;8;nein;Siegen-Weidenau;Vorfahrt eines anderen Zuges
08.10.2026;20:45;Bus RE1;8039;Duisburg Hbf;Essen Hbf Kruppstraße/Am Thyssenhaus;;nein;Duisburg Hbf;
08.10.2026;20:45;ERB RE3;89898;Hamm(Westf)Hbf;Essen Hbf;6;nein;Kamen-Methler;Verspätung eines vorausfahrenden Zuges
08.10.2026;20:45;NX RE5;28531;Wesel;Koblenz Hbf;15;teilweise;Brühl;Verspätung eines vorausfahrenden Zuges
08.10.2026;20:45;R S28;77267;Kaarster See;Neuss Hbf;1;nein;Neuss Hbf;
08.10.2026;20:45;RE47;89336;Düsseldorf Hbf;Remscheid-Lennep;6;nein;Düsseldorf-Eller Mitte;Verspätung eines vorausfahrenden Zuges
08.10.2026;20:45;S12;33260;Horrem;Blankenberg(Sieg);23;nein;Hennef (Sieg);Verspätung eines vorausfahrenden Zuges
08.10.2026;20:46;Bus RE1;8028;Essen Hbf Kruppstraße/Am Thyssenhaus;Duisburg Hbf;;nein;Mülheim (Ruhr) Hbf;
08.10.2026;20:46;Bus S28;2207;Düsseldorf Hbf;Mettmann Stadtwald;0;nein;Düsseldorf Hbf;
08.10.2026;20:46;ERB RB89;90037;Münster(Westf)Hbf;Paderborn Hbf;2;nein;Hamm (Westf) Hbf;
08.10.2026;20:46;HLB RB93;61895;Aue-Wingeshausen;Erndtebrück;0;nein;Aue-Wingeshausen;
08.10.2026;20:46;ICE 221;221;Amsterdam Centraal;Frankfurt(Main)Hbf;45;nein;Düsseldorf Hbf;Verspätung eines vorausfahrenden Zuges
08.10.2026;20:46;RRB RB31;26035;Moers;Duisburg Hbf;16;nein;Duisburg Hbf;Defekt an einem Signal
08.10.2026;20:46;S5;31571;Witten Hbf;Dortmund Hbf;2;nein;Dortmund-Barop;
08.10.2026;20:46;VIA RB35;52239;Gelsenkirchen Hbf;Duisburg Hbf;26;nein;Essen-Altenessen;Vorfahrt eines anderen Zuges, Verspätung aus vorheriger Fahrt
08.10.2026;20:47;ICE 823;823;Düsseldorf Hbf;Frankfurt(Main)Hbf;13;nein;Siegburg/Bonn;Verspätung eines vorausfahrenden Zuges
08.10.2026;20:47;NX RE11;26733;Essen Hbf;Kassel-Wilhelmshöhe;2;nein;Kamen;
08.10.2026;20:47;S9;30967;Wuppertal Hbf;Haltern am See;7;nein;Essen-Borbeck Süd;
08.10.2026;20:48;ERB RE82;79366;Bielefeld Hbf;Altenbeken;14;nein;Altenbeken;Längere Haltezeit am Bahnhof, Verspätung eines vorausfahrenden Zuges, Vorfahrt eines anderen Zuges, Verspätung aus vorheriger Fahrt
08.10.2026;20:48;ICE 313;313;Antwerpen Centraal;Köln Hbf;4;nein;Aachen Hbf;
08.10.2026;20:48;R S28;91670;Wuppertal Hbf;Mettmann Stadtwald;1;nein;Wuppertal Zoologischer Garten;
08.10.2026;20:48;S11;33146;Düsseldorf Flughafen Terminal;Köln Messe/Deutz;5;nein;Neuss Rheinparkcenter;
08.10.2026;20:48;WFB RE70;95837;Bielefeld Hbf;Peine;7;nein;Löhne (Westf);Verzögerungen im Betriebsablauf
08.10.2026;20:49;Bus RB54;54032;Bahnhof, Unna;Ardey Bahnhof, Fröndenberg;;nein;Fröndenberg-Frömern;
08.10.2026;20:49;RB27;10639;Mönchengladbach Hbf;Köln Messe/Deutz;1;nein;Rheydt-Odenkirchen;
08.10.2026;20:49;RB54;14867;Fröndenberg;Menden(Sauerland);1;nein;Fröndenberg;
08.10.2026;20:49;RB63;14735;Coesfeld(Westf);Münster(Westf)Hbf;9;nein;Münster (Westf) Hbf;Verspätung eines vorausfahrenden Zuges
08.10.2026;20:49;RE47;89345;Remscheid-Lennep;Düsseldorf Hbf;2;nein;Solingen Mitte;
08.10.2026;20:49;VIA RB35;52268;Mönchengladbach Hbf;Duisburg Hbf;18;nein;Duisburg-Hochfeld Süd;Verspätung aus vorheriger Fahrt
08.10.2026;20:50;Bus RE1;8041;Duisburg Hbf;Essen Hbf Kruppstraße/Am Thyssenhaus;;nein;Duisburg Hbf;
08.10.2026;20:50;ERB RB67;79312;Münster (Westf) Hbf;Bielefeld Hbf;3;nein;Bielefeld Hbf;
08.10.2026;20:50;RB25;10576;Rösrath;Gummersbach;5;nein;Ründeroth;
08.10.2026;20:50;S6;56140;Köln-Dellbrück;Köln-Nippes;1;nein;Köln-Holweide;
08.10.2026;20:50;TR RB26;25441;Köln Messe/Deutz;Bingen(Rhein) Hbf;0;ja;Köln Messe/Deutz;
08.10.2026;20:50;TRI RB37;89428;Neuss Hbf;Krefeld Hbf;46;nein;Krefeld-Oppum;
08.10.2026;20:51;Bus RE1;8030;Essen Hbf Kruppstraße/Am Thyssenhaus;Duisburg Hbf;;nein;Mülheim (Ruhr) Hbf;
08.10.2026;20:51;Bus S28;4206;Neuss Hbf;Kaarster See;0;nein;Neuss Hbf;
08.10.2026;20:51;NX RE1;26837;Aachen Hbf;Hamm(Westf)Hbf;33;teilweise;Aachen Hbf;Verspätung eines vorausfahrenden Zuges
08.10.2026;20:51;RE17;10739;Hagen Hbf;Bestwig;5;nein;Arnsberg-Neheim-Hüsten;Verspätung eines vorausfahrenden Zuges
08.10.2026;20:51;RE9;10929;Aachen Hbf;Siegen Hbf;37;nein;Siegen Hbf;Verspätung eines vorausfahrenden Zuges
08.10.2026;20:52;HLB RE99;15145;Siegen Hbf;Gießen;5;nein;Siegen Hbf;
08.10.2026;20:52;NWB RB84;74991;Kreiensen;Paderborn Hbf;13;nein;Altenbeken;Verspätung eines vorausfahrenden Zuges, Vorfahrt eines anderen Zuges, Verspätete Bereitstellung
08.10.2026;20:52;NWB RB85;74944;Göttingen;Paderborn Hbf;13;nein;Altenbeken;Vorfahrt eines anderen Zuges
08.10.2026;20:52;S1;56377;Essen West;Dortmund Hbf;3;teilweise;Essen West;Defekt an der Strecke
08.10.2026;20:53;RRB RE10;82302;Düsseldorf Hbf;Kleve;3;nein;Meerbusch-Osterath;
08.10.2026;20:53;RRB RE10;82305;Kleve;Düsseldorf Hbf;35;nein;Düsseldorf Hbf;Vorfahrt eines anderen Zuges
08.10.2026;20:53;S11;33145;Bergisch Gladbach;Neuss Hbf;3;teilweise;Bergisch Gladbach;Defekt an der Strecke
08.10.2026;20:54;ERB RB71;89663;Rahden;Bielefeld Hbf;21;nein;Hiddenhausen-Schweicheln;Verspätung eines vorausfahrenden Zuges, Vorfahrt eines anderen Zuges
08.10.2026;20:54;ICE 205;205;Hamburg-Altona;Karlsruhe Hbf;69;nein;Köln Hbf;Technische Störung am Zug, Verspätung aus vorheriger Fahrt, Verfügbarkeit der Gleise derzeit eingeschränkt
08.10.2026;20:54;NWB RB74;75081;Bielefeld Hbf;Paderborn Hbf;2;nein;Bielefeld-Windelsbleiche;
08.10.2026;20:54;NX RE6;89735;Köln/Bonn Flughafen;Dortmund Hbf;39;nein;Dortmund Hbf;Vorfahrt eines anderen Zuges
08.10.2026;20:54;RE8;10835;Mönchengladbach Hbf;Köln Messe/Deutz;6;nein;Köln-Ehrenfeld;Verspätung eines vorausfahrenden Zuges
08.10.2026;20:54;RRB S7;90142;Solingen Hbf;Wuppertal Hbf;1;nein;Remscheid-Lüttringhausen;
08.10.2026;20:54;S1;31187;Solingen Hbf;Duisburg Hbf;15;nein;Duisburg-Rahm;Verspätung eines vorausfahrenden Zuges
08.10.2026;20:55;Bus RE1;8043;Duisburg Hbf;Essen Hbf Kruppstraße/Am Thyssenhaus;;nein;Duisburg Hbf;
08.10.2026;20:55;NX RE5;28534;Koblenz Hbf;Emmerich;0;ja;Bonn-Bad Godesberg;
08.10.2026;20:55;RB64;20229;Enschede;Münster(Westf)Hbf;3;nein;Ochtrup;
08.10.2026;20:55;VIA RE19;20036;Düsseldorf Hbf;Arnhem Centraal;8;nein;Oberhausen-Sterkrade;Vorfahrt eines anderen Zuges
08.10.2026;20:55;VIA RE19;77036;Düsseldorf Hbf;Bocholt;8;nein;Oberhausen-Sterkrade;Vorfahrt eines anderen Zuges
08.10.2026;20:56;Bus RE1;8032;Essen Hbf Kruppstraße/Am Thyssenhaus;Duisburg Hbf;;nein;Mülheim (Ruhr) Hbf;
08.10.2026;20:56;Bus RE14;67578;Bottrop Hbf;Borken(Westf);0;teilweise;Deuten;
08.10.2026;20:56;HLB RB90;61732;Betzdorf(Sieg);Siegen Hbf;20;nein;Eiserfeld (Sieg);Verspätung eines vorausfahrenden Zuges
08.10.2026;20:56;HLB RB95;28697;Siegen Hbf;Dillenburg;6;nein;Siegen Hbf;
08.10.2026;20:56;ICE 104;104;Zürich HB;Hamburg-Altona;28;nein;Münster (Westf) Hbf;Gegenstände auf der Strecke, Verspätung eines vorausfahrenden Zuges
08.10.2026;20:56;NX RB48;17366;Bonn-Mehlem;Wuppertal-Oberbarmen;20;nein;Haan;Defekt an der Oberleitung
08.10.2026;20:56;RB33;10391;Heinsberg(Rheinl);Aachen Hbf;4;ja;Lindern;Defekt an einem Signal
08.10.2026;20:57;NX RE6;89734;Minden(Westf);Düsseldorf Hbf;30;nein;Düsseldorf Flughafen;Verspätete Bereitstellung
08.10.2026;20:57;S1;31180;Duisburg Hbf;Solingen Hbf;12;nein;Düsseldorf Volksgarten;
08.10.2026;20:57;WFB RE70;95836;Braunschweig Hbf;Bielefeld Hbf;25;nein;Porta Westfalica;Defekt an einem Signal, Verspätung eines vorausfahrenden Zuges, Verspätung aus vorheriger Fahrt
08.10.2026;20:58;RB38;10281;Bedburg (Erft);Köln Messe/Deutz;1;nein;Bergheim (Erft);
08.10.2026;20:58;RE42;10163;Mönchengladbach Hbf;Münster(Westf)Hbf;28;nein;Dülmen;Defekt an einem Signal
08.10.2026;20:59;ERB RB69;89994;Bielefeld Hbf;Hamm(Westf)Hbf;14;nein;Ahlen (Westf);Defekt an der Strecke
08.10.2026;20:59;NX RE6;89739;Köln/Bonn Flughafen;Düsseldorf Hbf;8;nein;Köln Messe/Deutz;Verspätung eines vorausfahrenden Zuges
08.10.2026;20:59;S23;32401;Bad Münstereifel;Bonn Hbf;2;nein;Meckenheim Industriepark;
08.10.2026;20:59;VIA RB46;31481;Gelsenkirchen Hbf;Bochum Hbf;46;nein;Bochum-Riemke;Verspätung aus vorheriger Fahrt
08.10.2026;21:00;Bus EV;92928;Finnentrop;Olpe;0;nein;Finnentrop;
08.10.2026;21:00;Bus RE1;8045;Duisburg Hbf;Essen Hbf Kruppstraße/Am Thyssenhaus;;nein;Duisburg Hbf;
08.10.2026;21:00;Bus S28;2198;Mettmann Stadtwald;Düsseldorf Hbf;0;nein;Düsseldorf-Gerresheim;
08.10.2026;21:00;NX RE6;89733;Köln/Bonn Flughafen;Minden(Westf);59;nein;Bielefeld Hbf;Notarzteinsatz auf der Strecke
08.10.2026;21:00;NX RE7;17435;Rheine;Krefeld Hbf;6;nein;Hamm (Westf) Hbf;Defekt an einem Signal
08.10.2026;21:00;RB54;14870;Menden(Sauerland);Fröndenberg;1;nein;Menden (Sauerland);
08.10.2026;21:00;RB77;14580;Hildesheim Hbf;Herford;0;nein;Vlotho;Verspätung eines vorausfahrenden Zuges
08.10.2026;21:00;S2;30269;Dortmund Hbf;Essen Hbf;2;nein;Essen-Kray Nord;
08.10.2026;21:00;S4;30497;Unna;Dortmund-Lütgendortmund;2;nein;Dortmund-Germania;
08.10.2026;21:00;S6;31631;Düsseldorf Hbf;Essen Hbf;6;nein;Essen-Werden;
08.10.2026;21:00;S6;31634;Essen Hbf;Düsseldorf Hbf;8;nein;Düsseldorf Hbf;
08.10.2026;21:00;S9;30962;Recklinghausen Hbf;Hagen Hbf;35;nein;Gevelsberg-Kipp;
08.10.2026;21:00;VIA RB91;31364;Hagen Hbf;Lennestadt-Altenhundem;3;teilweise;Iserlohn-Letmathe;
08.10.2026;21:01;Bus EV;92943;Olpe;Finnentrop;0;nein;Olpe;
08.10.2026;21:01;Bus RE1;8034;Essen Hbf Kruppstraße/Am Thyssenhaus;Duisburg Hbf;;nein;Mülheim (Ruhr) Hbf;
08.10.2026;21:01;ERB RB67;79317;Bielefeld Hbf;Münster(Westf)Hbf;2;nein;Beelen;
08.10.2026;21:01;ICE 528;528;München Hbf;Dortmund Hbf;6;nein;Siegburg/Bonn;
08.10.2026;21:02;ERB RB67;79314;Münster (Westf) Hbf;Bielefeld Hbf;1;nein;Beelen;
08.10.2026;21:02;RB33;10338;Aachen Hbf;Duisburg Hbf;9;nein;Krefeld-Oppum;Verspätung eines vorausfahrenden Zuges, Technischer Defekt an einem anderen Zug
08.10.2026;21:03;ERB RB69;89995;Hamm(Westf)Hbf;Bielefeld Hbf;21;nein;Beckum-Neubeckum;Defekt an einem Signal, Verspätete Bereitstellung
08.10.2026;21:04;HLB RE99;15150;Gießen;Siegen Hbf;0;nein;Siegen Hbf;
08.10.2026;21:04;NWB RB85;74948;Göttingen;Höxter-Ottbergen;0;nein;Beverungen-Wehrden;
08.10.2026;21:04;RB51;20284;Dortmund Hbf;Enschede;2;nein;Lünen Preußen;
08.10.2026;21:04;RTB RB21;90758;Linnich Bhf;Düren;2;nein;Düren;
08.10.2026;21:04;S11;33148;Düsseldorf Flughafen Terminal;Köln Messe/Deutz;5;nein;Düsseldorf Wehrhahn;
08.10.2026;21:05;ICE 102;102;Zürich HB;Köln Hbf;0;nein;Köln Hbf;
08.10.2026;21:05;NJ 40421;40421;Amsterdam Centraal;Wien Hbf;40;nein;Dortmund Hbf;Verspätung im Ausland
08.10.2026;21:05;NJ 421;421;Amsterdam Centraal;Innsbruck Hbf;40;nein;Dortmund Hbf;Verspätung im Ausland
08.10.2026;21:05;RTB RB21;90827;Heimbach (Eifel);Düren;0;nein;Düren;
08.10.2026;21:05;WFB RE15;90298;Münster(Westf)Hbf;Emden Hbf;1;nein;Münster (Westf) Hbf;
08.10.2026;21:06;Bus RE1;8036;Essen Hbf Kruppstraße/Am Thyssenhaus;Duisburg Hbf;;nein;Mülheim (Ruhr) Hbf;
08.10.2026;21:06;S1;56376;Dortmund Hbf;Essen West;2;teilweise;Essen Hbf;Defekt an der Strecke
08.10.2026;21:06;S5;31573;Hagen Hbf;Dortmund Hbf;5;nein;Witten Hbf;
08.10.2026;21:07;Bus RE14;67580;Dorsten;Coesfeld(Westf);5;nein;Lembeck;
08.10.2026;21:07;Bus RE14;67589;Borken (Westf);Bottrop Hbf;0;teilweise;Deuten;
08.10.2026;21:07;R S28;91738;Mettmann Stadtwald;Wuppertal Hbf;5;nein;Wuppertal-Vohwinkel;
08.10.2026;21:07;RB40;30789;Essen Hbf;Hagen Hbf;2;nein;Essen Hbf;
08.10.2026;21:07;RB54;14872;Neuenrade;Fröndenberg;1;nein;Neuenrade-Küntrop;
08.10.2026;21:07;RE57;10742;Warburg(Westf);Messinghausen;3;nein;Marsberg Westheim (Westf.);
08.10.2026;21:07;S6;56143;Köln-Nippes;Köln-Dellbrück;1;nein;Köln Hbf;Defekt an der Strecke
08.10.2026;21:08;Bus RB54;54035;Ardey Bahnhof, Fröndenberg;Bahnhof, Unna;;nein;Fröndenberg-Frömern;
08.10.2026;21:08;HLB RE34;28585;Siegen Hbf;Kirchhundem-Welschen Ennest;0;nein;Siegen Hbf;
08.10.2026;21:08;ICE 617;617;Hamburg-Altona;Stuttgart Hbf;39;nein;Duisburg Hbf;Verspätung eines vorausfahrenden Zuges, Verspätetes Personal aus vorheriger Fahrt
08.10.2026;21:08;RB32;31274;Oberhausen Hbf;Dortmund Hbf;25;nein;Herne;Verspätung eines vorausfahrenden Zuges, Vorfahrt eines anderen Zuges
08.10.2026;21:08;RB52;14683;Dortmund Hbf;Hagen Hbf;7;nein;Hagen Hbf;Verspätung eines vorausfahrenden Zuges
08.10.2026;21:08;RB54;14869;Fröndenberg;Menden(Sauerland);0;nein;Fröndenberg;
08.10.2026;21:08;VIA RE19;20039;Arnhem Centraal;Düsseldorf Hbf;8;nein;Emmerich;Warten auf Anschlussreisende
08.10.2026;21:09;NWB RB75;75183;Bielefeld Hbf;Osnabrück Hbf;2;nein;Bielefeld-Brackwede;
08.10.2026;21:09;RE42;10167;Mönchengladbach Hbf;Haltern am See;16;nein;Oberhausen Hbf;Verspätung eines vorausfahrenden Zuges
08.10.2026;21:09;S23;32405;Bad Münstereifel;Bonn Hbf;5;nein;Bad Münstereifel-Iversheim;Verspätung eines vorausfahrenden Zuges
08.10.2026;21:09;S8;31831;Mönchengladbach Hbf;Wuppertal-Oberbarmen;3;nein;Erkrath;
08.10.2026;21:10;ERB RB65;52355;Rheine;Münster(Westf)Hbf;1;nein;Greven;
08.10.2026;21:10;ERB RE13;20097;Venlo;Mönchengladbach Hbf;83;teilweise;Kaldenkirchen;Vorfahrt eines anderen Zuges, Defekt an einer Weiche
08.10.2026;21:10;RB33;10341;Duisburg Hbf;Aachen Hbf;25;teilweise;Herzogenrath;Defekt an einem Signal, Verspätung aus vorheriger Fahrt
08.10.2026;21:10;S2;30270;Essen Hbf;Dortmund Hbf;28;nein;Herne-Wanne-Eickel Hbf;Verspätung eines vorausfahrenden Zuges
08.10.2026;21:11;Bus RE1;8038;Essen Hbf Kruppstraße/Am Thyssenhaus;Duisburg Hbf;;nein;Mülheim (Ruhr) Hbf;
08.10.2026;21:11;HLB RB95;28778;Dillenburg;Siegen Hbf;0;nein;Wilnsdorf-Rudersdorf;
08.10.2026;21:11;ICE 947;947;Düsseldorf Hbf;Berlin Südkreuz;35;nein;Hamm (Westf) Hbf;Bereitstellung weiterer Wagen, Verspätung eines vorausfahrenden Zuges
08.10.2026;21:11;ICE 957;957;Köln Hbf;Berlin Südkreuz;35;nein;Hamm (Westf) Hbf;Bereitstellung weiterer Wagen
08.10.2026;21:11;RE2;10232;Osnabrück Hbf;Essen Hbf;11;nein;Gelsenkirchen Hbf;Verspätung eines vorausfahrenden Zuges
08.10.2026;21:11;S5;31574;Dortmund Hbf;Witten Hbf;2;nein;Witten-Annen Nord;
08.10.2026;21:11;VIA RB39;56633;Düsseldorf Hbf;Bedburg(Erft);6;nein;Holzheim (b Neuss);Verspätung aus vorheriger Fahrt
08.10.2026;21:11;VIA RB46;31480;Bochum Hbf;Gelsenkirchen Hbf;21;nein;Gelsenkirchen Hbf;Vorfahrt eines anderen Zuges
08.10.2026;21:12;Bus RE1;919;Dortmund Hbf;Duisburg Hbf;;nein;Dortmund Hbf;
08.10.2026;21:12;NX RB48;17373;Wuppertal-Oberbarmen;Köln-Mülheim;0;nein;Wuppertal-Oberbarmen;
08.10.2026;21:12;RE42;10162;Münster(Westf)Hbf;Mönchengladbach Hbf;15;nein;Krefeld-Uerdingen;Verspätung eines vorausfahrenden Zuges
08.10.2026;21:12;RE8;10836;Köln Messe/Deutz;Rommerskirchen;10;nein;Pulheim;Verspätung eines vorausfahrenden Zuges
08.10.2026;21:12;S4;30499;Unna;Dortmund-Lütgendortmund;2;nein;Dortmund Stadthaus;
08.10.2026;21:12;VIA RB39;56632;Bedburg (Erft);Düsseldorf Hbf;1;nein;Bedburg (Erft);
08.10.2026;21:13;ERB RE82;79371;Altenbeken;Detmold;1;nein;Altenbeken;Verspätung eines vorausfahrenden Zuges
08.10.2026;21:13;NX RB48;17367;Wuppertal-Oberbarmen;Bonn-Mehlem;20;nein;Bonn-Bad Godesberg;Vorfahrt eines anderen Zuges
08.10.2026;21:13;R S28;91680;Wuppertal Hbf;Mettmann Stadtwald;1;nein;Wuppertal Hbf;
08.10.2026;21:13;RRB RE44;26673;Oberhausen Hbf;Bottrop Hbf;29;ja;Oberhausen Hbf;Defekt an einem Signal
08.10.2026;21:13;S3;30371;Hattingen(Ruhr) Mitte;Essen Hbf;2;nein;Essen-Horst;
08.10.2026;21:14;ICE 544;544;Berlin Hbf;Köln Hbf;24;nein;Düsseldorf Hbf;Stau / Hohes Verkehrsaufkommen
08.10.2026;21:14;NWB RB84;74993;Holzminden;Paderborn Hbf;2;nein;Höxter-Godelheim;
08.10.2026;21:14;RB20;30035;Stolberg(Rheinl)Hbf Gl.44;Eschweiler-Weisweiler;6;nein;Stolberg (Rheinl) Hbf;
08.10.2026;21:14;RB32;31275;Dortmund Hbf;Oberhausen Hbf;10;nein;Essen-Dellwig;Verspätung eines vorausfahrenden Zuges
08.10.2026;21:14;RE34;26091;Lennestadt-Altenhundem;Hagen Hbf;;ja;Lennestadt-Altenhundem;Bauarbeiten
08.10.2026;21:14;RE42;10164;Münster(Westf)Hbf;Essen Hbf;17;nein;Essen Hbf;Verspätung eines vorausfahrenden Zuges
08.10.2026;21:14;S9;30969;Hagen Hbf;Recklinghausen Hbf;3;nein;Essen West;
08.10.2026;21:15;Bus RE1;920;Duisburg Hbf;Dortmund Hbf;;nein;Duisburg Hbf;
08.10.2026;21:15;ICE 657;657;Köln Hbf;Hannover Hbf;6;nein;Wuppertal Hbf;
08.10.2026;21:15;NWB RB84;74992;Paderborn Hbf;Holzminden;5;nein;Bad Driburg (Westf);Vorfahrt eines anderen Zuges
08.10.2026;21:15;NWB RB85;74953;Paderborn Hbf;Göttingen;5;nein;Bad Driburg (Westf);Vorfahrt eines anderen Zuges
08.10.2026;21:15;R S28;77269;Kaarster See;Neuss Hbf;11;nein;Neuss Hbf;Verspätung aus vorheriger Fahrt
08.10.2026;21:15;RB43;14782;Dorsten;Dortmund Hbf;32;nein;Dortmund-Huckarde Nord;Verspätung eines vorausfahrenden Zuges
08.10.2026;21:15;RE22;10045;Köln Messe/Deutz;Kall;16;nein;Köln Messe/Deutz;Verspätung eines vorausfahrenden Zuges, Verspätung aus vorheriger Fahrt
08.10.2026;21:15;RRB S7;90151;Wuppertal Hbf;Solingen Hbf;1;nein;Wuppertal-Unterbarmen;
08.10.2026;21:15;S6;56142;Köln-Dellbrück;Köln-Nippes;8;nein;Köln-Mülheim;
08.10.2026;21:15;SBH S5;34592;Paderborn Hbf;Hannover Hbf;13;teilweise;Paderborn Hbf;Defekt an einem Bahnübergang
08.10.2026;21:16;Bus RE1;8040;Essen Hbf Kruppstraße/Am Thyssenhaus;Duisburg Hbf;;nein;Mülheim (Ruhr) Hbf;
08.10.2026;21:16;Bus S28;2213;Düsseldorf Hbf;Mettmann Stadtwald;1;nein;Düsseldorf Hbf;
08.10.2026;21:16;ERB RB59;90348;Soest;Dortmund Hbf;1;nein;Werl;
08.10.2026;21:16;RRB RB36;82363;Duisburg-Ruhrort;Oberhausen Hbf;1;nein;Duisburg-Ruhrort;
08.10.2026;21:16;S19;32034;Düren;Hennef(Sieg);27;nein;Hennef (Sieg);Verspätung eines vorausfahrenden Zuges
08.10.2026;21:17;ERB RB73;90256;Lemgo-Lüttfeld;Bielefeld Ost;4;nein;Lage (Lippe);Verspätung eines vorausfahrenden Zuges
08.10.2026;21:17;HLB RB96;61837;Betzdorf(Sieg);Würgendorf;2;nein;Würgendorf;
08.10.2026;21:17;NWB RB74;75080;Paderborn Hbf;Bielefeld Hbf;2;nein;Bielefeld Hbf;
08.10.2026;21:17;RE57;10714;Bigge;Dortmund Hbf;6;nein;Dortmund Hbf;Verspätung eines vorausfahrenden Zuges
08.10.2026;21:17;RRB RB31;26036;Duisburg Hbf;Moers;5;nein;Rheinhausen;
08.10.2026;21:18;ERB RB66;90612;Münster(Westf)Hbf;Osnabrück Hbf;2;nein;Kattenvenne;
08.10.2026;21:19;RB RE22;10042;Trier Hbf;Kall;;ja;Dahlem (Eifel);Verspätung aus vorheriger Fahrt
08.10.2026;21:19;RB20;30034;Eschweiler-Weisweiler;Stolberg(Rheinl)Hbf Gl.44;8;nein;Herzogenrath;Verspätung eines vorausfahrenden Zuges
08.10.2026;21:19;RB20;30084;Stolberg-Altstadt;Stolberg(Rheinl)Hbf Gl.44;8;nein;Herzogenrath;Verspätung eines vorausfahrenden Zuges
08.10.2026;21:19;RB27;10630;Köln Messe/Deutz;Mönchengladbach Hbf;6;nein;Mönchengladbach Hbf;Verspätung eines vorausfahrenden Zuges
08.10.2026;21:19;RB27;10632;Köln Messe/Deutz;Mönchengladbach Hbf;2;nein;Köln Messe/Deutz;
08.10.2026;21:20;RTB RB21;90828;Düren;Heimbach (Eifel);1;nein;Düren;
08.10.2026;21:20;RTB RB28;90879;Düren;Euskirchen;0;nein;Düren;
08.10.2026;21:20;S23;32403;Euskirchen;Bonn Hbf;6;nein;Rheinbach;Verspätung eines vorausfahrenden Zuges
08.10.2026;21:21;Bus S28;4212;Neuss Hbf;Kaarster See;0;nein;Neuss Hbf;
08.10.2026;21:21;ERB RB61;20383;Hengelo;Bielefeld Hbf;5;nein;Hiddenhausen-Schweicheln;Verspätung eines vorausfahrenden Zuges
08.10.2026;21:21;RB52;33832;Lüdenscheid;Rummenohl;2;nein;Schalksmühle;
08.10.2026;21:21;RE9;91721;Aachen Hbf;Köln-Ehrenfeld;7;nein;Aachen-Rothe Erde;Verspätung eines vorausfahrenden Zuges
08.10.2026;21:21;RTB RB21;90761;Düren;Linnich Bhf;0;nein;Düren;
08.10.2026;21:22;NWB RB58;75270;Bremen Hbf;Osnabrück Hbf;23;nein;Halen;Defekt an der Strecke, Vorfahrt eines anderen Zuges
08.10.2026;21:22;RE41;16244;Haltern am See;Bochum Hbf;2;nein;Marl-Sinsen;
08.10.2026;21:22;S1;56379;Essen West;Dortmund Hbf;1;teilweise;Essen West;Defekt an der Strecke
08.10.2026;21:22;S4;31401;Unna;Dortmund-Lütgendortmund;1;nein;Massen;
08.10.2026;21:22;S41;5020;Hergenrath;Aachen Hbf;3;nein;Aachen Hbf;
08.10.2026;21:22;TR RB26;25440;Mainz Hbf;Hürth-Kalscheuren;10;ja;Bonn-Mehlem;
08.10.2026;21:23;NX RB48;17368;Köln Hbf;Wuppertal-Oberbarmen;17;nein;Haan;Defekt an einem Signal
08.10.2026;21:23;RB38;10284;Köln Messe/Deutz;Bedburg(Erft);2;nein;Köln Messe/Deutz;Verspätung eines vorausfahrenden Zuges
08.10.2026;21:23;RB52;14682;Hagen Hbf;Dortmund Hbf;7;nein;Dortmund Hbf;Verspätung eines vorausfahrenden Zuges
08.10.2026;21:23;RE62;11516;Löhne(Westf);Rheine;1;nein;Kirchlengern;
08.10.2026;21:23;RRB RE10;82304;Düsseldorf Hbf;Kleve;38;nein;Meerbusch-Osterath;Technische Störung am Zug
08.10.2026;21:23;S11;33147;Bergisch Gladbach;Neuss Hbf;7;teilweise;Bergisch Gladbach;Defekt an der Strecke
08.10.2026;21:23;S12;33273;Blankenberg (Sieg);Köln-Ehrenfeld;5;nein;Hennef (Sieg);
08.10.2026;21:23;SBH S1;34138;Hannover Hbf;Minden (Westf);29;nein;Minden (Westf);Behördliche Maßnahme
08.10.2026;21:24;HLB RB90;61626;Limburg(Lahn);Siegen Hbf;9;nein;Niederschelden Nord Hp;Verspätung eines vorausfahrenden Zuges
08.10.2026;21:24;RB20;30532;Langerwehe;Alsdorf-Annapark;4;nein;Eilendorf;
08.10.2026;21:24;RB20;30582;Stolberg-Altstadt;Alsdorf-Annapark;4;nein;Eilendorf;
08.10.2026;21:24;RE41;16245;Bochum Hbf;Haltern am See;2;nein;Recklinghausen Süd;
08.10.2026;21:24;RRB S7;90144;Solingen Hbf;Wuppertal Hbf;2;nein;Remscheid-Lüttringhausen;
08.10.2026;21:24;S1;31189;Solingen Hbf;Duisburg Hbf;2;nein;Duisburg-Rahm;
08.10.2026;21:25;Bus RE1;8042;Essen Hbf Kruppstraße/Am Thyssenhaus;Duisburg Hbf;;nein;Mülheim (Ruhr) Hbf;
08.10.2026;21:25;Bus RE70;70839;Bielefeld Hbf;Minden(Westf);0;nein;Bielefeld Hbf;
08.10.2026;21:25;ERB RB67;79319;Bielefeld Hbf;Münster(Westf)Hbf;2;nein;Gütersloh Hbf;
08.10.2026;21:25;NWB RB74;75082;Paderborn Hbf;Bielefeld Hbf;1;nein;Paderborn Kasseler Tor;
08.10.2026;21:25;RB20;32832;Düren;Eschweiler-Weisweiler;4;nein;Langerwehe;
08.10.2026;21:25;RB40;30790;Hagen Hbf;Essen Hbf;5;nein;Wetter (Ruhr);Defekt an einem Signal
08.10.2026;21:25;RE9;10932;Siegen Hbf;Aachen Hbf;16;nein;Porz (Rhein);Verspätung eines vorausfahrenden Zuges
08.10.2026;21:25;S12;33264;Köln-Müngersdorf Technologiepark;Troisdorf;4;nein;Troisdorf;
08.10.2026;21:25;VIA RE19;20037;Arnhem Centraal;Düsseldorf Hbf;39;nein;Düsseldorf Flughafen;Außerplanmäßige Geschwindigkeitsbeschränkung, Vorfahrt eines anderen Zuges
08.10.2026;21:25;VIA RE19;77037;Bocholt;Düsseldorf Hbf;39;nein;Düsseldorf Flughafen;Bereitstellung weiterer Wagen
08.10.2026;21:26;ERB RB61;20384;Bielefeld Hbf;Hengelo;7;nein;Ibbenbüren-Laggenbeck;Verspätung eines vorausfahrenden Zuges
08.10.2026;21:26;RE57;10989;Dortmund Hbf;Bestwig;3;nein;Dortmund Signal Iduna Park;
08.10.2026;21:26;RE57;14963;Dortmund Hbf;Schwerte(Ruhr);3;nein;Dortmund Signal Iduna Park;
08.10.2026;21:26;S8;31833;Mönchengladbach Hbf;Hagen Hbf;11;nein;Düsseldorf-Friedrichstadt;Verspätung eines vorausfahrenden Zuges
08.10.2026;21:26;VIA RB34;90528;Dalheim;Mönchengladbach Hbf;15;nein;Mönchengladbach Hbf;Verspätung aus vorheriger Fahrt
08.10.2026;21:27;RB53;14962;Iserlohn;Dortmund Hbf;2;nein;Dortmund-Hörde;
08.10.2026;21:27;S1;31182;Duisburg Hbf;Solingen Hbf;18;nein;Düsseldorf Volksgarten;
08.10.2026;21:28;ERB RB61;20385;Hengelo;Bünde(Westf);1;nein;Ibbenbüren;
08.10.2026;21:28;FLX 30;1328;Berlin Hbf;Köln Hbf;39;nein;Düsseldorf Hbf;Vorfahrt eines anderen Zuges, Verspätung aus vorheriger Fahrt
08.10.2026;21:28;S4;31404;Dortmund-Lütgendortmund;Unna;1;nein;Dortmund-Somborn;
08.10.2026;21:28;VIA RE19;77039;Bocholt;Wesel;3;nein;Hamminkeln;
08.10.2026;21:29;RB64;20232;Münster(Westf)Hbf;Enschede;3;nein;Nordwalde;
08.10.2026;21:29;RE17;10738;Bestwig;Hagen Hbf;4;nein;Schwerte (Ruhr);Verspätung eines vorausfahrenden Zuges
08.10.2026;21:30;Bus RE1;8049;Duisburg Hbf;Essen Hbf Kruppstraße/Am Thyssenhaus;;nein;Duisburg Hbf;
08.10.2026;21:30;Bus S28;2204;Mettmann Stadtwald;Düsseldorf Hbf;1;nein;Düsseldorf-Gerresheim;
08.10.2026;21:30;ERB RB59;90349;Dortmund Hbf;Soest;6;nein;Unna;Verspätung eines vorausfahrenden Zuges
08.10.2026;21:30;RB24;10446;Kall;Köln Süd;10;nein;Euskirchen;Verspätung eines vorausfahrenden Zuges
08.10.2026;21:30;RB24;10447;Köln Messe/Deutz;Kall;8;nein;Euskirchen;Verspätung eines vorausfahrenden Zuges
08.10.2026;21:30;RE18;18970;Aachen Hbf;Eygelshoven Markt;8;nein;Herzogenrath;Verspätung eines vorausfahrenden Zuges
08.10.2026;21:30;RE57;14697;Messinghausen;Warburg(Westf);1;nein;Messinghausen;
08.10.2026;21:30;RRB RE14;89587;Bottrop Hbf;Essen Hbf;9;nein;Essen Hbf;Verspätung eines vorausfahrenden Zuges
08.10.2026;21:30;S12;33271;Au (Sieg);Köln-Ehrenfeld;12;nein;Köln Hbf;Verspätung eines vorausfahrenden Zuges
08.10.2026;21:30;S5;31576;Dortmund Hbf;Hagen Hbf;1;nein;Dortmund Hbf;
08.10.2026;21:30;S6;31636;Essen Hbf;Düsseldorf Hbf;4;nein;Düsseldorf Hbf;
08.10.2026;21:30;S6;31639;Düsseldorf Hbf;Essen Hbf;0;nein;Düsseldorf Hbf;
08.10.2026;21:31;Bus EV;93896;Aue-Wingeshausen;Bad Berleburg;0;nein;Aue-Wingeshausen;
08.10.2026;21:32;ERB RB73;90255;Bielefeld Hbf;Lemgo-Lüttfeld;2;nein;Oerlinghausen;Verspätung eines vorausfahrenden Zuges
08.10.2026;21:32;HLB RE34;28584;Kirchhundem-Welschen Ennest;Siegen Hbf;0;nein;Kirchhundem-Welschen Ennest;
08.10.2026;21:32;IC 2444;2444;Dresden Hbf;Dortmund Hbf;62;nein;Dortmund Hbf;Ärztliche Versorgung eines Fahrgastes, Technischer Defekt an einem anderen Zug
08.10.2026;21:32;RRB RE44;26672;Bottrop Hbf;Oberhausen Hbf;26;ja;Bottrop Hbf;Defekt an einem Signal
08.10.2026;21:32;VIA RB91;21444;Kirchhundem-Welschen Ennest;Siegen Hbf;8;nein;Siegen Hbf;Vorfahrt eines anderen Zuges
08.10.2026;21:32;VIA RE16;29990;Hagen Hbf;Iserlohn;9;nein;Iserlohn-Letmathe;Vorfahrt eines anderen Zuges
08.10.2026;21:33;ERB RB66;90613;Osnabrück Hbf;Münster(Westf)Hbf;4;nein;Lengerich (Westf);
08.10.2026;21:33;ERB RB72;90682;Paderborn Hbf;Herford;1;nein;Altenbeken;
08.10.2026;21:33;ICE 120;120;Frankfurt(Main)Hbf;Amsterdam Centraal;22;nein;Oberhausen Hbf;Verspätung eines vorausfahrenden Zuges
08.10.2026;21:33;NWB RB58;75277;Osnabrück Hbf;Bremen Hbf;2;nein;Halen;Vorfahrt eines anderen Zuges
08.10.2026;21:33;NX RE6;89738;Minden(Westf);Dortmund Hbf;28;nein;Ahlen (Westf);Defekt an einem Signal
08.10.2026;21:33;SBH S5;34579;Hannover Flughafen;Paderborn Hbf;25;nein;Altenbeken;Behördliche Maßnahme
08.10.2026;21:34;Bus RB61;6292;Bielefeld Hbf;Bünde(Westf);;nein;Bielefeld Hbf;
08.10.2026;21:34;Bus RE10;60307;Krefeld Hbf;Düsseldorf Hbf;0;nein;Krefeld Hbf;
08.10.2026;21:34;ERB RB71;89664;Bielefeld Hbf;Rahden;8;nein;Lübbecke (Westf);Außerplanmäßige Geschwindigkeitsbeschränkung, Verspätung eines vorausfahrenden Zuges
08.10.2026;21:34;RB20;32833;Eschweiler-Weisweiler;Düren;5;nein;Langerwehe;
08.10.2026;21:34;RRB RB36;82364;Oberhausen Hbf;Duisburg-Ruhrort;2;nein;Duisburg-Obermeiderich;
08.10.2026;21:35;Bus RE10;60306;Düsseldorf Hbf;Krefeld Hbf;0;nein;Düsseldorf Hbf;
08.10.2026;21:35;RB20;30587;Alsdorf-Annapark;Stolberg-Altstadt;21;nein;Aachen-Rothe Erde;Verspätung eines vorausfahrenden Zuges, Vorfahrt eines anderen Zuges
08.10.2026;21:35;SBH S1;34143;Minden (Westf);Hannover Hbf;22;nein;Minden (Westf);Verspätung aus vorheriger Fahrt, Defekt an einer Weiche
08.10.2026;21:36;HLB RB96;61836;Würgendorf;Betzdorf(Sieg);0;nein;Würgendorf;
08.10.2026;21:36;RB77;14585;Herford;Hildesheim Hbf;1;nein;Herford;
08.10.2026;21:36;RE42;10165;Essen Hbf;Münster(Westf)Hbf;16;nein;Nottuln-Appelhülsen;Verspätung eines vorausfahrenden Zuges
08.10.2026;21:36;S1;56378;Dortmund Hbf;Essen West;2;teilweise;Essen Hbf;Defekt an der Strecke
08.10.2026;21:36;S5;31575;Witten Hbf;Dortmund Hbf;0;nein;Witten Hbf;
08.10.2026;21:37;Bus S28;4213;Kaarster See;Neuss Hbf;0;nein;Neuss Hbf;
08.10.2026;21:37;RB33;10342;Aachen Hbf;Duisburg Hbf;8;teilweise;Aachen Hbf;Defekt an einem Signal, Verspätung aus vorheriger Fahrt
08.10.2026;21:37;RB33;10392;Aachen Hbf;Heinsberg(Rheinl);3;ja;Aachen Hbf;Defekt an einem Signal
08.10.2026;21:37;RB43;14784;Dorsten;Herne-Wanne-Eickel Hbf;4;nein;Herne-Wanne-Eickel Hbf;Verspätung eines vorausfahrenden Zuges
08.10.2026;21:37;RB52;14685;Dortmund Hbf;Hagen Hbf;5;nein;Dortmund Hbf;
08.10.2026;21:37;RB52;33833;Rummenohl;Lüdenscheid;3;nein;Schalksmühle;
08.10.2026;21:37;RRB RE14;89586;Essen Hbf;Bottrop Hbf;1;nein;Essen-Borbeck;
08.10.2026;21:37;S41;5042;Aachen Hbf;Hergenrath;2;nein;Aachen Hbf;
08.10.2026;21:38;ICE 620;620;München Hbf;Dortmund Hbf;53;nein;Dortmund Hbf;Technische Untersuchung am Zug
08.10.2026;21:38;RB63;14738;Münster(Westf)Hbf;Coesfeld(Westf);2;nein;Billerbeck;
08.10.2026;21:38;RE18;18969;Eygelshoven Markt;Aachen Hbf;9;nein;Aachen West;
08.10.2026;21:38;RE47;89347;Remscheid-Lennep;Düsseldorf Hbf;1;nein;Remscheid Hbf;
08.10.2026;21:38;S11;33150;Düsseldorf Flughafen Terminal;Köln Messe/Deutz;9;nein;Düsseldorf Hbf;
08.10.2026;21:38;S2;30273;Dortmund Hbf;Essen Hbf;3;nein;Castrop-Rauxel Hbf;
08.10.2026;21:38;S4;31403;Unna;Dortmund-Lütgendortmund;1;nein;Unna;
08.10.2026;21:39;NX RE1;26833;Aachen Hbf;Hamm(Westf)Hbf;46;nein;Hamm (Westf) Hbf;Vorfahrt eines anderen Zuges
08.10.2026;21:39;RB43;14783;Dortmund Hbf;Dorsten;4;nein;Gladbeck Ost;
08.10.2026;21:39;RE62;11517;Rheine;Bünde(Westf);1;nein;Rheine;
08.10.2026;21:39;S23;32400;Bonn Hbf;Bad Münstereifel;5;nein;Euskirchen-Stotzheim;Technische Störung am Zug
08.10.2026;21:39;S6;31633;Düsseldorf Hbf;Essen Hbf;5;nein;Essen Süd;
08.10.2026;21:40;Bus RE1;8044;Essen Hbf Kruppstraße/Am Thyssenhaus;Duisburg Hbf;;nein;Mülheim (Ruhr) Hbf;
08.10.2026;21:40;VIA RB91;21445;Siegen Hbf;Welschen Ennest;3;nein;Siegen Hbf;
08.10.2026;21:41;ERB RB72;90675;Herford;Paderborn Hbf;6;nein;Paderborn Hbf;Verspätung aus vorheriger Fahrt
08.10.2026;21:41;RB RE22;10043;Kall;Gerolstein;4;nein;Dahlem (Eifel);
08.10.2026;21:41;RB33;10345;Duisburg Hbf;Aachen Hbf;2;nein;Rheinhausen Ost;
08.10.2026;21:41;RE9;10934;Siegen Hbf;Au (Sieg);34;nein;Au (Sieg);Verspätung eines vorausfahrenden Zuges, Verspätung aus vorheriger Fahrt
08.10.2026;21:42;Bus RE1;921;Dortmund Hbf;Duisburg Hbf;;nein;Dortmund Hbf;
08.10.2026;21:42;ICE 854;854;Berlin Hbf;Köln Hbf;70;nein;Wuppertal Hbf;Verspätete Bereitstellung
08.10.2026;21:42;RE22;10042;Kall;Köln Süd;;nein;Kall;
08.10.2026;21:42;S12;33275;Au (Sieg);Hennef(Sieg);4;nein;Merten (Sieg);
08.10.2026;21:42;S8;31830;Hagen Hbf;Mönchengladbach Hbf;4;nein;Neuss Rheinparkcenter;
08.10.2026;21:43;ERB RB65;52354;Münster(Westf)Hbf;Rheine;1;nein;Münster-Sprakel;
08.10.2026;21:43;ICE 207;207;Hamburg-Altona;Köln Hbf;26;nein;Gelsenkirchen Hbf;Technische Störung am Zug
08.10.2026;21:43;RE2;10233;Essen Hbf;Osnabrück Hbf;18;nein;Westbevern;Vorfahrt eines anderen Zuges
08.10.2026;21:43;VIA RE16;31337;Iserlohn;Hagen Hbf;5;nein;Hagen Hbf;
08.10.2026;21:44;Bus EV;93899;Bad Berleburg;Aue-Wingeshausen;0;nein;Bad Berleburg;
08.10.2026;21:44;EUR 9471;9471;Paris Nord;Dortmund Hbf;38;nein;Düsseldorf Hbf;Verspätung im Ausland
08.10.2026;21:44;ICE 24;24;Nürnberg Hbf;Dortmund Hbf;;ja;Bonn Hbf;Defekt an der Oberleitung
08.10.2026;21:44;RE57;10775;Dortmund Hbf;Bestwig;7;nein;Meschede;Verspätung eines vorausfahrenden Zuges
08.10.2026;21:44;S6;31638;Essen Hbf;Düsseldorf Hbf;5;nein;Ratingen Ost;
08.10.2026;21:44;S9;30971;Wuppertal Hbf;Haltern am See;3;nein;Essen West;
08.10.2026;21:45;Bus RE1;922;Duisburg Hbf;Dortmund Hbf;;nein;Duisburg Hbf;
08.10.2026;21:45;ERB RE13;20092;Hamm(Westf)Hbf;Venlo;5;teilweise;Breyell;Verspätung eines vorausfahrenden Zuges, Defekt an einer Weiche
08.10.2026;21:45;NX RE11;26732;Kassel-Wilhelmshöhe;Essen Hbf;20;nein;Essen Hbf;Defekt an einem Signal
08.10.2026;21:45;R S28;91691;Wuppertal Hbf;Mettmann Stadtwald;1;nein;Wuppertal-Steinbeck;
08.10.2026;21:45;R S28;91743;Mettmann Stadtwald;Wuppertal Hbf;2;nein;Wuppertal-Steinbeck;
08.10.2026;21:45;RB27;10641;Mönchengladbach Hbf;Pulheim;4;nein;Rheydt Hbf;
08.10.2026;21:45;RRB S7;90153;Wuppertal Hbf;Solingen Hbf;4;nein;Wuppertal-Unterbarmen;
08.10.2026;21:45;S6;56144;Köln-Dellbrück;Köln-Nippes;3;nein;Köln-Mülheim;Defekt an der Strecke
08.10.2026;21:45;S9;30972;Haltern am See;Wuppertal Hbf;8;nein;Gelsenkirchen-Hassel;
08.10.2026;21:46;RRB RB31;26037;Moers;Duisburg Hbf;3;nein;Duisburg Hbf;
08.10.2026;21:46;RRB S7;90146;Solingen Hbf;Remscheid-Lennep;2;nein;Remscheid Hbf;
08.10.2026;21:46;S19;32038;Sindorf;Hennef(Sieg);18;nein;Hennef (Sieg);Verspätung eines vorausfahrenden Zuges
08.10.2026;21:46;WFB RE15;90297;Emden Hbf;Münster(Westf)Hbf;10;nein;Greven;Verzögerungen im Betriebsablauf
08.10.2026;21:47;S6;56145;Köln-Nippes;Köln-Dellbrück;2;nein;Köln-Mülheim;
08.10.2026;21:48;ERB RE82;79368;Bielefeld Hbf;Altenbeken;14;nein;Altenbeken;Verspätung eines vorausfahrenden Zuges, Vorfahrt eines anderen Zuges, Verspätung aus vorheriger Fahrt
08.10.2026;21:48;NWB RB74;75083;Bielefeld Hbf;Paderborn Hbf;3;nein;Bielefeld-Brackwede;Verspätung eines vorausfahrenden Zuges, Vorfahrt eines anderen Zuges
08.10.2026;21:48;S23;32402;Bonn Hbf;Euskirchen;8;nein;Euskirchen-Kuchenheim;Verspätung eines vorausfahrenden Zuges
08.10.2026;21:49;Bus RB54;54034;Bahnhof, Unna;Ardey Bahnhof, Fröndenberg;;nein;Fröndenberg-Frömern;
08.10.2026;21:49;ERB RB89;91900;Paderborn Hbf;Soest;7;nein;Soest;
08.10.2026;21:49;RB63;14737;Coesfeld(Westf);Münster(Westf)Hbf;4;nein;Münster (Westf) Hbf;
08.10.2026;21:49;S1;31193;Solingen Hbf;Duisburg Hbf;2;nein;Hilden Süd;
08.10.2026;21:50;Bus RE44;64235;Oberhausen Hbf;Bottrop Hbf;0;nein;Oberhausen Hbf;
08.10.2026;21:50;ICE 844;844;Berlin Hbf;Köln Hbf;91;nein;Duisburg Hbf;Verspätete Bereitstellung
08.10.2026;21:50;ICE 912;912;München Hbf;Dortmund Hbf;33;nein;Dortmund Hbf;Verspätung eines vorausfahrenden Zuges
08.10.2026;21:50;RB53;14963;Schwerte(Ruhr);Iserlohn;3;nein;Schwerte-Ergste;
08.10.2026;21:50;S4;31402;Dortmund-Lütgendortmund;Unna;2;nein;Unna West;
08.10.2026;21:51;Bus RB73;7372;Bielefeld Ost;Bielefeld Hbf;16;nein;Bielefeld Ost;
08.10.2026;21:51;Bus S28;2217;Düsseldorf Hbf;Mettmann Stadtwald;1;nein;Düsseldorf-Flingern;
08.10.2026;21:51;Bus S28;4216;Neuss Hbf;Kaarster See;0;nein;Neuss Hbf;
08.10.2026;21:51;RB24;10449;Köln Messe/Deutz;Kall;6;nein;Köln West;Verspätung eines vorausfahrenden Zuges
08.10.2026;21:51;RB94;23180;Marburg(Lahn);Erndtebrück;0;nein;Erndtebrück;
08.10.2026;21:51;RE47;89338;Düsseldorf Hbf;Remscheid-Lennep;10;nein;Hilden;Verspätung eines vorausfahrenden Zuges
08.10.2026;21:51;RE9;10931;Aachen Hbf;Siegen Hbf;72;nein;Siegen Hbf;
08.10.2026;21:52;Bus RE78;7908;Nienburg(Weser);Bielefeld Hbf;;nein;Petershagen-Lahde;
08.10.2026;21:52;HLB RB96;61839;Betzdorf(Sieg);Neunkirchen(Kr Siegen);0;nein;Struthütten;
08.10.2026;21:52;NX RE11;26734;Kassel-Wilhelmshöhe;Hamm(Westf)Hbf;48;nein;Hamm (Westf) Hbf;Polizeieinsatz, Defekt an einem Bahnübergang, Behördliche Maßnahme
08.10.2026;21:52;RB38;10283;Bedburg (Erft);Horrem;2;nein;Zieverich;
08.10.2026;21:52;RE57;10748;Warburg(Westf);Messinghausen;0;nein;Warburg (Westf);
08.10.2026;21:52;S1;56381;Essen West;Dortmund Hbf;2;teilweise;Essen West;Defekt an der Strecke
08.10.2026;21:52;WFB RE60;95786;Braunschweig Hbf;Rheine;11;nein;Minden (Westf);Verspätung eines vorausfahrenden Zuges
08.10.2026;21:53;NWB RB75;75184;Osnabrück Hbf;Bielefeld Hbf;2;nein;Bielefeld Hbf;
08.10.2026;21:53;RB25;10578;Köln Hansaring;Lüdenscheid;11;nein;Meinerzhagen;
08.10.2026;21:53;S11;33149;Bergisch Gladbach;Neuss Hbf;2;teilweise;Bergisch Gladbach;Defekt an der Strecke
08.10.2026;21:53;S9;30975;Wuppertal Hbf;Haltern am See;;ja;Wuppertal Hbf;Kurzfristiger Personalausfall
08.10.2026;21:53;VIA RB46;31483;Gelsenkirchen Hbf;Bochum Hbf;4;nein;Herne-Wanne-Eickel Hbf;
08.10.2026;21:53;VIA RB91;21454;Hagen Hbf;Lennestadt-Altenhundem;3;teilweise;Hohenlimburg;
08.10.2026;21:54;HLB RE99;15119;Siegen Hbf;Frankfurt(Main)Hbf;16;nein;Siegen Hbf;Vorfahrt eines anderen Zuges
08.10.2026;21:54;NX RE1;26839;Aachen Hbf;Hamm(Westf)Hbf;8;nein;Aachen-Rothe Erde;
08.10.2026;21:54;NX RE6;89737;Köln/Bonn Flughafen;Dortmund Hbf;25;nein;Dortmund Hbf;Verspätung eines vorausfahrenden Zuges
08.10.2026;21:54;VIA RB35;52238;Mönchengladbach Hbf;Duisburg Hbf;14;nein;Duisburg Hbf;Vorfahrt eines anderen Zuges
08.10.2026;21:55;Bus RB73;7379;Bielefeld Hbf;Bielefeld Ost;;nein;Bielefeld Hbf;
08.10.2026;21:55;Bus RE1;8046;Essen Hbf Kruppstraße/Am Thyssenhaus;Duisburg Hbf;;nein;Mülheim (Ruhr) Hbf;
08.10.2026;21:55;NX RE5;28536;Koblenz Hbf;Köln Messe/Deutz;0;ja;Bonn-Bad Godesberg;
08.10.2026;21:55;VIA RE19;20038;Düsseldorf Hbf;Arnhem Centraal;9;nein;Oberhausen-Sterkrade;Vorfahrt eines anderen Zuges
08.10.2026;21:55;VIA RE19;77038;Düsseldorf Hbf;Bocholt;9;nein;Oberhausen-Sterkrade;Vorfahrt eines anderen Zuges
08.10.2026;21:56;Bus RB31;62036;Moers;Xanten;0;nein;Rheinberg (Rheinl);
08.10.2026;21:56;ICE 514;514;München Hbf;Hamburg-Altona;30;nein;Münster (Westf) Hbf;
08.10.2026;21:56;NX RE1;26835;Aachen Hbf;Hamm(Westf)Hbf;24;teilweise;Essen Hbf;Verspätung eines vorausfahrenden Zuges, Vorfahrt eines anderen Zuges
08.10.2026;21:56;RB33;10393;Heinsberg(Rheinl);Aachen Hbf;3;ja;Lindern;Defekt an einem Signal
08.10.2026;21:57;NX RE6;89736;Minden(Westf);Düsseldorf Hbf;37;nein;Düsseldorf Flughafen;Defekt an der Strecke
08.10.2026;21:57;RB77;14582;Hildesheim Hbf;Vlotho;;ja;Vlotho;Kurzfristige Erkrankung von Personal
08.10.2026;21:58;Bus RB31;62039;Xanten;Moers;1;nein;Rheinberg (Rheinl);
08.10.2026;21:58;Bus RE5;5400;Köln-Mülheim;Leverkusen Mitte;;ja;Köln-Mülheim;
08.10.2026;21:58;NX RE5;28535;Wesel;Koblenz Hbf;24;teilweise;Düsseldorf Hbf;Verspätung aus vorheriger Fahrt
08.10.2026;21:58;RB20;30037;Stolberg(Rheinl)Hbf Gl.44;Eschweiler-Weisweiler;6;nein;Aachen Schanz;Verspätung eines vorausfahrenden Zuges
08.10.2026;21:58;S8;31832;Wuppertal-Oberbarmen;Düsseldorf Hbf;6;nein;Düsseldorf-Flingern;
08.10.2026;21:59;Bus RB48;4808;Köln Hbf (Breslauer Platz);Hürth-Kalscheuren;;nein;Hürth-Kalscheuren;
08.10.2026;21:59;HLB RB93;61898;Siegen Hbf;Aue-Wingeshausen;9;nein;Lützel;
08.10.2026;21:59;RE42;10168;Münster(Westf)Hbf;Essen Hbf;21;nein;Herne-Wanne-Eickel Hbf;Verspätung aus vorheriger Fahrt
08.10.2026;22:00;Bus EV;92930;Finnentrop;Olpe;0;nein;Finnentrop;
08.10.2026;22:00;Bus RB48;4811;Hürth-Kalscheuren;Köln Hbf (Breslauer Platz);;nein;Hürth-Kalscheuren;
08.10.2026;22:00;Bus RE1;8053;Duisburg Hbf;Essen Hbf Kruppstraße/Am Thyssenhaus;;nein;Duisburg Hbf;
08.10.2026;22:00;Bus RE44;64234;Bottrop Hbf;Oberhausen Hbf;0;nein;Bottrop Hbf;
08.10.2026;22:00;Bus S28;2208;Mettmann Stadtwald;Düsseldorf Hbf;0;nein;Düsseldorf-Gerresheim;
08.10.2026;22:00;ERB RE3;89897;Essen Hbf;Dortmund Hbf;4;nein;Dortmund Hbf;
08.10.2026;22:00;RB25;10582;Köln Hansaring;Meinerzhagen;8;nein;Overath;Warten auf einen entgegenkommenden Zug
08.10.2026;22:00;S19;32040;Düren;Hennef(Sieg);6;nein;Porz-Wahn;
08.10.2026;22:00;S19;52811;Troisdorf;Düren;9;nein;Horrem;
08.10.2026;22:01;Bus EV;92945;Olpe;Finnentrop;0;nein;Olpe;
08.10.2026;22:01;RB51;14632;Dortmund Hbf;Coesfeld(Westf);7;nein;Dortmund-Derne;Verspätung aus vorheriger Fahrt
08.10.2026;22:01;RB52;14684;Hagen Hbf;Dortmund Hbf;4;nein;Herdecke;
08.10.2026;22:01;S9;30974;Recklinghausen Hbf;Essen Hbf;1;nein;Recklinghausen Hbf;
08.10.2026;22:02;ERB RB72;90677;Herford;Paderborn Hbf;1;nein;Detmold;
08.10.2026;22:02;S8;29095;Mönchengladbach Hbf;Neuss Hbf;1;nein;Kleinenbroich;
08.10.2026;22:03;ERB RB66;90614;Münster(Westf)Hbf;Osnabrück Hbf;1;nein;Münster (Westf) Hbf;
08.10.2026;22:03;ERB RB89;90039;Münster(Westf)Hbf;Paderborn Hbf;2;nein;Soest;
08.10.2026;22:03;HLB RB93;61899;Aue-Wingeshausen;Erndtebrück;0;nein;Aue-Wingeshausen;
08.10.2026;22:03;RB52;33834;Lüdenscheid;Rummenohl;1;nein;Lüdenscheid;
08.10.2026;22:03;RB54;14871;Fröndenberg;Menden(Sauerland);0;nein;Fröndenberg;
08.10.2026;22:03;RE8;10837;Rommerskirchen;Köln Messe/Deutz;5;nein;Köln Hbf;Verspätung eines vorausfahrenden Zuges
08.10.2026;22:03;RRB RE10;82309;Kleve;Krefeld Hbf;1;nein;Nieukerk;Vorfahrt eines anderen Zuges
08.10.2026;22:03;S6;31640;Essen Hbf;Düsseldorf Hbf;5;nein;Kettwig;Defekt an der Strecke
08.10.2026;22:04;RTB RB21;90760;Linnich Bhf;Düren;2;nein;Düren;
08.10.2026;22:05;ERB RB50;89950;Dortmund Hbf;Münster(Westf)Hbf;12;nein;Ascheberg (Westf);Vorfahrt eines anderen Zuges, Verspätung aus vorheriger Fahrt
08.10.2026;22:05;HLB RE99;15120;Frankfurt(Main)Hbf;Siegen Hbf;16;nein;Siegen Hbf;
08.10.2026;22:05;RB20;30036;Eschweiler-Weisweiler;Stolberg(Rheinl)Hbf Gl.44;6;nein;Aachen Schanz;Verspätung eines vorausfahrenden Zuges
08.10.2026;22:05;RE2;10234;Osnabrück Hbf;Essen Hbf;20;nein;Herne-Wanne-Eickel Hbf;Ärztliche Versorgung eines Fahrgastes, Verspätung eines vorausfahrenden Zuges
08.10.2026;22:05;RE2;10248;Osnabrück Hbf;Münster(Westf)Hbf;1;nein;Kattenvenne;
08.10.2026;22:05;RTB RB21;90829;Heimbach (Eifel);Düren;1;nein;Düren;
08.10.2026;22:05;VIA RB46;31482;Bochum Hbf;Gelsenkirchen Hbf;12;nein;Herne-Wanne-Eickel Hbf;Verspätung aus vorheriger Fahrt
08.10.2026;22:06;S1;31191;Solingen Hbf;Duisburg Hbf;5;nein;Duisburg Hbf;
08.10.2026;22:06;S8;31835;Mönchengladbach Hbf;Wuppertal-Oberbarmen;2;nein;Düsseldorf-Gerresheim;
08.10.2026;22:07;Bus RB77;84582;Vlotho;Herford;;nein;Vlotho;
08.10.2026;22:07;Bus RE14;67591;Borken (Westf);Bottrop Hbf;1;teilweise;Deuten;
08.10.2026;22:07;Bus S28;4217;Kaarster See;Neuss Hbf;0;nein;Neuss Hbf;
08.10.2026;22:07;ES 401;401;Bruxelles Midi;Milano Porta Garibaldi;66;nein;Köln Hbf;
08.10.2026;22:07;NX RE1;26832;Hamm(Westf)Hbf;Aachen Hbf;16;nein;Aachen Hbf;Verspätung eines vorausfahrenden Zuges
08.10.2026;22:07;NX RE11;26735;Essen Hbf;Kassel-Wilhelmshöhe;23;nein;Hamm (Westf) Hbf;Verspätung eines vorausfahrenden Zuges, Verspätung aus vorheriger Fahrt
08.10.2026;22:07;NX RE5;28537;Wesel;Duisburg Hbf;24;nein;Wesel;Verspätung aus vorheriger Fahrt
08.10.2026;22:07;R S28;91751;Mettmann Stadtwald;Wuppertal Hbf;5;nein;Wuppertal-Vohwinkel;
08.10.2026;22:07;RB63;14739;Coesfeld(Westf);Münster(Westf)Hbf;1;nein;Coesfeld Schulzentrum;
08.10.2026;22:08;Bus RB54;54037;Ardey Bahnhof, Fröndenberg;Bahnhof, Unna;;nein;Fröndenberg-Frömern;
08.10.2026;22:08;Bus RE5;5402;Düsseldorf Hbf;Köln Hbf (Breslauer Platz);;nein;Düsseldorf Hbf;
08.10.2026;22:08;ERB RB59;90351;Dortmund Hbf;Soest;1;nein;Dortmund Signal Iduna Park;
08.10.2026;22:08;HLB RE34;28587;Siegen Hbf;Kirchhundem-Welschen Ennest;0;nein;Siegen Hbf;
08.10.2026;22:08;RB64;20234;Münster(Westf)Hbf;Enschede;2;nein;Münster (Westf) Hbf;
08.10.2026;22:08;RE42;10169;Essen Hbf;Münster(Westf)Hbf;19;nein;Recklinghausen Hbf;Defekt an einem Signal, Verspätung eines vorausfahrenden Zuges
08.10.2026;22:08;S1;31184;Duisburg Hbf;Solingen Hbf;21;nein;Hilden;
08.10.2026;22:08;S1;56380;Dortmund Hbf;Essen West;3;nein;Essen West;
08.10.2026;22:08;VIA RE19;20041;Arnhem Centraal;Duisburg Hbf;5;nein;Emmerich;Vorfahrt eines anderen Zuges
08.10.2026;22:09;Bus RB31;62041;Xanten;Moers;2;nein;Xanten;
08.10.2026;22:09;NWB RB75;75185;Bielefeld Hbf;Osnabrück Hbf;2;nein;Bielefeld-Brackwede;
08.10.2026;22:09;RE9;10936;Siegen Hbf;Au (Sieg);68;nein;Siegen Hbf;Verspätung aus vorheriger Fahrt
08.10.2026;22:09;S23;32407;Euskirchen;Bonn Hbf;2;nein;Euskirchen-Kuchenheim;
08.10.2026;22:10;Bus RE1;8048;Essen Hbf Kruppstraße/Am Thyssenhaus;Duisburg Hbf;;nein;Mülheim (Ruhr) Hbf;
08.10.2026;22:10;ERB RB65;52357;Rheine;Münster(Westf)Hbf;4;nein;Greven;Verspätung eines vorausfahrenden Zuges
08.10.2026;22:10;ERB RE13;20099;Venlo;Mönchengladbach Hbf;4;teilweise;Kaldenkirchen;Verspätung eines vorausfahrenden Zuges
08.10.2026;22:10;RTB RB28;90878;Euskirchen;Düren;1;nein;Düren;
08.10.2026;22:10;S5;31577;Hagen Hbf;Dortmund Hbf;3;nein;Witten-Annen Nord;
08.10.2026;22:10;S6;56146;Köln-Dellbrück;Köln-Nippes;1;nein;Köln-Holweide;
08.10.2026;22:11;S5;31578;Dortmund Hbf;Witten Hbf;1;nein;Witten-Annen Nord;
08.10.2026;22:11;S9;30977;Hagen Hbf;Bottrop Hbf;13;nein;Wuppertal-Langerfeld;
08.10.2026;22:11;VIA RB39;56635;Neuss Hbf;Grevenbroich;2;nein;Holzheim (b Neuss);
08.10.2026;22:12;Bus RE1;923;Dortmund Hbf;Duisburg Hbf;;nein;Dortmund Hbf;
08.10.2026;22:12;NX RB48;17377;Wuppertal-Oberbarmen;Köln-Mülheim;4;nein;Wuppertal-Oberbarmen;
08.10.2026;22:12;RE2;10235;Essen Hbf;Münster(Westf)Hbf;21;nein;Haltern am See;Defekt an einem Signal
08.10.2026;22:12;S19;32047;Hennef (Sieg);Sindorf;51;teilweise;Köln Hansaring;Verspätung eines vorausfahrenden Zuges, Verspätung aus vorheriger Fahrt
08.10.2026;22:12;TRI RE100;28084;Essen Hbf;Düsseldorf Hbf;1;nein;Düsseldorf Hbf;
08.10.2026;22:13;ERB RE82;79373;Altenbeken;Bielefeld Ost;0;nein;Altenbeken;
08.10.2026;22:14;ERB RB61;20387;Hengelo;Bünde(Westf);2;nein;Rheine;Verspätung eines vorausfahrenden Zuges
08.10.2026;22:14;RB51;20285;Enschede;Gronau (Westf);0;nein;Gronau (Westf);
08.10.2026;22:14;RE42;10170;Haltern am See;Herne-Wanne-Eickel Hbf;3;nein;Marl-Sinsen;
08.10.2026;22:14;S1;31186;Duisburg Hbf;Solingen Hbf;2;nein;Düsseldorf-Unterrath;
08.10.2026;22:14;VIA RB91;31379;Lennestadt-Altenhundem;Hagen Hbf;;ja;Lennestadt-Altenhundem;
08.10.2026;22:15;Bus RE1;924;Duisburg Hbf;Dortmund Hbf;;nein;Duisburg Hbf;
08.10.2026;22:15;ICE 542;542;Berlin Hbf;Köln Hbf;47;nein;Dortmund Hbf;Verspätete Bereitstellung
08.10.2026;22:15;NWB RB84;74994;Paderborn Hbf;Holzminden;1;nein;Bad Driburg (Westf);
08.10.2026;22:15;RB43;14786;Dorsten;Herne-Wanne-Eickel Hbf;2;nein;Gladbeck-Zweckel;
08.10.2026;22:15;RB63;14740;Münster(Westf)Hbf;Coesfeld(Westf);2;nein;Münster-Mecklenbeck;
08.10.2026;22:15;WFB RE15;90300;Münster(Westf)Hbf;Emden Hbf;6;nein;Münster Zentrum Nord;Verspätung eines vorausfahrenden Zuges
08.10.2026;22:16;RB40;30792;Hagen Hbf;Essen Hbf;1;nein;Hagen Hbf;
08.10.2026;22:16;RE2;10236;Münster(Westf)Hbf;Essen Hbf;3;nein;Münster-Albachten;
08.10.2026;22:16;RRB RB36;82365;Duisburg-Ruhrort;Oberhausen Hbf;1;nein;Duisburg-Ruhrort;
08.10.2026;22:17;RB20;32834;Düren;Eschweiler-Weisweiler;1;nein;Düren;
08.10.2026;22:17;RRB RB31;26038;Duisburg Hbf;Moers;11;nein;Rheinhausen;Vorfahrt eines anderen Zuges
08.10.2026;22:18;NWB RB85;74952;Göttingen;Höxter-Ottbergen;3;nein;Beverungen-Wehrden;Vorfahrt eines anderen Zuges
08.10.2026;22:18;R S28;91698;Wuppertal Hbf;Mettmann Stadtwald;2;nein;Wuppertal Zoologischer Garten;
08.10.2026;22:18;S2;30277;Dortmund Hbf;Essen Hbf;1;nein;Dortmund Hbf;
08.10.2026;22:18;S8;31838;Hagen Hbf;Düsseldorf Hbf;3;nein;Hagen-Wehringhausen;
08.10.2026;22:19;ERB RB89;90041;Münster(Westf)Hbf;Hamm(Westf)Hbf;2;nein;Rinkerode;
08.10.2026;22:19;RB RE22;10044;Trier Hbf;Kall;;ja;Dahlem (Eifel);
08.10.2026;22:19;RB20;30589;Alsdorf-Annapark;Stolberg-Altstadt;7;nein;Kohlscheid;Verspätung eines vorausfahrenden Zuges
08.10.2026;22:19;RB64;20231;Enschede;Münster(Westf)Hbf;3;nein;Nordwalde;
08.10.2026;22:19;S19;32044;Düren;Hennef(Sieg);15;nein;Horrem;Verspätung eines vorausfahrenden Zuges
08.10.2026;22:19;S8;29090;Neuss Hbf;Mönchengladbach Hbf;0;nein;Neuss Hbf;
08.10.2026;22:20;ICE 318;318;Frankfurt(Main)Hbf;Bruxelles Midi;22;nein;Aachen Hbf;Warten auf Anschlussreisende
08.10.2026;22:20;RB94;23185;Erndtebrück;Bad Laasphe;3;nein;Erndtebrück;
08.10.2026;22:20;RTB RB21;90830;Düren;Heimbach (Eifel);0;nein;Düren;
08.10.2026;22:20;S6;31641;Düsseldorf Hbf;Essen Hbf;2;nein;Hösel;
08.10.2026;22:21;Bus RB59;5812;Soest;Unna;3;nein;Soest;
08.10.2026;22:21;Bus RB61;6301;Bünde (Westf);Bielefeld Hbf;;nein;Bünde (Westf);
08.10.2026;22:21;Bus S28;2223;Düsseldorf Hbf;Mettmann Stadtwald;6;nein;Düsseldorf-Flingern;Verzögerungen im Betriebsablauf
08.10.2026;22:21;Bus S28;4222;Neuss Hbf;Kaarster See;0;nein;Neuss Hbf;
08.10.2026;22:21;HLB RB90;61631;Siegen Hbf;Westerburg;7;nein;Au (Sieg);Verspätung eines vorausfahrenden Zuges
08.10.2026;22:21;NX RE7;17434;Krefeld Hbf;Münster(Westf)Hbf;26;nein;Hagen Hbf;Technischer Defekt an einem anderen Zug
08.10.2026;22:21;RE18;18974;Aachen Hbf;Eygelshoven Markt;8;nein;Aachen West;
08.10.2026;22:21;RE9;91723;Aachen Hbf;Köln-Ehrenfeld;3;nein;Aachen-Rothe Erde;
08.10.2026;22:21;RTB RB21;90763;Düren;Linnich Bhf;0;nein;Düren;
08.10.2026;22:22;EUR 9477;9477;Paris Nord;Köln Hbf;28;nein;Köln Hbf;Verspätung im Ausland
08.10.2026;22:22;NWB RB58;75272;Bremen Hbf;Osnabrück Hbf;18;nein;Halen;Defekt an der Strecke
08.10.2026;22:22;RE41;16246;Haltern am See;Bochum Hbf;3;nein;Marl-Sinsen;
08.10.2026;22:22;RRB S7;90150;Solingen Hbf;Remscheid-Lennep;0;nein;Solingen Hbf;
08.10.2026;22:22;S23;32404;Bonn Hbf;Euskirchen;2;nein;Euskirchen;
08.10.2026;22:22;S4;31405;Unna;Dortmund-Lütgendortmund;2;nein;Massen;
08.10.2026;22:22;S41;5021;Hergenrath;Aachen Hbf;3;nein;Aachen Hbf;
08.10.2026;22:22;TR RB26;25442;Mainz Hbf;Hürth-Kalscheuren;5;ja;Bonn-Mehlem;
08.10.2026;22:23;Bus RB69;6914;Bielefeld Hbf;Hamm(Westf)Hbf;16;nein;Gütersloh Hbf;
08.10.2026;22:23;NWB RB74;75084;Paderborn Hbf;Bielefeld Hbf;0;nein;Paderborn Hbf;
08.10.2026;22:23;NX RE11;26737;Essen Hbf;Bochum Hbf;3;nein;Bochum Hbf;
08.10.2026;22:24;RB20;30584;Stolberg-Altstadt;Aachen Hbf;5;nein;Eilendorf;Verspätung eines vorausfahrenden Zuges
08.10.2026;22:24;RE41;16247;Bochum Hbf;Haltern am See;3;nein;Recklinghausen Süd;
08.10.2026;22:24;RRB S7;90148;Solingen Hbf;Wuppertal Hbf;1;nein;Remscheid-Lüttringhausen;
08.10.2026;22:25;IC 60403;60403;Amsterdam Centraal;Zürich HB;19;nein;Emmerich;Verspätung eines vorausfahrenden Zuges
08.10.2026;22:25;ICE 842;842;Berlin Hbf;Düsseldorf Hbf;24;nein;Bielefeld Hbf;Verspätetes Personal aus vorheriger Fahrt, Behobener Defekt am Zug
08.10.2026;22:25;ICE 852;852;Berlin Hbf;Düsseldorf Hbf;24;nein;Bielefeld Hbf;Verspätetes Personal aus vorheriger Fahrt, Behobener Defekt am Zug
08.10.2026;22:25;NX RE7;17437;Rheine;Hagen Hbf;37;nein;Schwerte (Ruhr);Verspätung eines vorausfahrenden Zuges, Vorfahrt eines anderen Zuges, Verspätung aus vorheriger Fahrt
08.10.2026;22:26;ERB RB50;89951;Münster(Westf)Hbf;Dortmund Hbf;12;nein;Dortmund Hbf;Verspätung eines vorausfahrenden Zuges
08.10.2026;22:26;ERB RB61;20386;Bielefeld Hbf;Hengelo;2;nein;Ibbenbüren-Laggenbeck;
08.10.2026;22:26;S12;33279;Au (Sieg);Hennef(Sieg);3;nein;Schladern (Sieg);
08.10.2026;22:26;S4;31406;Dortmund-Lütgendortmund;Unna;2;nein;Dortmund Knappschaftskrankenhaus;
08.10.2026;22:27;SBH S5;34596;Paderborn Hbf;Hannover Hbf;1;nein;Altenbeken;
08.10.2026;22:28;Bus RE78;7854;Löhne(Westf);Bielefeld Hbf;;ja;Löhne (Westf);
08.10.2026;22:28;HLB RB90;61633;Siegen Hbf;Altenkirchen(Westerwald);12;nein;Siegen Hbf;
08.10.2026;22:28;NX RB48;17372;Köln-Mülheim;Wuppertal-Oberbarmen;15;nein;Haan-Gruiten;Verspätung eines vorausfahrenden Zuges
08.10.2026;22:28;RE57;10783;Dortmund Hbf;Bestwig;2;nein;Dortmund Signal Iduna Park;
08.10.2026;22:28;RE57;14965;Dortmund Hbf;Schwerte(Ruhr);2;nein;Dortmund Signal Iduna Park;
08.10.2026;22:28;S1;56384;Dortmund Hbf;Essen West;3;nein;Dortmund-Dorstfeld Süd;Defekt an der Strecke
08.10.2026;22:28;S8;31834;Hagen Hbf;Düsseldorf Hbf;5;nein;Düsseldorf-Flingern;
08.10.2026;22:28;VIA RE19;77041;Bocholt;Wesel;4;nein;Hamminkeln;Warten auf einen entgegenkommenden Zug
08.10.2026;22:29;WFB RE15;90299;Emden Hbf;Münster(Westf)Hbf;3;nein;Rheine;
08.10.2026;22:30;Bus RE1;8057;Duisburg Hbf;Essen Hbf Kruppstraße/Am Thyssenhaus;;nein;Duisburg Hbf;
08.10.2026;22:30;Bus S28;2214;Mettmann Stadtwald;Düsseldorf Hbf;1;nein;Düsseldorf-Gerresheim;
08.10.2026;22:30;ICE 910;910;München Hbf;Köln Hbf;19;nein;Köln Hbf;
08.10.2026;22:30;RB51;20283;Enschede;Dortmund Hbf;5;nein;Lüdinghausen;Verspätung eines vorausfahrenden Zuges
08.10.2026;22:30;RRB RE14;89589;Bottrop Hbf;Essen Hbf;9;nein;Essen Hbf;Defekt an der Strecke
08.10.2026;22:30;S1;56383;Essen West;Dortmund Hbf;4;nein;Essen-Steele;
08.10.2026;22:30;S12;33270;Köln-Müngersdorf Technologiepark;Au(Sieg);15;nein;Schladern (Sieg);Verspätung eines vorausfahrenden Zuges
08.10.2026;22:30;S19;32042;Sindorf;Hennef(Sieg);6;nein;Porz-Wahn;Verspätung eines vorausfahrenden Zuges
08.10.2026;22:31;Bus EV;93898;Aue-Wingeshausen;Bad Berleburg;0;nein;Aue-Wingeshausen;
08.10.2026;22:32;ERB RB67;79318;Münster (Westf) Hbf;Rheda-Wiedenbrück;1;nein;Telgte;
08.10.2026;22:32;HLB RB90;61628;Limburg(Lahn);Siegen Hbf;26;nein;Siegen Hbf;Vorfahrt eines anderen Zuges
08.10.2026;22:32;HLB RE34;28586;Kirchhundem-Welschen Ennest;Siegen Hbf;0;nein;Kirchhundem-Welschen Ennest;
08.10.2026;22:32;RB25;10591;Lüdenscheid;Gummersbach-Dieringhausen;2;nein;Lüdenscheid;
08.10.2026;22:32;RB40;30791;Essen Hbf;Hagen Hbf;1;nein;Witten Hbf;
08.10.2026;22:32;RE47;89349;Remscheid-Lennep;Düsseldorf Hbf;5;nein;Remscheid-Lennep;Verspätung aus vorheriger Fahrt
08.10.2026;22:32;RTB RB28;90880;Euskirchen;Zülpich;0;nein;Euskirchen;
08.10.2026;22:32;S8;29097;Mönchengladbach Hbf;Neuss Hbf;1;nein;Kleinenbroich;
08.10.2026;22:32;TRI RE100;28085;Düsseldorf Hbf;Essen Hbf;0;nein;Düsseldorf Hbf;
08.10.2026;22:32;VIA RB91;21446;Kirchhundem-Welschen Ennest;Siegen Hbf;12;nein;Siegen Hbf;Polizeieinsatz
08.10.2026;22:33;ERB RB67;79316;Münster (Westf) Hbf;Bielefeld Hbf;1;nein;Gütersloh Hbf;
08.10.2026;22:33;ERB RB72;90679;Herford;Detmold;0;nein;Herford;
08.10.2026;22:33;ICE 319;319;Bruxelles Midi;Frankfurt(Main)Hbf;15;nein;Siegburg/Bonn;
08.10.2026;22:33;RE42;10171;Herne-Wanne-Eickel Hbf;Haltern am See;2;nein;Recklinghausen Süd;
08.10.2026;22:33;S9;30970;Recklinghausen Hbf;Hagen Hbf;21;nein;Wuppertal Zoologischer Garten;
08.10.2026;22:33;VIA RE16;31368;Hagen Hbf;Iserlohn;12;nein;Letmathe-Dechenhöhle;Vorfahrt eines anderen Zuges
08.10.2026;22:34;Bus RE10;60309;Krefeld Hbf;Düsseldorf Hbf;0;nein;Krefeld Hbf;
08.10.2026;22:34;ERB RB71;89666;Bünde(Westf);Rahden;2;nein;Lübbecke (Westf);
08.10.2026;22:34;IC 2446;2446;Dresden-Neustadt;Dortmund Hbf;54;nein;Herford;Technische Störung am Zug, Verspätung aus vorheriger Fahrt
08.10.2026;22:34;ICE 552;552;Berlin Hbf;Wuppertal Hbf;50;nein;Hagen Hbf;Ärztliche Versorgung eines Fahrgastes, Verspätete Bereitstellung, Verspätetes Personal aus vorheriger Fahrt
08.10.2026;22:34;RB20;32835;Eschweiler-Weisweiler;Düren;8;nein;Langerwehe;Verspätung eines vorausfahrenden Zuges
08.10.2026;22:34;RRB RB36;82366;Oberhausen Hbf;Duisburg-Ruhrort;2;nein;Duisburg-Obermeiderich;
08.10.2026;22:34;RRB S7;90155;Wuppertal Hbf;Solingen Hbf;4;nein;Remscheid-Lüttringhausen;Warten auf einen entgegenkommenden Zug
08.10.2026;22:34;VIA RB39;56634;Bedburg (Erft);Neuss Hbf;1;nein;Grevenbroich;
08.10.2026;22:35;Bus RB69;6919;Hamm (Westf) Hbf;Bielefeld Hbf;15;nein;Beckum-Neubeckum;
08.10.2026;22:35;Bus RE10;60308;Düsseldorf Hbf;Krefeld Hbf;0;nein;Düsseldorf Hbf;
08.10.2026;22:35;ERB RB50;89952;Dortmund Hbf;Münster(Westf)Hbf;11;nein;Dortmund Hbf;Verspätung aus vorheriger Fahrt
08.10.2026;22:35;ERB RB65;52356;Münster(Westf)Hbf;Rheine;0;nein;Münster (Westf) Hbf;
08.10.2026;22:35;HLB RB90;61630;Limburg(Lahn);Au (Sieg);2;nein;Geilhausen;
08.10.2026;22:35;NX RE4;26434;Dortmund Hbf;Aachen Hbf;5;nein;Aachen Schanz;
08.10.2026;22:35;RB43;14785;Herne-Wanne-Eickel Hbf;Dorsten;2;nein;Gelsenkirchen-Buer Süd;
08.10.2026;22:36;Bus RE14;68591;Borken (Westf);Essen West;;nein;Borken (Westf);
08.10.2026;22:36;NX RE4;26436;Dortmund Hbf;Aachen Hbf;34;nein;Neuss Hbf;Verspätung aus vorheriger Fahrt
08.10.2026;22:36;RB53;14964;Iserlohn;Dortmund Hbf;4;nein;Dortmund Hbf;
08.10.2026;22:36;RRB RE10;82306;Krefeld Hbf;Kleve;4;nein;Krefeld Hbf;Vorfahrt eines anderen Zuges
08.10.2026;22:36;S1;56382;Dortmund Hbf;Essen West;2;teilweise;Essen Hbf;Defekt an der Strecke
08.10.2026;22:36;TR RB26;25443;Hürth-Kalscheuren;Koblenz Hbf;24;teilweise;Bonn-Bad Godesberg;Defekt an der Oberleitung
08.10.2026;22:37;Bus RB31;62038;Moers;Xanten;0;nein;Moers;
08.10.2026;22:37;Bus S28;4223;Kaarster See;Neuss Hbf;0;nein;Neuss Hbf;
08.10.2026;22:37;ERB RB66;90615;Osnabrück Hbf;Münster(Westf)Hbf;3;nein;Kattenvenne;Verspätung eines vorausfahrenden Zuges
08.10.2026;22:37;RB RE22;10045;Kall;Gerolstein;14;nein;Schmidtheim;Verspätung eines vorausfahrenden Zuges, Verspätung aus vorheriger Fahrt
08.10.2026;22:37;RB25;10583;Lüdenscheid;Köln Hansaring;19;nein;Köln Hbf;Verspätung eines vorausfahrenden Zuges
08.10.2026;22:37;RB25;10587;Lüdenscheid;Köln Hansaring;8;nein;Ründeroth;Warten auf einen entgegenkommenden Zug
08.10.2026;22:37;RB33;10394;Aachen Hbf;Heinsberg(Rheinl);;ja;Aachen Hbf;Defekt an einem Signal
08.10.2026;22:37;RB52;14687;Dortmund Hbf;Hagen Hbf;0;nein;Dortmund Hbf;
08.10.2026;22:37;RB52;33835;Rummenohl;Lüdenscheid;3;nein;Schalksmühle;
08.10.2026;22:37;RRB RE14;89588;Essen Hbf;Bottrop Hbf;1;nein;Essen-Borbeck;
08.10.2026;22:37;S41;5043;Aachen Hbf;Hergenrath;8;nein;Aachen Hbf;
08.10.2026;22:38;RE18;18973;Eygelshoven Markt;Aachen Hbf;9;nein;Aachen West;
08.10.2026;22:38;S5;31580;Dortmund Hbf;Hagen Hbf;2;nein;Dortmund-Kruckel;
08.10.2026;22:39;Bus RE78;7929;Bielefeld Hbf;Minden(Westf);19;nein;Brake (b Bielefeld);
08.10.2026;22:39;ICE 619;619;Hamburg-Altona;München Hbf;14;nein;Dortmund Hbf;
08.10.2026;22:39;RB27;10634;Pulheim;Mönchengladbach Hbf;0;nein;Pulheim;
08.10.2026;22:40;Bus RE1;8052;Essen Hbf Kruppstraße/Am Thyssenhaus;Duisburg Hbf;;nein;Mülheim (Ruhr) Hbf;
08.10.2026;22:40;ERB RB50;89953;Münster(Westf)Hbf;Dortmund Hbf;4;nein;Münster-Amelsbüren;Verspätung eines vorausfahrenden Zuges, Verspätung aus vorheriger Fahrt
08.10.2026;22:40;RE57;14699;Messinghausen;Warburg(Westf);1;nein;Messinghausen;
08.10.2026;22:40;S23;32408;Bonn Hbf;Euskirchen;0;nein;Bonn Hbf;
08.10.2026;22:40;VIA RB91;31381;Siegen Hbf;Welschen Ennest;7;nein;Siegen Hbf;Bauarbeiten, Verspätung aus vorheriger Fahrt
08.10.2026;22:41;Bus RB89;9106;Soest;Hamm(Westf)Hbf;14;nein;Hamm-Westtünnen;
08.10.2026;22:41;Bus RE78;7865;Bielefeld Hbf;Löhne(Westf);;ja;Bielefeld Hbf;
08.10.2026;22:41;RB33;10347;Duisburg Hbf;Aachen Hbf;2;nein;Rheinhausen Ost;
08.10.2026;22:42;Bus RE1;925;Dortmund Hbf;Duisburg Hbf;;nein;Dortmund Hbf;
08.10.2026;22:42;RE22;10044;Kall;Köln Süd;;nein;Kall;
08.10.2026;22:42;RE34;26092;Hagen Hbf;Lennestadt-Altenhundem;;ja;Hagen Hbf;Bauarbeiten
08.10.2026;22:42;VIA RB34;90529;Mönchengladbach Hbf;Dalheim;1;nein;Mönchengladbach-Rheindahlen;
08.10.2026;22:43;ICE 512;512;München Hbf;Münster(Westf)Hbf;59;nein;Wuppertal Hbf;Verspätung aus vorheriger Fahrt, Umleitung
08.10.2026;22:43;RE22;10047;Köln Süd;Kall;6;nein;Erftstadt;Verspätung eines vorausfahrenden Zuges
08.10.2026;22:43;S11;33152;Neuss Hbf;Köln Messe/Deutz;2;nein;Dormagen;
08.10.2026;22:43;S2;30274;Essen Hbf;Dortmund Hbf;7;nein;Dortmund Hbf;Verspätung eines vorausfahrenden Zuges
08.10.2026;22:43;VIA RE16;31339;Iserlohn;Hagen Hbf;7;nein;Hagen Hbf;Vorfahrt eines anderen Zuges
08.10.2026;22:44;Bus EV;93901;Bad Berleburg;Aue-Wingeshausen;0;nein;Bad Berleburg;
08.10.2026;22:44;IC 2347;2347;Stuttgart Hbf;Dortmund Hbf;;ja;Bonn Hbf;Defekt an der Oberleitung
08.10.2026;22:44;NX RE1;26836;Hamm(Westf)Hbf;Aachen Hbf;31;nein;Düsseldorf Hbf;Beeinträchtigung durch Vandalismus, Verspätung aus vorheriger Fahrt
08.10.2026;22:44;RB54;14874;Menden(Sauerland);Fröndenberg;1;nein;Bösperde;
08.10.2026;22:44;S6;31642;Essen Hbf;Düsseldorf Hbf;2;nein;Ratingen Ost;
08.10.2026;22:45;Bus RE1;926;Duisburg Hbf;Dortmund Hbf;;nein;Duisburg Hbf;
08.10.2026;22:45;ERB RB73;90257;Bielefeld Ost;Lemgo-Lüttfeld;1;nein;Lage (Lippe);
08.10.2026;22:45;R S28;91774;Mettmann Stadtwald;Wuppertal Hbf;16;nein;Wuppertal-Steinbeck;Verspätung eines vorausfahrenden Zuges
08.10.2026;22:45;RRB RE10;82311;Kleve;Krefeld Hbf;5;nein;Weeze;Verspätung eines vorausfahrenden Zuges, Warten auf einen entgegenkommenden Zug
08.10.2026;22:45;S23;32409;Bad Münstereifel;Bonn Hbf;2;nein;Swisttal-Odendorf;
08.10.2026;22:45;S8;31836;Wuppertal-Oberbarmen;Düsseldorf Hbf;1;nein;Hochdahl-Millrath;
08.10.2026;22:45;S9;30976;Haltern am See;Wuppertal Hbf;2;nein;Gelsenkirchen-Hassel;
08.10.2026;22:45;WFB RE60;95791;Rheine;Minden(Westf);1;nein;Hörstel;
08.10.2026;22:46;Bus S28;2227;Düsseldorf Hbf;Mettmann Stadtwald;5;nein;Düsseldorf Hbf;
08.10.2026;22:46;ICE 526;526;München Hbf;Dortmund Hbf;13;nein;Düsseldorf Hbf;Verspätetes Personal aus vorheriger Fahrt
08.10.2026;22:46;RB38;10285;Bedburg (Erft);Horrem;1;nein;Glesch;
08.10.2026;22:46;RB38;10286;Horrem;Bedburg(Erft);0;nein;Horrem;
08.10.2026;22:46;RRB RB31;26039;Moers;Duisburg Hbf;6;nein;Duisburg Hbf;Defekt an der Strecke
08.10.2026;22:46;S19;32046;Sindorf;Hennef(Sieg);3;ja;Sindorf;Verspätung aus vorheriger Fahrt
08.10.2026;22:46;S5;31579;Witten Hbf;Dortmund Hbf;10;nein;Dortmund-Barop;Verspätung eines vorausfahrenden Zuges
08.10.2026;22:46;SBH S5;34583;Hannover Flughafen;Paderborn Hbf;2;nein;Paderborn Hbf;Vorfahrt eines anderen Zuges
08.10.2026;22:47;ERB RB61;20388;Bünde (Westf);Rheine;0;nein;Bünde (Westf);
08.10.2026;22:48;Bus RB61;6294;Bielefeld Hbf;Bünde(Westf);3;nein;Brake (b Bielefeld);
08.10.2026;22:48;NX RE1;26838;Hamm(Westf)Hbf;Aachen Hbf;26;nein;Dortmund Hbf;Vorfahrt eines anderen Zuges, Verspätung aus vorheriger Fahrt
08.10.2026;22:48;RB25;10586;Köln Hansaring;Meinerzhagen;2;nein;Hoffnungsthal;
08.10.2026;22:48;S11;33151;Köln Messe/Deutz;Neuss Hbf;22;nein;Köln-Nippes;Bauarbeiten
08.10.2026;22:48;S19;32051;Hennef (Sieg);Sindorf;1;nein;Porz-Wahn;
08.10.2026;22:48;S23;32406;Bonn Hbf;Euskirchen;2;nein;Euskirchen-Kuchenheim;
08.10.2026;22:49;Bus RB54;54036;Bahnhof, Unna;Ardey Bahnhof, Fröndenberg;;nein;Fröndenberg-Frömern;
08.10.2026;22:49;ERB RB89;91902;Paderborn Hbf;Soest;21;nein;Soest;Verspätung eines vorausfahrenden Zuges
08.10.2026;22:50;Bus RE44;64237;Oberhausen Hbf;Bottrop Hbf;0;nein;Oberhausen Hbf;
08.10.2026;22:50;ERB RE13;20094;Mönchengladbach Hbf;Venlo;34;nein;Kaldenkirchen;Vorfahrt eines anderen Zuges
08.10.2026;22:50;RB20;30038;Eschweiler-Weisweiler;Alsdorf-Annapark;0;nein;Stolberg (Rheinl) Hbf;
08.10.2026;22:50;VIA RE19;20040;Düsseldorf Hbf;Arnhem Centraal;19;teilweise;Oberhausen Hbf;Vorfahrt eines anderen Zuges
08.10.2026;22:50;VIA RE19;77040;Düsseldorf Hbf;Bocholt;19;teilweise;Oberhausen Hbf;Vorfahrt eines anderen Zuges
08.10.2026;22:51;Bus RE14;67588;Bottrop Hbf;Borken(Westf);-3;nein;Bottrop Hbf;
08.10.2026;22:51;Bus S28;4226;Neuss Hbf;Kaarster See;0;nein;Neuss Hbf;
08.10.2026;22:51;RB52;14686;Hagen Hbf;Dortmund Hbf;0;nein;Hagen Hbf;
08.10.2026;22:51;RE57;10774;Bestwig;Dortmund Hbf;6;nein;Arnsberg Oeventrop;Verspätung eines vorausfahrenden Zuges
08.10.2026;22:51;S19;32049;Hennef(Sieg);Düren;31;nein;Lövenich;Verspätung aus vorheriger Fahrt
08.10.2026;22:51;S5;31581;Hagen Hbf;Dortmund Hbf;1;nein;Hagen Hbf;
08.10.2026;22:51;VIA RB46;31484;Bochum Hbf;Gelsenkirchen Hbf;1;nein;Bochum West;
08.10.2026;22:51;WFB RE70;95838;Braunschweig Hbf;Minden (Westf);14;nein;Minden (Westf);Defekt an einem Signal
08.10.2026;22:52;ERB RB89;90038;Hamm(Westf)Hbf;Münster(Westf)Hbf;13;nein;Münster (Westf) Hbf;Bauarbeiten, Verspätung eines vorausfahrenden Zuges, Vorfahrt eines anderen Zuges, Verspätete Bereitstellung
08.10.2026;22:52;HLB RE99;15152;Gießen;Siegen Hbf;0;nein;Wilnsdorf-Rudersdorf;
08.10.2026;22:52;NX RE7;91532;Krefeld Hbf;Köln Süd;11;nein;Neuss Hbf;
08.10.2026;22:52;RB33;10344;Aachen Hbf;Duisburg Hbf;1;nein;Herzogenrath;
08.10.2026;22:52;RRB S7;90152;Solingen Hbf;Wuppertal Hbf;0;nein;Solingen Hbf;
08.10.2026;22:52;S1;56385;Essen West;Dortmund Hbf;2;teilweise;Essen West;
08.10.2026;22:53;NWB RB75;75186;Osnabrück Hbf;Bielefeld Hbf;2;nein;Bielefeld Hbf;
08.10.2026;22:53;NWB RB84;74996;Paderborn Hbf;Holzminden;0;nein;Paderborn Hbf;
08.10.2026;22:53;RB27;10643;Mönchengladbach Hbf;Pulheim;6;nein;Hochneukirch;Verspätung eines vorausfahrenden Zuges
08.10.2026;22:53;RE9;91720;Köln-Ehrenfeld;Aachen Hbf;-2;nein;Köln-Ehrenfeld;
08.10.2026;22:53;S2;30278;Essen Hbf;Dortmund Hbf;1;nein;Essen Hbf;
08.10.2026;22:53;S6;31644;Essen Hbf;Düsseldorf Hbf;1;nein;Essen Stadtwald;
08.10.2026;22:53;S8;29092;Neuss Hbf;Mönchengladbach Hbf;3;nein;Büttgen;
08.10.2026;22:54;NWB RB74;75085;Bielefeld Hbf;Paderborn Hbf;2;nein;Bielefeld-Windelsbleiche;
08.10.2026;22:54;NWB RB84;74995;Kreiensen;Paderborn Hbf;3;nein;Altenbeken;
08.10.2026;22:54;NX RE1;26841;Aachen Hbf;Dortmund Hbf;1;nein;Aachen-Rothe Erde;
08.10.2026;22:54;R S28;91710;Wuppertal Hbf;Mettmann Stadtwald;3;nein;Wuppertal-Vohwinkel;Verspätung eines vorausfahrenden Zuges
08.10.2026;22:54;RB53;14966;Iserlohn;Dortmund Hbf;1;nein;Iserlohnerheide;
08.10.2026;22:54;S1;31195;Solingen Hbf;Duisburg Hbf;9;nein;Duisburg-Rahm;Verspätung eines vorausfahrenden Zuges
08.10.2026;22:54;S6;31643;Düsseldorf Hbf;Essen Hbf;2;nein;Kettwig Stausee;
08.10.2026;22:54;S8;29099;Mönchengladbach Hbf;Neuss Hbf;1;nein;Mönchengladbach Hbf;
08.10.2026;22:55;ICE 100;100;Interlaken Ost;Dortmund Hbf;0;nein;Siegburg/Bonn;
08.10.2026;22:55;NX RE5;28538;Koblenz Hbf;Köln Messe/Deutz;0;ja;Bonn-Bad Godesberg;
08.10.2026;22:55;RB20;30039;Stolberg(Rheinl)Hbf Gl.44;Eschweiler-Weisweiler;1;nein;Aachen West;
08.10.2026;22:55;RB53;14965;Schwerte(Ruhr);Iserlohn;3;nein;Hennen;
08.10.2026;22:55;RB64;20233;Enschede;Münster(Westf)Hbf;2;nein;Ochtrup;
08.10.2026;22:55;RE2;10237;Essen Hbf;Münster(Westf)Hbf;7;nein;Herne-Wanne-Eickel Hbf;Verspätung aus vorheriger Fahrt
08.10.2026;22:55;RE9;10933;Aachen Hbf;Siegen Hbf;43;nein;Eiserfeld (Sieg);Verspätung eines vorausfahrenden Zuges, Verspätung aus vorheriger Fahrt
08.10.2026;22:55;S8;31837;Düsseldorf Hbf;Hagen Hbf;4;nein;Wuppertal-Sonnborn;
08.10.2026;22:55;S9;30979;Wuppertal Hbf;Bottrop Hbf;1;nein;Wuppertal-Steinbeck;
08.10.2026;22:56;ERB RB59;90350;Soest;Dortmund Hbf;6;nein;Dortmund Hbf;Verspätung eines vorausfahrenden Zuges
08.10.2026;22:56;NX RE7;17436;Krefeld Hbf;Hamm(Westf)Hbf;30;nein;Wuppertal Hbf;
08.10.2026;22:56;RB33;10395;Heinsberg(Rheinl);Aachen Hbf;5;ja;Lindern;Defekt an einem Signal, Verspätung eines vorausfahrenden Zuges
08.10.2026;22:56;S1;31197;Solingen Hbf;Duisburg Hbf;4;nein;Düsseldorf-Eller;
08.10.2026;22:56;S1;56386;Dortmund Hbf;Essen West;8;nein;Dortmund-Dorstfeld;Defekt an der Strecke
08.10.2026;22:56;S11;33154;Neuss Hbf;Köln Messe/Deutz;3;nein;Neuss Hbf;
08.10.2026;22:56;S4;31408;Dortmund-Lütgendortmund;Unna;2;nein;Dortmund Knappschaftskrankenhaus;
08.10.2026;22:56;S9;30973;Hagen Hbf;Recklinghausen Hbf;8;nein;Recklinghausen Hbf;
08.10.2026;22:57;ERB RB65;52359;Rheine;Münster(Westf)Hbf;1;nein;Rheine-Mesum;
08.10.2026;22:57;NX RE4;26438;Dortmund Hbf;Aachen Hbf;14;nein;Wuppertal Hbf;
08.10.2026;22:57;RB77;14584;Hildesheim Hbf;Vlotho;0;nein;Vlotho;Kurzfristige Erkrankung von Personal
08.10.2026;22:57;S4;31407;Unna;Dortmund-Lütgendortmund;2;nein;Dortmund-Wickede West;
08.10.2026;22:58;NJ 403;403;Amsterdam Centraal;Zürich HB;29;nein;Oberhausen Hbf;Verspätung eines vorausfahrenden Zuges
08.10.2026;22:58;NX RE1;26834;Hamm(Westf)Hbf;Aachen Hbf;37;nein;Stolberg (Rheinl) Hbf;Verspätung eines vorausfahrenden Zuges
08.10.2026;22:58;NX RE11;26736;Kassel-Wilhelmshöhe;Dortmund Hbf;21;nein;Hamm (Westf) Hbf;Polizeieinsatz
08.10.2026;22:58;NX RE11;26738;Kassel-Wilhelmshöhe;Hamm(Westf)Hbf;11;nein;Altenbeken;
08.10.2026;22:58;RB24;10448;Kall;Köln Süd;6;nein;Hürth-Kalscheuren;Verspätung eines vorausfahrenden Zuges
08.10.2026;22:58;RB51;14634;Dortmund Hbf;Coesfeld(Westf);17;nein;Dortmund-Kirchderne;Verspätung aus vorheriger Fahrt
08.10.2026;22:58;S1;31190;Duisburg Hbf;Solingen Hbf;5;nein;Duisburg Schlenk;
08.10.2026;22:58;S4;31410;Dortmund-Lütgendortmund;Unna;1;nein;Dortmund-Somborn;
08.10.2026;22:59;Bus RB48;4810;Köln Hbf (Breslauer Platz);Hürth-Kalscheuren;;nein;Hürth-Kalscheuren;
08.10.2026;22:59;Bus RB89;9108;Soest;Hamm(Westf)Hbf;;nein;Soest;
08.10.2026;22:59;NX RE4;26437;Aachen Hbf;Dortmund Hbf;22;nein;Wuppertal-Vohwinkel;Defekt an einem Signal
08.10.2026;22:59;S1;31188;Duisburg Hbf;Solingen Hbf;15;nein;Düsseldorf-Oberbilk;Verspätung eines vorausfahrenden Zuges
08.10.2026;22:59;VIA RB46;31485;Gelsenkirchen Hbf;Bochum Hbf;4;nein;Bochum-Riemke;
08.10.2026;23:00;RB24;10451;Köln Süd;Kall;1;nein;Hürth-Kalscheuren;
08.10.2026;23:00;RE42;10173;Essen Hbf;Münster(Westf)Hbf;5;nein;Herne-Wanne-Eickel Hbf;Verspätung aus vorheriger Fahrt
